hold time '#SHIFT#',down to down '#SHIFT#' => 'G',up to down '#SHIFT#' => 'G',hold time 'G',down to down 'G' => 'I',up to down 'G' => 'I',hold time 'I',down to down 'I' => 'G',up to down 'I' => 'G',hold time 'G',down to down 'G' => 'A',up to down 'G' => 'A',hold time 'A',down to down 'A' => 'B',up to down 'A' => 'B',hold time 'B',down to down 'B' => '#SHIFT#',up to down 'B' => '#SHIFT#',hold time '#SHIFT#',down to down '#SHIFT#' => '1',up to down '#SHIFT#' => '1',hold time '1',down to down '1' => 'T',up to down '1' => 'T',hold time 'T',down to down 'T' => '#SPACE#',up to down 'T' => '#SPACE#',hold time '#SPACE#',down to down '#SPACE#' => '#SHIFT#',up to down '#SPACE#' => '#SHIFT#',hold time '#SHIFT#',down to down '#SHIFT#' => 'R',up to down '#SHIFT#' => 'R',hold time 'R',down to down 'R' => '3',up to down 'R' => '3',hold time '3',down to down '3' => 'C',up to down '3' => 'C',hold time 'C',down to down 'C' => 'E',up to down 'C' => 'E',hold time 'E',down to down 'E' => 'I',up to down 'E' => 'I',hold time 'I',down to down 'I' => 'V',up to down 'I' => 'V',hold time 'V',down to down 'V' => 'E',up to down 'V' => 'E',hold time 'E',down to down 'E' => 'R',up to down 'E' => 'R',hold time 'R',down to down 'R' => '#ENTER#',up to down 'R' => '#ENTER#',hold time '#ENTER#'
0.172,0.125,-0.047,0.1,0.081,-0.019,0.126,0.074,-0.052,0.121,0.073,-0.048,0.118,1.583,1.465,0.098,0.039,-0.059,0.208,0.116,-0.092,0.109,0.271,0.162,0.123,0.684,0.561,0.084,0.779,0.695,0.571,0.471,-0.1,0.132,0.275,0.143,0.134,0.314,0.18,0.136,0.096,-0.04,0.12,0.182,0.062,0.126,0.068,-0.058,0.084,0.13,0.046,0.142,0.068,-0.074,0.106,0.124,0.018,0.086
0.191,0.147,-0.044,0.099,0.068,-0.031,0.115,0.084,-0.031,0.123,0.078,-0.045,0.108,0.139,0.031,0.13,0.099,-0.031,0.218,0.134,-0.084,0.108,0.226,0.118,0.096,0.13,0.034,0.126,0.05,-0.076,0.241,0.163,-0.078,0.123,0.172,0.049,0.115,0.21,0.095,0.091,0.143,0.052,0.13,0.31,0.18,0.126,0.107,-0.019,0.082,0.127,0.045,0.135,0.077,-0.058,0.104,0.096,-0.008,0.092
0.282,0.251,-0.031,0.086,0.054,-0.032,0.121,0.084,-0.037,0.124,0.071,-0.053,0.094,0.153,0.059,0.103,0.061,-0.042,0.203,0.129,-0.074,0.104,0.285,0.181,0.107,0.212,0.105,0.111,0.021,-0.09,0.247,0.213,-0.034,0.102,0.133,0.031,0.128,0.223,0.095,0.12,0.083,-0.037,0.105,0.112,0.007,0.086,0.075,-0.011,0.079,0.133,0.054,0.126,0.071,-0.055,0.092,0.128,0.036,0.12
0.301,0.24,-0.061,0.103,0.136,0.033,0.126,0.081,-0.045,0.118,0.087,-0.031,0.096,0.305,0.209,0.115,0.093,-0.022,0.225,0.137,-0.088,0.124,0.26,0.136,0.102,0.179,0.077,0.105,0.06,-0.045,0.176,0.119,-0.057,0.117,0.141,0.024,0.112,0.186,0.074,0.128,0.089,-0.039,0.102,0.088,-0.014,0.105,0.079,-0.026,0.063,0.122,0.059,0.134,0.078,-0.056,0.082,0.102,0.02,0.086
0.163,0.126,-0.037,0.091,0.072,-0.019,0.108,0.077,-0.031,0.126,0.079,-0.047,0.099,0.143,0.044,0.141,0.122,-0.019,0.216,0.121,-0.095,0.111,0.191,0.08,0.109,0.125,0.016,0.105,0.049,-0.056,0.177,0.129,-0.048,0.111,0.126,0.015,0.109,0.197,0.088,0.125,0.088,-0.037,0.1,0.115,0.015,0.097,0.055,-0.042,0.073,0.124,0.051,0.129,0.071,-0.058,0.09,0.105,0.015,0.088
0.175,0.144,-0.031,0.083,0.069,-0.014,0.098,0.076,-0.022,0.137,0.074,-0.063,0.087,0.128,0.041,0.118,0.081,-0.037,0.195,0.131,-0.064,0.1,0.198,0.098,0.094,0.117,0.023,0.108,0.057,-0.051,0.143,0.09,-0.053,0.12,0.146,0.026,0.125,0.189,0.064,0.128,0.091,-0.037,0.092,0.102,0.01,0.097,0.06,-0.037,0.089,0.14,0.051,0.127,0.081,-0.046,0.077,0.095,0.018,0.091
0.134,0.101,-0.033,0.086,0.055,-0.031,0.111,0.1,-0.011,0.103,0.061,-0.042,0.087,0.125,0.038,0.121,0.068,-0.053,0.221,0.134,-0.087,0.111,0.201,0.09,0.097,0.135,0.038,0.108,0.055,-0.053,0.158,0.098,-0.06,0.135,0.124,-0.011,0.124,0.212,0.088,0.122,0.085,-0.037,0.123,0.136,0.013,0.102,0.071,-0.031,0.078,0.14,0.062,0.128,0.086,-0.042,0.081,0.107,0.026,0.11
0.165,0.125,-0.04,0.084,0.07,-0.014,0.121,0.084,-0.037,0.124,0.071,-0.053,0.095,0.13,0.035,0.116,0.126,0.01,0.184,0.099,-0.085,0.116,0.196,0.08,0.117,0.136,0.019,0.102,0.054,-0.048,0.14,0.09,-0.05,0.138,0.252,0.114,0.115,0.228,0.113,0.104,0.062,-0.042,0.107,0.13,0.023,0.102,0.073,-0.029,0.068,0.132,0.064,0.121,0.068,-0.053,0.087,0.105,0.018,0.102
0.165,0.107,-0.058,0.105,0.081,-0.024,0.115,0.086,-0.029,0.119,0.069,-0.05,0.102,0.151,0.049,0.122,0.101,-0.021,0.211,0.124,-0.087,0.105,0.582,0.477,0.08,0.167,0.087,0.098,0.061,-0.037,0.292,0.234,-0.058,0.144,0.229,0.085,0.099,0.215,0.116,0.093,0.062,-0.031,0.112,0.125,0.013,0.103,0.052,-0.051,0.082,0.136,0.054,0.125,0.078,-0.047,0.079,0.096,0.017,0.118
0.096,0.06,-0.036,0.094,0.085,-0.009,0.116,0.077,-0.039,0.11,0.076,-0.034,0.073,0.127,0.054,0.123,0.084,-0.039,0.206,0.12,-0.086,0.103,0.203,0.1,0.104,0.135,0.031,0.11,0.058,-0.052,0.158,0.095,-0.063,0.128,0.146,0.018,0.12,0.22,0.1,0.118,0.083,-0.035,0.116,0.134,0.018,0.086,0.064,-0.022,0.077,0.141,0.064,0.144,0.086,-0.058,0.092,0.11,0.018,0.094
0.167,0.128,-0.039,0.11,0.073,-0.037,0.123,0.081,-0.042,0.111,0.06,-0.051,0.085,0.115,0.03,0.115,0.084,-0.031,0.216,0.105,-0.111,0.103,0.211,0.108,0.102,0.12,0.018,0.105,0.06,-0.045,0.411,0.139,-0.272,0.144,0.405,0.261,0.121,0.211,0.09,0.127,0.086,-0.041,0.107,0.085,-0.022,0.121,0.089,-0.032,0.074,0.133,0.059,0.134,0.073,-0.061,0.092,0.1,0.008,0.086
0.157,0.121,-0.036,0.096,0.07,-0.026,0.107,0.076,-0.031,0.107,0.063,-0.044,0.099,0.122,0.023,0.115,0.084,-0.031,0.205,0.118,-0.087,0.113,0.193,0.08,0.125,0.161,0.036,0.12,0.206,0.086,0.278,0.217,-0.061,0.102,0.13,0.028,0.112,0.195,0.083,0.125,0.088,-0.037,0.099,0.11,0.011,0.094,0.067,-0.027,0.061,0.125,0.064,0.113,0.062,-0.051,0.082,0.107,0.025,0.11
0.151,0.107,-0.044,0.089,0.065,-0.024,0.126,0.079,-0.047,0.122,0.084,-0.038,0.086,0.106,0.02,0.108,0.077,-0.031,0.258,0.126,-0.132,0.118,0.209,0.091,0.104,0.178,0.074,0.113,0.213,0.1,0.459,0.374,-0.085,0.116,0.134,0.018,0.117,0.231,0.114,0.109,0.065,-0.044,0.094,0.104,0.01,0.099,0.062,-0.037,0.069,0.117,0.048,0.127,0.066,-0.061,0.118,0.107,-0.011,0.105
0.176,0.127,-0.049,0.086,0.074,-0.012,0.119,0.097,-0.022,0.111,0.071,-0.04,0.095,0.141,0.046,0.115,0.153,0.038,0.176,0.105,-0.071,0.102,0.195,0.093,0.081,0.101,0.02,0.111,0.053,-0.058,0.161,0.095,-0.066,0.11,0.128,0.018,0.104,0.163,0.059,0.138,0.104,-0.034,0.108,0.129,0.021,0.096,0.072,-0.024,0.06,0.127,0.067,0.121,0.084,-0.037,0.073,0.091,0.018,0.091
0.151,0.12,-0.031,0.083,0.052,-0.031,0.128,0.083,-0.045,0.132,0.09,-0.042,0.092,0.109,0.017,0.121,0.126,0.005,0.223,0.128,-0.095,0.111,0.201,0.09,0.094,0.111,0.017,0.124,0.09,-0.034,0.176,0.129,-0.047,0.117,0.161,0.044,0.125,0.179,0.054,0.128,0.088,-0.04,0.1,0.118,0.018,0.094,0.062,-0.032,0.071,0.13,0.059,0.126,0.078,-0.048,0.069,0.094,0.025,0.102
0.193,0.162,-0.031,0.086,0.077,-0.009,0.111,0.079,-0.032,0.126,0.084,-0.042,0.087,0.115,0.028,0.117,0.094,-0.023,0.197,0.097,-0.1,0.116,0.198,0.082,0.081,0.115,0.034,0.105,0.028,-0.077,0.164,0.109,-0.055,0.125,0.251,0.126,0.131,0.339,0.208,0.141,0.078,-0.063,0.115,0.133,0.018,0.102,0.075,-0.027,0.082,0.141,0.059,0.126,0.07,-0.056,0.087,0.118,0.031,0.128
0.467,0.434,-0.033,0.052,0.07,0.018,0.121,0.06,-0.061,0.131,0.1,-0.031,0.102,0.156,0.054,0.128,0.089,-0.039,0.242,0.144,-0.098,0.127,0.733,0.606,0.091,0.366,0.275,0.127,0.042,-0.085,0.18,0.104,-0.076,0.115,0.138,0.023,0.107,0.187,0.08,0.136,0.102,-0.034,0.099,0.117,0.018,0.102,0.075,-0.027,0.063,0.14,0.077,0.119,0.063,-0.056,0.103,0.123,0.02,0.104
0.138,0.114,-0.024,0.089,0.073,-0.016,0.121,0.079,-0.042,0.122,0.068,-0.054,0.1,0.118,0.018,0.128,0.08,-0.048,0.206,0.114,-0.092,0.105,0.193,0.088,0.094,0.31,0.216,0.115,0.052,-0.063,0.187,0.124,-0.063,0.107,0.126,0.019,0.109,0.181,0.072,0.131,0.099,-0.032,0.107,0.096,-0.011,0.1,0.079,-0.021,0.074,0.135,0.061,0.123,0.068,-0.055,0.087,0.105,0.018,0.109
0.182,0.14,-0.042,0.081,0.096,0.015,0.1,0.055,-0.045,0.127,0.087,-0.04,0.118,0.136,0.018,0.109,0.145,0.036,0.245,0.158,-0.087,0.119,0.219,0.1,0.102,0.146,0.044,0.117,0.081,-0.036,0.16,0.1,-0.06,0.12,0.154,0.034,0.109,0.151,0.042,0.151,0.106,-0.045,0.11,0.13,0.02,0.089,0.065,-0.024,0.098,0.151,0.053,0.124,0.063,-0.061,0.116,0.134,0.018,0.117
0.162,0.13,-0.032,0.092,0.07,-0.022,0.113,0.079,-0.034,0.121,0.076,-0.045,0.089,0.12,0.031,0.122,0.101,-0.021,0.219,0.114,-0.105,0.091,0.187,0.096,0.092,0.138,0.046,0.102,0.07,-0.032,0.15,0.095,-0.055,0.107,0.125,0.018,0.113,0.174,0.061,0.123,0.096,-0.027,0.129,0.147,0.018,0.099,0.08,-0.019,0.076,0.133,0.057,0.118,0.07,-0.048,0.092,0.11,0.018,0.089
0.223,0.151,-0.072,0.103,0.136,0.033,0.098,0.047,-0.051,0.126,0.102,-0.024,0.09,0.249,0.159,0.108,0.044,-0.064,0.235,0.135,-0.1,0.116,0.219,0.103,0.096,0.129,0.033,0.111,0.082,-0.029,0.404,0.333,-0.071,0.118,0.239,0.121,0.115,0.2,0.085,0.122,0.088,-0.034,0.097,0.125,0.028,0.081,0.06,-0.021,0.073,0.138,0.065,0.115,0.078,-0.037,0.073,0.059,-0.014,0.095
0.117,0.094,-0.023,0.096,0.082,-0.014,0.114,0.072,-0.042,0.118,0.065,-0.053,0.108,0.123,0.015,0.111,0.058,-0.053,0.195,0.132,-0.063,0.089,0.169,0.08,0.075,0.106,0.031,0.105,0.036,-0.069,0.151,0.096,-0.055,0.131,0.119,-0.012,0.111,0.17,0.059,0.133,0.102,-0.031,0.091,0.104,0.013,0.097,0.06,-0.037,0.081,0.143,0.062,0.11,0.062,-0.048,0.098,0.081,-0.017,0.1
0.15,0.119,-0.031,0.083,0.067,-0.016,0.116,0.084,-0.032,0.113,0.068,-0.045,0.095,0.113,0.018,0.104,0.065,-0.039,0.223,0.137,-0.086,0.102,0.192,0.09,0.107,0.13,0.023,0.106,0.037,-0.069,0.154,0.095,-0.059,0.105,0.136,0.031,0.128,0.177,0.049,0.13,0.096,-0.034,0.075,0.096,0.021,0.097,0.068,-0.029,0.081,0.14,0.059,0.105,0.063,-0.042,0.073,0.101,0.028,0.071
0.172,0.133,-0.039,0.113,0.091,-0.022,0.113,0.091,-0.022,0.103,0.072,-0.031,0.073,0.124,0.051,0.111,0.06,-0.051,0.202,0.121,-0.081,0.095,0.185,0.09,0.104,0.127,0.023,0.115,0.084,-0.031,0.35,0.281,-0.069,0.11,0.146,0.036,0.11,0.208,0.098,0.12,0.096,-0.024,0.1,0.123,0.023,0.104,0.079,-0.025,0.08,0.142,0.062,0.126,0.065,-0.061,0.103,0.121,0.018,0.099
0.156,0.127,-0.029,0.076,0.084,0.008,0.099,0.067,-0.032,0.127,0.082,-0.045,0.084,0.101,0.017,0.108,0.078,-0.03,0.204,0.112,-0.092,0.113,0.203,0.09,0.096,0.158,0.062,0.102,0.063,-0.039,0.252,0.189,-0.063,0.099,0.156,0.057,0.112,0.2,0.088,0.125,0.093,-0.032,0.094,0.133,0.039,0.081,0.062,-0.019,0.077,0.135,0.058,0.11,0.076,-0.034,0.066,0.12,0.054,0.083
0.177,0.156,-0.021,0.06,0.038,-0.022,0.111,0.094,-0.017,0.12,0.09,-0.03,0.094,0.075,-0.019,0.126,0.095,-0.031,0.22,0.129,-0.091,0.1,0.195,0.095,0.08,0.101,0.021,0.113,0.066,-0.047,0.158,0.11,-0.048,0.118,0.125,0.007,0.108,0.162,0.054,0.133,0.101,-0.032,0.092,0.08,-0.012,0.095,0.079,-0.016,0.073,0.135,0.062,0.128,0.097,-0.031,0.055,0.07,0.015,0.094
0.185,0.153,-0.032,0.092,0.063,-0.029,0.114,0.098,-0.016,0.122,0.085,-0.037,0.083,0.135,0.052,0.118,0.068,-0.05,0.229,0.121,-0.108,0.087,0.175,0.088,0.078,0.093,0.015,0.105,0.039,-0.066,0.143,0.096,-0.047,0.118,0.122,0.004,0.097,0.154,0.057,0.125,0.096,-0.029,0.084,0.091,0.007,0.105,0.088,-0.017,0.069,0.133,0.064,0.119,0.055,-0.064,0.108,0.126,0.018,0.091
0.18,0.146,-0.034,0.079,0.052,-0.027,0.129,0.094,-0.035,0.113,0.079,-0.034,0.097,0.14,0.043,0.124,0.069,-0.055,0.194,0.108,-0.086,0.1,0.18,0.08,0.088,0.101,0.013,0.103,0.037,-0.066,0.153,0.092,-0.061,0.113,0.131,0.018,0.112,0.176,0.064,0.12,0.076,-0.044,0.112,0.103,-0.009,0.105,0.079,-0.026,0.074,0.127,0.053,0.118,0.076,-0.042,0.082,0.097,0.015,0.096
0.151,0.109,-0.042,0.086,0.078,-0.008,0.108,0.074,-0.034,0.123,0.068,-0.055,0.102,0.148,0.046,0.122,0.048,-0.074,0.195,0.126,-0.069,0.093,0.164,0.071,0.107,0.138,0.031,0.11,0.049,-0.061,0.498,0.442,-0.056,0.102,0.12,0.018,0.104,0.153,0.049,0.12,0.086,-0.034,0.079,0.094,0.015,0.097,0.078,-0.019,0.057,0.124,0.067,0.106,0.055,-0.051,0.082,0.1,0.018,0.104
0.167,0.125,-0.042,0.102,0.086,-0.016,0.116,0.082,-0.034,0.128,0.07,-0.058,0.1,0.149,0.049,0.113,0.073,-0.04,0.205,0.132,-0.073,0.105,0.197,0.092,0.076,0.097,0.021,0.118,0.017,-0.101,0.205,0.136,-0.069,0.11,0.118,0.008,0.11,0.199,0.089,0.118,0.101,-0.017,0.101,0.137,0.036,0.085,0.069,-0.016,0.077,0.141,0.064,0.131,0.068,-0.063,0.102,0.113,0.011,0.078
0.17,0.136,-0.034,0.075,0.059,-0.016,0.102,0.081,-0.021,0.124,0.081,-0.043,0.084,0.1,0.016,0.102,0.062,-0.04,0.215,0.129,-0.086,0.098,0.188,0.09,0.088,0.132,0.044,0.105,0.034,-0.071,0.193,0.129,-0.064,0.139,0.183,0.044,0.125,0.207,0.082,0.11,0.091,-0.019,0.113,0.147,0.034,0.096,0.065,-0.031,0.081,0.132,0.051,0.121,0.081,-0.04,0.1,0.108,0.008,0.117
0.18,0.152,-0.028,0.094,0.08,-0.014,0.103,0.063,-0.04,0.114,0.061,-0.053,0.092,0.128,0.036,0.112,0.06,-0.052,0.195,0.111,-0.084,0.075,0.158,0.083,0.078,0.099,0.021,0.11,0.045,-0.065,0.139,0.084,-0.055,0.118,0.096,-0.022,0.113,0.155,0.042,0.122,0.093,-0.029,0.081,0.099,0.018,0.108,0.079,-0.029,0.075,0.132,0.057,0.118,0.073,-0.045,0.087,0.115,0.028,0.123
0.135,0.106,-0.029,0.081,0.093,0.012,0.103,0.071,-0.032,0.115,0.079,-0.036,0.083,0.101,0.018,0.116,0.084,-0.032,0.258,0.126,-0.132,0.111,0.212,0.101,0.092,0.122,0.03,0.116,0.047,-0.069,0.201,0.143,-0.058,0.115,0.125,0.01,0.097,0.156,0.059,0.128,0.097,-0.031,0.091,0.109,0.018,0.105,0.078,-0.027,0.058,0.125,0.067,0.11,0.06,-0.05,0.089,0.127,0.038,0.071
0.162,0.131,-0.031,0.078,0.049,-0.029,0.102,0.083,-0.019,0.135,0.095,-0.04,0.128,0.177,0.049,0.115,0.06,-0.055,0.269,0.147,-0.122,0.108,0.274,0.166,0.096,0.143,0.047,0.115,0.32,0.205,0.153,0.084,-0.069,0.115,0.134,0.019,0.112,0.158,0.046,0.128,0.096,-0.032,0.087,0.094,0.007,0.089,0.068,-0.021,0.068,0.137,0.069,0.116,0.074,-0.042,0.078,0.096,0.018,0.118
0.148,0.117,-0.031,0.101,0.114,0.013,0.105,0.068,-0.037,0.11,0.068,-0.042,0.108,0.136,0.028,0.105,0.057,-0.048,0.203,0.116,-0.087,0.114,0.193,0.079,0.102,0.187,0.085,0.113,0.039,-0.074,0.248,0.163,-0.085,0.124,0.139,0.015,0.097,0.158,0.061,0.128,0.089,-0.039,0.094,0.112,0.018,0.091,0.073,-0.018,0.073,0.135,0.062,0.118,0.073,-0.045,0.086,0.104,0.018,0.116
0.342,0.311,-0.031,0.094,0.085,-0.009,0.135,0.069,-0.066,0.137,0.097,-0.04,0.102,0.081,-0.021,0.123,0.095,-0.028,0.241,0.131,-0.11,0.119,0.193,0.074,0.099,0.12,0.021,0.121,0.057,-0.064,0.172,0.144,-0.028,0.077,0.096,0.019,0.125,0.163,0.038,0.136,0.096,-0.04,0.1,0.113,0.013,0.117,0.057,-0.06,0.084,0.133,0.049,0.123,0.091,-0.032,0.055,0.073,0.018,0.104
0.152,0.107,-0.045,0.091,0.08,-0.011,0.127,0.082,-0.045,0.124,0.082,-0.042,0.091,0.143,0.052,0.123,0.073,-0.05,0.226,0.129,-0.097,0.086,0.169,0.083,0.089,0.158,0.069,0.11,0.099,-0.011,0.171,0.114,-0.057,0.102,0.14,0.038,0.138,0.213,0.075,0.136,0.112,-0.024,0.084,0.094,0.01,0.113,0.081,-0.032,0.073,0.135,0.062,0.126,0.073,-0.053,0.089,0.11,0.021,0.097
0.153,0.125,-0.028,0.088,0.077,-0.011,0.119,0.084,-0.035,0.113,0.071,-0.042,0.115,0.144,0.029,0.115,0.078,-0.037,0.2,0.116,-0.084,0.103,0.197,0.094,0.11,0.282,0.172,0.109,-0.157,-0.266,0.329,0.277,-0.052,0.107,0.141,0.034,0.099,0.148,0.049,0.133,0.106,-0.027,0.084,0.102,0.018,0.097,0.066,-0.031,0.086,0.142,0.056,0.119,0.076,-0.043,0.076,0.102,0.026,0.11
0.177,0.143,-0.034,0.094,0.086,-0.008,0.11,0.079,-0.031,0.118,0.076,-0.042,0.097,0.12,0.023,0.12,0.073,-0.047,0.237,0.121,-0.116,0.108,0.183,0.075,0.104,0.166,0.062,0.11,0.079,-0.031,0.194,0.144,-0.05,0.118,0.251,0.133,0.1,0.146,0.046,0.123,0.099,-0.024,0.11,0.138,0.028,0.117,0.099,-0.018,0.058,0.125,0.067,0.123,0.086,-0.037,0.071,0.117,0.046,0.109
0.232,0.175,-0.057,0.091,0.109,0.018,0.132,0.06,-0.072,0.119,0.087,-0.032,0.108,0.208,0.1,0.11,0.058,-0.052,0.184,0.118,-0.066,0.097,0.2,0.103,0.097,0.127,0.03,0.105,0.063,-0.042,0.144,0.097,-0.047,0.099,0.128,0.029,0.091,0.14,0.049,0.123,0.111,-0.012,0.098,0.116,0.018,0.102,0.07,-0.032,0.079,0.141,0.062,0.115,0.075,-0.04,0.071,0.094,0.023,0.096
0.162,0.102,-0.06,0.089,0.107,0.018,0.123,0.057,-0.066,0.129,0.098,-0.031,0.078,0.099,0.021,0.115,0.081,-0.034,0.179,0.115,-0.064,0.097,0.164,0.067,0.105,0.158,0.053,0.108,0.053,-0.055,0.187,0.142,-0.045,0.099,0.135,0.036,0.113,0.143,0.03,0.116,0.12,0.004,0.105,0.141,0.036,0.104,0.086,-0.018,0.073,0.13,0.057,0.129,0.073,-0.056,0.1,0.118,0.018,0.094
0.159,0.128,-0.031,0.099,0.088,-0.011,0.121,0.071,-0.05,0.121,0.079,-0.042,0.115,0.141,0.026,0.116,0.044,-0.072,0.213,0.135,-0.078,0.092,0.159,0.067,0.094,0.111,0.017,0.101,0.03,-0.071,0.16,0.108,-0.052,0.118,0.096,-0.022,0.118,0.167,0.049,0.149,0.117,-0.032,0.103,0.118,0.015,0.092,0.052,-0.04,0.089,0.138,0.049,0.128,0.078,-0.05,0.095,0.123,0.028,0.083
0.253,0.206,-0.047,0.094,0.107,0.013,0.099,0.068,-0.031,0.11,0.073,-0.037,0.094,0.112,0.018,0.108,0.071,-0.037,0.247,0.131,-0.116,0.085,0.809,0.724,0.101,0.176,0.075,0.107,0.041,-0.066,0.159,0.101,-0.058,0.099,0.138,0.039,0.112,0.148,0.036,0.138,0.099,-0.039,0.089,0.096,0.007,0.095,0.063,-0.032,0.079,0.139,0.06,0.119,0.08,-0.039,0.071,0.096,0.025,0.105
0.175,0.149,-0.026,0.078,0.086,0.008,0.115,0.068,-0.047,0.118,0.065,-0.053,0.092,0.11,0.018,0.116,0.063,-0.053,0.169,0.095,-0.074,0.1,0.169,0.069,0.073,0.104,0.031,0.121,0.058,-0.063,0.136,0.087,-0.049,0.123,0.14,0.017,0.102,0.151,0.049,0.119,0.123,0.004,0.107,0.148,0.041,0.115,0.354,0.239,0.099,0.228,0.129,0.108,0.058,-0.05,0.081,0.12,0.039,0.099
0.256,0.201,-0.055,0.1,0.118,0.018,0.11,0.062,-0.048,0.116,0.077,-0.039,0.091,0.119,0.028,0.116,0.071,-0.045,0.21,0.108,-0.102,0.119,0.196,0.077,0.07,0.129,0.059,0.097,0.056,-0.041,0.17,0.139,-0.031,0.096,0.132,0.036,0.097,0.153,0.056,0.123,0.111,-0.012,0.103,0.121,0.018,0.092,0.068,-0.024,0.086,0.143,0.057,0.11,0.076,-0.034,0.091,0.117,0.026,0.11
0.178,0.128,-0.05,0.104,0.088,-0.016,0.108,0.094,-0.014,0.1,0.068,-0.032,0.095,0.115,0.02,0.11,0.063,-0.047,0.245,0.108,-0.137,0.113,0.211,0.098,0.095,0.125,0.03,0.118,0.221,0.103,0.207,0.139,-0.068,0.097,0.13,0.033,0.112,0.262,0.15,0.122,0.14,0.018,0.165,0.293,0.128,0.099,0.133,0.034,0.065,0.124,0.059,0.131,0.084,-0.047,0.092,0.117,0.025,0.089
0.212,0.178,-0.034,0.102,0.119,0.017,0.108,0.055,-0.053,0.132,0.098,-0.034,0.115,0.132,0.017,0.108,0.068,-0.04,0.185,0.124,-0.061,0.092,0.21,0.118,0.105,0.146,0.041,0.095,0.021,-0.074,0.16,0.11,-0.05,0.131,0.157,0.026,0.146,0.19,0.044,0.136,0.104,-0.032,0.118,0.109,-0.009,0.077,0.082,0.005,0.052,0.111,0.059,0.129,0.07,-0.059,0.095,0.136,0.041,0.105
0.189,0.158,-0.031,0.096,0.082,-0.014,0.121,0.087,-0.034,0.116,0.079,-0.037,0.086,0.104,0.018,0.102,0.057,-0.045,0.177,0.111,-0.066,0.087,0.323,0.236,0.108,0.197,0.089,0.1,0.063,-0.037,0.2,0.16,-0.04,0.11,0.146,0.036,0.083,0.364,0.281,0.154,0.107,-0.047,0.115,0.13,0.015,0.094,0.063,-0.031,0.091,0.125,0.034,0.133,0.083,-0.05,0.082,0.107,0.025,0.107
0.214,0.175,-0.039,0.094,0.112,0.018,0.108,0.063,-0.045,0.129,0.097,-0.032,0.084,0.128,0.044,0.099,0.046,-0.053,0.208,0.098,-0.11,0.122,0.201,0.079,0.081,0.114,0.033,0.101,0.027,-0.074,0.155,0.103,-0.052,0.099,0.12,0.021,0.109,0.161,0.052,0.138,0.109,-0.029,0.125,0.086,-0.039,0.131,0.109,-0.022,0.079,0.149,0.07,0.126,0.081,-0.045,0.081,0.127,0.046,0.107
0.34,0.298,-0.042,0.078,0.096,0.018,0.108,0.068,-0.04,0.116,0.092,-0.024,0.078,0.096,0.018,0.113,0.091,-0.022,0.317,0.145,-0.172,0.146,0.285,0.139,0.102,0.238,0.136,0.092,0.063,-0.029,0.148,0.079,-0.069,0.126,0.156,0.03,0.121,0.205,0.084,0.149,0.107,-0.042,0.118,0.099,-0.019,0.113,0.089,-0.024,0.068,0.132,0.064,0.124,0.063,-0.061,0.098,0.11,0.012,0.094
0.237,0.182,-0.055,0.094,0.112,0.018,0.113,0.063,-0.05,0.113,0.074,-0.039,0.089,0.122,0.033,0.105,0.076,-0.029,0.19,0.1,-0.09,0.075,0.164,0.089,0.078,0.109,0.031,0.105,0.042,-0.063,0.153,0.087,-0.066,0.105,0.123,0.018,0.099,0.15,0.051,0.115,0.094,-0.021,0.11,0.128,0.018,0.089,0.067,-0.022,0.074,0.136,0.062,0.121,0.06,-0.061,0.1,0.12,0.02,0.105
0.19,0.159,-0.031,0.092,0.065,-0.027,0.113,0.099,-0.014,0.097,0.071,-0.026,0.086,0.11,0.024,0.123,0.07,-0.053,0.179,0.095,-0.084,0.105,0.18,0.075,0.081,0.099,0.018,0.102,0.025,-0.077,0.146,0.096,-0.05,0.123,0.104,-0.019,0.105,0.162,0.057,0.11,0.122,0.012,0.086,0.021,-0.065,0.117,0.15,0.033,0.063,0.135,0.072,0.118,0.057,-0.061,0.108,0.126,0.018,0.086
0.198,0.172,-0.026,0.083,0.098,0.015,0.114,0.066,-0.048,0.105,0.074,-0.031,0.094,0.135,0.041,0.123,0.062,-0.061,0.187,0.114,-0.073,0.095,0.177,0.082,0.078,0.111,0.033,0.098,0.019,-0.079,0.139,0.098,-0.041,0.114,0.137,0.023,0.1,0.167,0.067,0.14,0.109,-0.031,0.105,0.115,0.01,0.083,0.07,-0.013,0.084,0.143,0.059,0.11,0.057,-0.053,0.092,0.118,0.026,0.097
0.153,0.14,-0.013,0.074,0.081,0.007,0.108,0.076,-0.032,0.1,0.068,-0.032,0.079,0.151,0.072,0.102,0.047,-0.055,0.181,0.108,-0.073,0.094,0.156,0.062,0.089,0.107,0.018,0.1,0.02,-0.08,0.14,0.098,-0.042,0.108,0.118,0.01,0.104,0.156,0.052,0.112,0.132,0.02,0.089,0.029,-0.06,0.133,0.171,0.038,0.047,0.125,0.078,0.115,0.075,-0.04,0.068,0.127,0.059,0.126
0.209,0.178,-0.031,0.078,0.056,-0.022,0.119,0.092,-0.027,0.108,0.076,-0.032,0.102,0.156,0.054,0.1,0.065,-0.035,0.243,0.129,-0.114,0.13,0.379,0.249,0.107,0.182,0.075,0.118,0.065,-0.053,0.156,0.1,-0.056,0.11,0.128,0.018,0.115,0.154,0.039,0.122,0.091,-0.031,0.092,0.099,0.007,0.086,0.065,-0.021,0.071,0.122,0.051,0.116,0.065,-0.051,0.095,0.083,-0.012,0.09
0.251,0.217,-0.034,0.083,0.098,0.015,0.108,0.05,-0.058,0.119,0.079,-0.04,0.094,0.135,0.041,0.095,0.042,-0.053,0.177,0.106,-0.071,0.099,0.161,0.062,0.076,0.104,0.028,0.106,0.018,-0.088,0.156,0.106,-0.05,0.115,0.094,-0.021,0.121,0.177,0.056,0.134,0.115,-0.019,0.094,0.112,0.018,0.089,0.063,-0.026,0.073,0.137,0.064,0.132,0.063,-0.069,0.1,0.11,0.01,0.092
0.217,0.167,-0.05,0.104,0.088,-0.016,0.121,0.082,-0.039,0.113,0.073,-0.04,0.095,0.138,0.043,0.113,0.055,-0.058,0.192,0.103,-0.089,0.11,0.178,0.068,0.078,0.118,0.04,0.112,0.03,-0.082,0.171,0.1,-0.071,0.118,0.089,-0.029,0.113,0.18,0.067,0.107,0.072,-0.035,0.121,0.113,-0.008,0.102,0.065,-0.037,0.092,0.151,0.059,0.116,0.065,-0.051,0.1,0.118,0.018,0.096
0.151,0.135,-0.016,0.066,0.084,0.018,0.107,0.073,-0.034,0.115,0.081,-0.034,0.097,0.125,0.028,0.112,0.081,-0.031,0.242,0.142,-0.1,0.113,0.196,0.083,0.078,0.109,0.031,0.105,0.028,-0.077,0.172,0.096,-0.076,0.129,0.107,-0.022,0.102,0.229,0.127,0.14,0.122,-0.018,0.118,0.141,0.023,0.099,0.08,-0.019,0.08,0.133,0.053,0.131,0.079,-0.052,0.094,0.112,0.018,0.102
0.202,0.151,-0.051,0.103,0.079,-0.024,0.123,0.084,-0.039,0.105,0.063,-0.042,0.118,0.146,0.028,0.113,0.044,-0.069,0.216,0.129,-0.087,0.101,0.18,0.079,0.063,0.096,0.033,0.093,0.016,-0.077,0.525,0.494,-0.031,0.112,0.13,0.018,0.097,0.158,0.061,0.131,0.107,-0.024,0.1,0.088,-0.012,0.111,0.077,-0.034,0.079,0.135,0.056,0.126,0.075,-0.051,0.082,0.113,0.031,0.099
0.175,0.133,-0.042,0.083,0.062,-0.021,0.127,0.095,-0.032,0.105,0.06,-0.045,0.1,0.146,0.046,0.113,0.029,-0.084,0.2,0.116,-0.084,0.105,0.185,0.08,0.078,0.096,0.018,0.114,0.018,-0.096,0.18,0.117,-0.063,0.11,0.086,-0.024,0.137,0.175,0.038,0.138,0.107,-0.031,0.089,0.078,-0.011,0.113,0.086,-0.027,0.071,0.143,0.072,0.116,0.06,-0.056,0.087,0.113,0.026,0.088
0.222,0.171,-0.051,0.097,0.086,-0.011,0.111,0.081,-0.03,0.114,0.072,-0.042,0.102,0.132,0.03,0.108,0.058,-0.05,0.222,0.116,-0.106,0.092,0.19,0.098,0.076,0.112,0.036,0.113,0.021,-0.092,0.156,0.108,-0.048,0.118,0.101,-0.017,0.124,0.168,0.044,0.125,0.093,-0.032,0.103,0.086,-0.017,0.11,0.087,-0.023,0.073,0.135,0.062,0.118,0.068,-0.05,0.081,0.102,0.021,0.115
0.159,0.131,-0.028,0.075,0.088,0.013,0.107,0.066,-0.041,0.115,0.078,-0.037,0.092,0.12,0.028,0.115,0.073,-0.042,0.222,0.108,-0.114,0.102,0.188,0.086,0.068,0.109,0.041,0.092,0.023,-0.069,0.167,0.088,-0.079,0.113,0.128,0.015,0.107,0.174,0.067,0.12,0.08,-0.04,0.113,0.121,0.008,0.094,0.055,-0.039,0.089,0.137,0.048,0.116,0.063,-0.053,0.103,0.12,0.017,0.097
0.161,0.112,-0.049,0.094,0.073,-0.021,0.128,0.092,-0.036,0.12,0.073,-0.047,0.086,0.109,0.023,0.121,0.073,-0.048,0.195,0.109,-0.086,0.102,0.192,0.09,0.078,0.107,0.029,0.1,0.028,-0.072,0.164,0.109,-0.055,0.105,0.123,0.018,0.107,0.161,0.054,0.127,0.083,-0.044,0.109,0.127,0.018,0.081,0.065,-0.016,0.082,0.146,0.064,0.124,0.052,-0.072,0.106,0.133,0.027,0.105
0.149,0.096,-0.053,0.103,0.079,-0.024,0.118,0.089,-0.029,0.129,0.071,-0.058,0.092,0.117,0.025,0.124,0.066,-0.058,0.197,0.095,-0.102,0.091,0.179,0.088,0.068,0.107,0.039,0.094,0.15,0.056,0.189,0.118,-0.071,0.103,0.118,0.015,0.091,0.166,0.075,0.127,0.088,-0.039,0.097,0.117,0.02,0.084,0.092,0.008,0.065,0.127,0.062,0.118,0.062,-0.056,0.103,0.121,0.018,0.125
0.196,0.165,-0.031,0.075,0.085,0.01,0.097,0.071,-0.026,0.115,0.081,-0.034,0.094,0.12,0.026,0.107,0.076,-0.031,0.215,0.115,-0.1,0.092,0.188,0.096,0.075,0.101,0.026,0.108,0.023,-0.085,0.17,0.13,-0.04,0.125,0.109,-0.016,0.108,0.175,0.067,0.135,0.088,-0.047,0.1,0.112,0.012,0.1,0.063,-0.037,0.081,0.143,0.062,0.129,0.063,-0.066,0.102,0.091,-0.011,0.113
0.149,0.117,-0.032,0.084,0.065,-0.019,0.124,0.079,-0.045,0.116,0.076,-0.04,0.102,0.12,0.018,0.107,0.079,-0.028,0.194,0.095,-0.099,0.086,0.192,0.106,0.075,0.093,0.018,0.111,0.058,-0.053,0.14,0.09,-0.05,0.118,0.094,-0.024,0.113,0.164,0.051,0.136,0.101,-0.035,0.089,0.115,0.026,0.081,0.088,0.007,0.066,0.135,0.069,0.121,0.058,-0.063,0.107,0.099,-0.008,0.134
0.183,0.151,-0.032,0.074,0.084,0.01,0.105,0.052,-0.053,0.126,0.089,-0.037,0.076,0.094,0.018,0.118,0.086,-0.032,0.2,0.116,-0.084,0.102,0.185,0.083,0.076,0.096,0.02,0.113,0.034,-0.079,0.145,0.098,-0.047,0.123,0.109,-0.014,0.118,0.167,0.049,0.13,0.094,-0.036,0.099,0.109,0.01,0.1,0.066,-0.034,0.078,0.132,0.054,0.121,0.068,-0.053,0.137,0.092,-0.045,0.118
0.434,0.366,-0.068,0.115,0.102,-0.013,0.113,0.081,-0.032,0.134,0.097,-0.037,0.123,0.308,0.185,0.108,0.053,-0.055,0.234,0.15,-0.084,0.103,0.195,0.092,0.091,0.12,0.029,0.111,0.018,-0.093,0.153,0.108,-0.045,0.11,0.091,-0.019,0.108,0.178,0.07,0.12,0.085,-0.035,0.1,0.118,0.018,0.091,0.057,-0.034,0.076,0.132,0.056,0.132,0.061,-0.071,0.121,0.089,-0.032,0.139
0.23,0.178,-0.052,0.097,0.114,0.017,0.095,0.042,-0.053,0.124,0.079,-0.045,0.079,0.107,0.028,0.097,0.066,-0.031,0.215,0.115,-0.1,0.113,0.196,0.083,0.067,0.09,0.023,0.119,0.032,-0.087,0.158,0.109,-0.049,0.123,0.091,-0.032,0.129,0.19,0.061,0.12,0.078,-0.042,0.097,0.11,0.013,0.099,0.071,-0.028,0.073,0.129,0.056,0.113,0.063,-0.05,0.102,0.078,-0.024,0.108
0.143,0.094,-0.049,0.099,0.078,-0.021,0.132,0.079,-0.053,0.121,0.071,-0.05,0.094,0.12,0.026,0.115,0.063,-0.052,0.179,0.1,-0.079,0.108,0.174,0.066,0.094,0.125,0.031,0.116,0.031,-0.085,0.151,0.104,-0.047,0.094,0.102,0.008,0.101,0.148,0.047,0.123,0.088,-0.035,0.094,0.112,0.018,0.108,0.076,-0.032,0.079,0.135,0.056,0.113,0.065,-0.048,0.1,0.092,-0.008,0.105
0.165,0.128,-0.037,0.076,0.057,-0.019,0.108,0.086,-0.022,0.111,0.074,-0.037,0.086,0.107,0.021,0.11,0.068,-0.042,0.235,0.116,-0.119,0.11,0.18,0.07,0.094,0.13,0.036,0.097,0.026,-0.071,0.172,0.103,-0.069,0.102,0.118,0.016,0.117,0.161,0.044,0.133,0.086,-0.047,0.104,0.122,0.018,0.092,0.07,-0.022,0.079,0.138,0.059,0.113,0.071,-0.042,0.105,0.088,-0.017,0.118
0.195,0.169,-0.026,0.089,0.077,-0.012,0.117,0.075,-0.042,0.102,0.06,-0.042,0.105,0.122,0.017,0.111,0.082,-0.029,0.242,0.113,-0.129,0.108,0.229,0.121,0.089,0.454,0.365,0.108,0.074,-0.034,0.171,0.076,-0.095,0.127,0.134,0.007,0.115,0.174,0.059,0.141,0.107,-0.034,0.107,0.136,0.029,0.096,0.072,-0.024,0.087,0.138,0.051,0.148,0.076,-0.072,0.113,0.154,0.041,0.115
0.149,0.099,-0.05,0.094,0.107,0.013,0.113,0.07,-0.043,0.111,0.079,-0.032,0.113,0.144,0.031,0.106,0.085,-0.021,0.237,0.148,-0.089,0.105,0.18,0.075,0.078,0.108,0.03,0.122,0.042,-0.08,0.167,0.098,-0.069,0.119,0.134,0.015,0.117,0.313,0.196,0.096,0.259,0.163,0.13,0.158,0.028,0.108,0.084,-0.024,0.078,0.137,0.059,0.116,0.058,-0.058,0.102,0.094,-0.008,0.123
0.183,0.138,-0.045,0.094,0.078,-0.016,0.127,0.089,-0.038,0.101,0.058,-0.043,0.095,0.198,0.103,0.112,0.073,-0.039,0.216,0.105,-0.111,0.103,0.219,0.116,0.073,0.114,0.041,0.11,0.068,-0.042,0.142,0.089,-0.053,0.108,0.167,0.059,0.073,0.41,0.337,0.151,0.114,-0.037,0.116,0.157,0.041,0.112,0.081,-0.031,0.097,0.15,0.053,0.137,0.069,-0.068,0.105,0.117,0.012,0.103
0.185,0.138,-0.047,0.102,0.091,-0.011,0.146,0.087,-0.059,0.124,0.092,-0.032,0.105,0.187,0.082,0.084,0.052,-0.032,0.208,0.113,-0.095,0.108,0.171,0.063,0.093,0.111,0.018,0.108,0.057,-0.051,0.165,0.088,-0.077,0.11,0.128,0.018,0.091,0.176,0.085,0.125,0.099,-0.026,0.115,0.133,0.018,0.097,0.07,-0.027,0.076,0.133,0.057,0.129,0.068,-0.061,0.095,0.105,0.01,0.096
0.214,0.188,-0.026,0.104,0.143,0.039,0.12,0.182,0.062,0.125,0.161,0.036,0.138,0.313,0.175,0.095,0.46,0.365,0.199,0.123,-0.076,0.102,0.223,0.121,0.092,0.14,0.048,0.105,0.056,-0.049,0.145,0.089,-0.056,0.097,0.12,0.023,0.104,0.161,0.057,0.118,0.101,-0.017,0.1,0.068,-0.032,0.124,0.092,-0.032,0.068,0.137,0.069,0.121,0.081,-0.04,0.076,0.095,0.019,0.101
0.154,0.094,-0.06,0.091,0.099,0.008,0.123,0.068,-0.055,0.124,0.081,-0.043,0.097,0.144,0.047,0.126,0.081,-0.045,0.245,0.115,-0.13,0.116,0.207,0.091,0.097,0.115,0.018,0.11,0.049,-0.061,0.156,0.087,-0.069,0.103,0.126,0.023,0.107,0.156,0.049,0.138,0.096,-0.042,0.123,0.111,-0.012,0.119,0.085,-0.034,0.065,0.135,0.07,0.137,0.057,-0.08,0.119,0.134,0.015,0.094
0.186,0.146,-0.04,0.089,0.115,0.026,0.113,0.055,-0.058,0.123,0.084,-0.039,0.104,0.125,0.021,0.126,0.076,-0.05,0.179,0.105,-0.074,0.105,0.162,0.057,0.099,0.114,0.015,0.108,0.037,-0.071,0.137,0.09,-0.047,0.11,0.13,0.02,0.131,0.2,0.069,0.117,0.099,-0.018,0.102,0.13,0.028,0.084,0.058,-0.026,0.078,0.15,0.072,0.1,0.06,-0.04,0.1,0.118,0.018,0.112
0.196,0.17,-0.026,0.078,0.091,0.013,0.107,0.068,-0.039,0.121,0.073,-0.048,0.11,0.136,0.026,0.112,0.078,-0.034,0.251,0.118,-0.133,0.121,0.248,0.127,0.107,0.226,0.119,0.117,0.403,0.286,0.218,0.159,-0.059,0.098,0.277,0.179,0.123,0.221,0.098,0.136,0.107,-0.029,0.107,0.125,0.018,0.092,0.06,-0.032,0.068,0.125,0.057,0.115,0.07,-0.045,0.113,0.082,-0.031,0.097
0.324,0.287,-0.037,0.091,0.078,-0.013,0.113,0.077,-0.036,0.112,0.07,-0.042,0.097,0.11,0.013,0.105,0.068,-0.037,0.16,0.095,-0.065,0.097,0.176,0.079,0.081,0.099,0.018,0.1,0.065,-0.035,0.15,0.113,-0.037,0.128,0.192,0.064,0.128,0.19,0.062,0.142,0.11,-0.032,0.107,0.091,-0.016,0.092,0.07,-0.022,0.079,0.135,0.056,0.121,0.066,-0.055,0.092,0.11,0.018,0.091
0.161,0.122,-0.039,0.099,0.08,-0.019,0.119,0.082,-0.037,0.108,0.071,-0.037,0.102,0.117,0.015,0.11,0.066,-0.044,0.171,0.102,-0.069,0.108,0.18,0.072,0.078,0.096,0.018,0.1,0.044,-0.056,0.127,0.079,-0.048,0.121,0.1,-0.021,0.118,0.169,0.051,0.118,0.133,0.015,0.093,0.031,-0.062,0.133,0.161,0.028,0.076,0.135,0.059,0.142,0.07,-0.072,0.121,0.142,0.021,0.094
0.196,0.157,-0.039,0.086,0.067,-0.019,0.116,0.084,-0.032,0.121,0.089,-0.032,0.066,0.107,0.041,0.134,0.071,-0.063,0.215,0.126,-0.089,0.111,0.19,0.079,0.097,0.115,0.018,0.116,0.044,-0.072,0.143,0.085,-0.058,0.108,0.126,0.018,0.115,0.151,0.036,0.125,0.096,-0.029,0.121,0.112,-0.009,0.129,0.081,-0.048,0.098,0.149,0.051,0.134,0.06,-0.074,0.113,0.131,0.018,0.107
0.196,0.141,-0.055,0.104,0.091,-0.013,0.126,0.089,-0.037,0.113,0.079,-0.034,0.107,0.213,0.106,0.094,0.047,-0.047,0.181,0.105,-0.076,0.105,0.169,0.064,0.089,0.11,0.021,0.124,0.044,-0.08,0.138,0.093,-0.045,0.094,0.112,0.018,0.123,0.169,0.046,0.131,0.099,-0.032,0.118,0.099,-0.019,0.135,0.079,-0.056,0.087,0.13,0.043,0.132,0.076,-0.056,0.087,0.105,0.018,0.109
0.18,0.143,-0.037,0.091,0.078,-0.013,0.137,0.084,-0.053,0.119,0.077,-0.042,0.089,0.13,0.041,0.12,0.075,-0.045,0.172,0.087,-0.085,0.108,0.25,0.142,0.086,0.173,0.087,0.105,0.058,-0.047,0.158,0.098,-0.06,0.107,0.125,0.018,0.117,0.181,0.064,0.128,0.097,-0.031,0.105,0.086,-0.019,0.105,0.078,-0.027,0.084,0.159,0.075,0.144,0.078,-0.066,0.111,0.129,0.018,0.112
0.13,0.099,-0.031,0.096,0.079,-0.017,0.14,0.084,-0.056,0.122,0.088,-0.034,0.123,0.184,0.061,0.139,0.097,-0.042,0.311,0.213,-0.098,0.108,0.208,0.1,0.1,0.11,0.01,0.112,0.071,-0.041,0.155,0.099,-0.056,0.108,0.128,0.02,0.123,0.161,0.038,0.123,0.099,-0.024,0.116,0.097,-0.019,0.105,0.073,-0.032,0.079,0.141,0.062,0.118,0.057,-0.061,0.119,0.131,0.012,0.078
0.187,0.135,-0.052,0.097,0.085,-0.012,0.122,0.085,-0.037,0.105,0.066,-0.039,0.107,0.13,0.023,0.115,0.071,-0.044,0.181,0.1,-0.081,0.113,0.159,0.046,0.089,0.109,0.02,0.119,0.047,-0.072,0.156,0.095,-0.061,0.113,0.121,0.008,0.104,0.161,0.057,0.12,0.093,-0.027,0.103,0.128,0.025,0.092,0.066,-0.026,0.073,0.135,0.062,0.123,0.062,-0.061,0.108,0.115,0.007,0.1
0.204,0.162,-0.042,0.094,0.104,0.01,0.116,0.061,-0.055,0.131,0.089,-0.042,0.084,0.114,0.03,0.123,0.089,-0.034,0.153,0.08,-0.073,0.105,0.189,0.084,0.094,0.514,0.42,0.102,0.052,-0.05,0.156,0.108,-0.048,0.105,0.123,0.018,0.128,0.189,0.061,0.136,0.107,-0.029,0.123,0.102,-0.021,0.123,0.092,-0.031,0.112,0.174,0.062,0.129,0.07,-0.059,0.106,0.124,0.018,0.122
0.15,0.14,-0.01,0.079,0.037,-0.042,0.133,0.105,-0.028,0.118,0.07,-0.048,0.113,0.131,0.018,0.107,0.076,-0.031,0.305,0.21,-0.095,0.121,0.201,0.08,0.099,0.127,0.028,0.105,0.047,-0.058,0.161,0.095,-0.066,0.111,0.121,0.01,0.104,0.166,0.062,0.123,0.102,-0.021,0.083,0.06,-0.023,0.115,0.083,-0.032,0.071,0.141,0.07,0.118,0.062,-0.056,0.09,0.099,0.009,0.09
0.154,0.107,-0.047,0.079,0.086,0.007,0.119,0.06,-0.059,0.116,0.074,-0.042,0.089,0.107,0.018,0.115,0.076,-0.039,0.169,0.097,-0.072,0.105,0.177,0.072,0.068,0.111,0.043,0.111,0.035,-0.076,0.153,0.095,-0.058,0.113,0.096,-0.017,0.118,0.17,0.052,0.125,0.091,-0.034,0.084,0.099,0.015,0.118,0.073,-0.045,0.076,0.141,0.065,0.118,0.065,-0.053,0.113,0.099,-0.014,0.118
0.183,0.125,-0.058,0.11,0.084,-0.026,0.134,0.097,-0.037,0.105,0.073,-0.032,0.09,0.094,0.004,0.121,0.089,-0.032,0.19,0.097,-0.093,0.114,0.176,0.062,0.091,0.127,0.036,0.108,0.046,-0.062,0.144,0.085,-0.059,0.097,0.108,0.011,0.112,0.171,0.059,0.112,0.076,-0.036,0.12,0.109,-0.011,0.118,0.087,-0.031,0.076,0.127,0.051,0.123,0.073,-0.05,0.097,0.11,0.013,0.099
0.212,0.157,-0.055,0.091,0.075,-0.016,0.127,0.081,-0.046,0.126,0.113,-0.013,0.12,0.223,0.103,0.113,0.184,0.071,0.279,0.192,-0.087,0.115,0.208,0.093,0.112,0.131,0.019,0.102,0.06,-0.042,0.272,0.11,-0.162,0.15,0.254,0.104,0.152,0.265,0.113,0.13,0.093,-0.037,0.102,0.084,-0.018,0.105,0.073,-0.032,0.081,0.138,0.057,0.123,0.06,-0.063,0.097,0.081,-0.016,0.097
0.211,0.177,-0.034,0.092,0.068,-0.024,0.118,0.086,-0.032,0.129,0.084,-0.045,0.1,0.11,0.01,0.115,0.086,-0.029,0.179,0.09,-0.089,0.113,0.172,0.059,0.081,0.107,0.026,0.118,0.044,-0.074,0.151,0.103,-0.048,0.105,0.091,-0.014,0.118,0.19,0.072,0.126,0.136,0.01,0.027,0.063,0.036,0.095,0.099,0.004,0.073,0.137,0.064,0.129,0.065,-0.064,0.119,0.105,-0.014,0.118
0.191,0.154,-0.037,0.097,0.08,-0.017,0.121,0.09,-0.031,0.11,0.071,-0.039,0.12,0.164,0.044,0.125,0.096,-0.029,0.203,0.124,-0.079,0.102,0.164,0.062,0.092,0.109,0.017,0.098,0.029,-0.069,0.148,0.087,-0.061,0.118,0.136,0.018,0.134,0.211,0.077,0.135,0.096,-0.039,0.104,0.112,0.008,0.097,0.07,-0.027,0.076,0.132,0.056,0.129,0.071,-0.058,0.095,0.076,-0.019,0.1
0.24,0.204,-0.036,0.07,0.08,0.01,0.126,0.065,-0.061,0.122,0.082,-0.04,0.11,0.164,0.054,0.125,0.091,-0.034,0.169,0.092,-0.077,0.108,0.183,0.075,0.099,0.125,0.026,0.113,0.054,-0.059,0.161,0.095,-0.066,0.103,0.089,-0.014,0.113,0.165,0.052,0.13,0.096,-0.034,0.128,0.159,0.031,0.099,0.068,-0.031,0.086,0.148,0.062,0.142,0.063,-0.079,0.137,0.097,-0.04,0.118
0.28,0.23,-0.05,0.092,0.102,0.01,0.099,0.06,-0.039,0.132,0.087,-0.045,0.115,0.123,0.008,0.104,0.123,0.019,0.157,0.072,-0.085,0.116,0.193,0.077,0.097,0.125,0.028,0.106,0.042,-0.064,0.153,0.1,-0.053,0.108,0.141,0.033,0.073,0.124,0.051,0.175,0.11,-0.065,0.143,0.393,0.25,0.105,0.065,-0.04,0.095,0.113,0.018,0.144,0.088,-0.056,0.111,0.121,0.01,0.099
0.17,0.144,-0.026,0.073,0.081,0.008,0.107,0.07,-0.037,0.116,0.071,-0.045,0.123,0.166,0.043,0.103,0.061,-0.042,0.195,0.121,-0.074,0.105,0.174,0.069,0.094,0.112,0.018,0.1,0.047,-0.053,0.14,0.084,-0.056,0.116,0.092,-0.024,0.134,0.744,0.61,0.122,0.073,-0.049,0.135,0.116,-0.019,0.147,0.237,0.09,0.097,0.166,0.069,0.135,0.058,-0.077,0.129,0.115,-0.014,0.105
0.167,0.136,-0.031,0.081,0.091,0.01,0.128,0.073,-0.055,0.113,0.076,-0.037,0.089,0.104,0.015,0.111,0.055,-0.056,0.164,0.085,-0.079,0.118,0.201,0.083,0.067,0.085,0.018,0.119,0.042,-0.077,0.143,0.095,-0.048,0.116,0.084,-0.032,0.115,0.167,0.052,0.13,0.093,-0.037,0.1,0.113,0.013,0.083,0.072,-0.011,0.063,0.127,0.064,0.124,0.055,-0.069,0.126,0.102,-0.024,0.113
0.185,0.151,-0.034,0.081,0.062,-0.019,0.119,0.087,-0.032,0.116,0.071,-0.045,0.094,0.112,0.018,0.113,0.063,-0.05,0.171,0.09,-0.081,0.113,0.192,0.079,0.084,0.122,0.038,0.1,0.024,-0.076,0.247,0.187,-0.06,0.113,0.133,0.02,0.131,0.187,0.056,0.136,0.102,-0.034,0.133,0.117,-0.016,0.103,0.073,-0.03,0.069,0.133,0.064,0.105,0.049,-0.056,0.098,0.118,0.02,0.113
0.182,0.151,-0.031,0.08,0.072,-0.008,0.111,0.084,-0.027,0.116,0.074,-0.042,0.081,0.099,0.018,0.097,0.055,-0.042,0.205,0.092,-0.113,0.124,0.198,0.074,0.087,0.105,0.018,0.099,0.044,-0.055,0.142,0.077,-0.065,0.133,0.117,-0.016,0.118,0.195,0.077,0.128,0.084,-0.044,0.109,0.096,-0.013,0.113,0.081,-0.032,0.071,0.122,0.051,0.127,0.05,-0.077,0.116,0.129,0.013,0.117
0.219,0.182,-0.037,0.091,0.068,-0.023,0.112,0.083,-0.029,0.124,0.079,-0.045,0.113,0.159,0.046,0.123,0.076,-0.047,0.187,0.108,-0.079,0.102,0.187,0.085,0.081,0.115,0.034,0.109,0.125,0.016,0.186,0.125,-0.061,0.097,0.146,0.049,0.133,0.311,0.178,0.13,0.078,-0.052,0.123,0.109,-0.014,0.103,0.108,0.005,0.059,0.121,0.062,0.132,0.081,-0.051,0.097,0.073,-0.024,0.116
0.336,0.243,-0.093,0.119,0.137,0.018,0.131,0.06,-0.071,0.132,0.09,-0.042,0.107,0.163,0.056,0.115,0.101,-0.014,0.228,0.143,-0.085,0.116,0.19,0.074,0.094,0.117,0.023,0.106,0.043,-0.063,0.166,0.1,-0.066,0.112,0.138,0.026,0.107,0.169,0.062,0.146,0.114,-0.032,0.128,0.097,-0.031,0.136,0.109,-0.027,0.066,0.13,0.064,0.137,0.055,-0.082,0.113,0.134,0.021,0.101
0.151,0.119,-0.032,0.097,0.065,-0.032,0.124,0.095,-0.029,0.121,0.076,-0.045,0.091,0.135,0.044,0.11,0.066,-0.044,0.181,0.095,-0.086,0.105,0.365,0.26,0.096,0.163,0.067,0.102,0.068,-0.034,0.205,0.16,-0.045,0.11,0.141,0.031,0.138,0.187,0.049,0.133,0.091,-0.042,0.11,0.083,-0.027,0.097,0.086,-0.011,0.074,0.133,0.059,0.097,0.055,-0.042,0.094,0.12,0.026,0.115
0.144,0.096,-0.048,0.105,0.089,-0.016,0.134,0.076,-0.058,0.119,0.077,-0.042,0.104,0.143,0.039,0.11,0.06,-0.05,0.179,0.095,-0.084,0.115,0.175,0.06,0.091,0.111,0.02,0.125,0.042,-0.083,0.143,0.098,-0.045,0.114,0.118,0.004,0.115,0.149,0.034,0.128,0.106,-0.022,0.105,0.083,-0.022,0.135,0.103,-0.032,0.084,0.133,0.049,0.125,0.075,-0.05,0.095,0.128,0.033,0.089
0.183,0.141,-0.042,0.081,0.073,-0.008,0.121,0.071,-0.05,0.126,0.097,-0.029,0.112,0.156,0.044,0.105,0.07,-0.035,0.2,0.106,-0.094,0.141,0.17,0.029,0.083,0.103,0.02,0.113,0.066,-0.047,0.145,0.066,-0.079,0.111,0.123,0.012,0.118,0.164,0.046,0.128,0.099,-0.029,0.097,0.08,-0.017,0.111,0.087,-0.024,0.082,0.138,0.056,0.121,0.06,-0.061,0.105,0.123,0.018,0.107
0.149,0.112,-0.037,0.086,0.099,0.013,0.113,0.063,-0.05,0.113,0.068,-0.045,0.086,0.112,0.026,0.108,0.062,-0.046,0.179,0.09,-0.089,0.111,0.154,0.043,0.1,0.118,0.018,0.117,0.075,-0.042,0.127,0.064,-0.063,0.12,0.146,0.026,0.12,0.189,0.069,0.133,0.091,-0.042,0.118,0.107,-0.011,0.113,0.089,-0.024,0.089,0.133,0.044,0.126,0.055,-0.071,0.139,0.123,-0.016,0.128
0.196,0.138,-0.058,0.1,0.086,-0.014,0.121,0.084,-0.037,0.118,0.079,-0.039,0.123,0.259,0.136,0.107,0.251,0.144,0.197,0.121,-0.076,0.11,0.2,0.09,0.086,0.104,0.018,0.105,0.034,-0.071,0.171,0.106,-0.065,0.115,0.141,0.026,0.122,0.166,0.044,0.154,0.122,-0.032,0.105,0.115,0.01,0.114,0.045,-0.069,0.1,0.144,0.044,0.12,0.075,-0.045,0.087,0.141,0.054,0.112
0.191,0.152,-0.039,0.086,0.101,0.015,0.137,0.06,-0.077,0.122,0.085,-0.037,0.11,0.141,0.031,0.121,0.076,-0.045,0.179,0.111,-0.068,0.102,0.161,0.059,0.091,0.247,0.156,0.107,-0.115,-0.222,0.335,0.25,-0.085,0.111,0.178,0.067,0.11,0.166,0.056,0.152,0.13,-0.022,0.105,0.089,-0.016,0.157,0.123,-0.034,0.089,0.141,0.052,0.115,0.068,-0.047,0.097,0.117,0.02,0.102
0.212,0.159,-0.053,0.094,0.102,0.008,0.102,0.065,-0.037,0.132,0.079,-0.053,0.11,0.179,0.069,0.119,0.064,-0.055,0.176,0.121,-0.055,0.088,0.163,0.075,0.078,0.109,0.031,0.105,0.06,-0.045,0.164,0.103,-0.061,0.105,0.156,0.051,0.149,0.208,0.059,0.141,0.096,-0.045,0.113,0.123,0.01,0.105,0.06,-0.045,0.078,0.138,0.06,0.118,0.063,-0.055,0.089,0.124,0.035,0.095
0.17,0.12,-0.05,0.092,0.068,-0.024,0.121,0.092,-0.029,0.116,0.065,-0.051,0.105,0.125,0.02,0.124,0.092,-0.032,0.166,0.082,-0.084,0.11,0.172,0.062,0.112,0.151,0.039,0.115,0.08,-0.035,0.161,0.108,-0.053,0.105,0.123,0.018,0.107,0.156,0.049,0.136,0.104,-0.032,0.115,0.083,-0.032,0.145,0.12,-0.025,0.082,0.146,0.064,0.137,0.076,-0.061,0.095,0.115,0.02,0.125
0.164,0.133,-0.031,0.068,0.078,0.01,0.102,0.065,-0.037,0.121,0.071,-0.05,0.115,0.141,0.026,0.131,0.102,-0.029,0.181,0.097,-0.084,0.111,0.17,0.059,0.096,0.196,0.1,0.121,0.082,-0.039,0.775,0.731,-0.044,0.094,0.199,0.105,0.131,0.229,0.098,0.141,0.091,-0.05,0.122,0.114,-0.008,0.105,0.071,-0.034,0.084,0.133,0.049,0.142,0.078,-0.064,0.126,0.082,-0.044,0.11
0.17,0.128,-0.042,0.084,0.094,0.01,0.115,0.065,-0.05,0.121,0.076,-0.045,0.103,0.118,0.015,0.11,0.086,-0.024,0.197,0.1,-0.097,0.113,0.172,0.059,0.076,0.102,0.026,0.116,0.039,-0.077,0.156,0.111,-0.045,0.092,0.138,0.046,0.112,0.148,0.036,0.133,0.096,-0.037,0.12,0.099,-0.021,0.102,0.086,-0.016,0.074,0.125,0.051,0.126,0.079,-0.047,0.079,0.104,0.025,0.102
0.282,0.24,-0.042,0.091,0.138,0.047,0.11,0.044,-0.066,0.113,0.126,0.013,0.115,0.133,0.018,0.112,0.532,0.42,0.236,0.137,-0.099,0.117,0.228,0.111,0.094,0.119,0.025,0.108,0.081,-0.027,0.226,0.155,-0.071,0.116,0.126,0.01,0.102,0.164,0.062,0.13,0.096,-0.034,0.097,0.11,0.013,0.089,0.057,-0.032,0.078,0.14,0.062,0.124,0.06,-0.064,0.106,0.094,-0.012,0.1
0.183,0.138,-0.045,0.081,0.062,-0.019,0.127,0.095,-0.032,0.113,0.074,-0.039,0.118,0.122,0.004,0.1,0.081,-0.019,0.185,0.1,-0.085,0.116,0.19,0.074,0.089,0.125,0.036,0.108,0.063,-0.045,0.171,0.097,-0.074,0.129,0.188,0.059,0.131,0.256,0.125,0.129,0.105,-0.024,0.149,0.175,0.026,0.104,0.085,-0.019,0.085,0.141,0.056,0.139,0.065,-0.074,0.122,0.092,-0.03,0.132
0.351,0.322,-0.029,0.07,0.08,0.01,0.117,0.066,-0.051,0.115,0.081,-0.034,0.1,0.146,0.046,0.107,0.06,-0.047,0.173,0.084,-0.089,0.1,0.159,0.059,0.073,0.105,0.032,0.096,0.052,-0.044,0.155,0.11,-0.045,0.1,0.117,0.017,0.107,0.141,0.034,0.138,0.101,-0.037,0.123,0.107,-0.016,0.092,0.073,-0.019,0.069,0.128,0.059,0.112,0.07,-0.042,0.089,0.1,0.011,0.101
0.481,0.452,-0.029,0.071,0.057,-0.014,0.135,0.074,-0.061,0.122,0.074,-0.048,0.105,0.138,0.033,0.108,0.055,-0.053,0.153,0.095,-0.058,0.092,0.444,0.352,0.092,0.292,0.2,0.084,0.058,-0.026,0.157,0.1,-0.057,0.099,0.117,0.018,0.115,0.146,0.031,0.13,0.088,-0.042,0.113,0.104,-0.009,0.097,0.066,-0.031,0.081,0.13,0.049,0.123,0.068,-0.055,0.084,0.11,0.026,0.096
0.182,0.146,-0.036,0.086,0.067,-0.019,0.119,0.082,-0.037,0.105,0.055,-0.05,0.099,0.117,0.018,0.097,0.055,-0.042,0.219,0.103,-0.116,0.097,0.165,0.068,0.1,0.104,0.004,0.092,0.044,-0.048,0.174,0.113,-0.061,0.106,0.116,0.01,0.099,0.163,0.064,0.151,0.099,-0.052,0.128,0.143,0.015,0.079,0.083,0.004,0.074,0.128,0.054,0.128,0.073,-0.055,0.097,0.118,0.021,0.102
0.176,0.135,-0.041,0.094,0.068,-0.026,0.117,0.088,-0.029,0.114,0.063,-0.051,0.1,0.131,0.031,0.105,0.063,-0.042,0.219,0.102,-0.117,0.102,0.178,0.076,0.092,0.106,0.014,0.11,0.074,-0.036,0.119,0.071,-0.048,0.118,0.216,0.098,0.099,0.214,0.115,0.123,0.089,-0.034,0.11,0.128,0.018,0.118,0.086,-0.032,0.084,0.145,0.061,0.113,0.063,-0.05,0.105,0.123,0.018,0.099
0.203,0.172,-0.031,0.094,0.11,0.016,0.121,0.06,-0.061,0.118,0.079,-0.039,0.102,0.135,0.033,0.119,0.047,-0.072,0.18,0.124,-0.056,0.108,0.205,0.097,0.11,0.128,0.018,0.105,0.058,-0.047,0.184,0.123,-0.061,0.1,0.151,0.051,0.128,0.164,0.036,0.138,0.101,-0.037,0.129,0.092,-0.037,0.118,0.086,-0.032,0.084,0.138,0.054,0.116,0.052,-0.064,0.095,0.133,0.038,0.113
0.188,0.141,-0.047,0.104,0.096,-0.008,0.124,0.082,-0.042,0.118,0.06,-0.058,0.11,0.159,0.049,0.124,0.055,-0.069,0.224,0.116,-0.108,0.122,0.219,0.097,0.078,0.124,0.046,0.111,0.032,-0.079,0.172,0.111,-0.061,0.092,0.11,0.018,0.091,0.217,0.126,0.086,0.06,-0.026,0.139,0.13,-0.009,0.113,0.193,0.08,0.128,0.243,0.115,0.142,0.1,-0.042,0.115,0.133,0.018,0.086
0.239,0.157,-0.082,0.134,0.112,-0.022,0.116,0.09,-0.026,0.15,0.086,-0.064,0.11,0.126,0.016,0.108,0.112,0.004,0.267,0.139,-0.128,0.113,0.204,0.091,0.118,0.146,0.028,0.12,0.086,-0.034,0.226,0.158,-0.068,0.12,0.149,0.029,0.107,0.166,0.059,0.183,0.146,-0.037,0.102,0.091,-0.011,0.113,0.073,-0.04,0.079,0.146,0.067,0.105,0.052,-0.053,0.11,0.082,-0.028,0.088
0.259,0.201,-0.058,0.092,0.099,0.007,0.105,0.073,-0.032,0.129,0.09,-0.039,0.115,0.138,0.023,0.055,0.543,0.488,0.22,0.12,-0.1,0.111,0.185,0.074,0.103,0.11,0.007,0.1,0.066,-0.034,0.176,0.102,-0.074,0.121,0.139,0.018,0.12,0.704,0.584,0.144,0.104,-0.04,0.131,0.144,0.013,0.118,0.068,-0.05,0.089,0.135,0.046,0.148,0.065,-0.083,0.119,0.103,-0.016,0.102
0.202,0.162,-0.04,0.076,0.057,-0.019,0.121,0.084,-0.037,0.123,0.084,-0.039,0.073,0.099,0.026,0.118,0.063,-0.055,0.174,0.089,-0.085,0.111,0.17,0.059,0.083,0.104,0.021,0.113,0.068,-0.045,0.155,0.095,-0.06,0.125,0.114,-0.011,0.113,0.172,0.059,0.157,0.175,0.018,0.123,0.138,0.015,0.137,0.089,-0.048,0.121,0.167,0.046,0.139,0.068,-0.071,0.126,0.118,-0.008,0.118
0.212,0.146,-0.066,0.103,0.081,-0.022,0.116,0.084,-0.032,0.129,0.082,-0.047,0.094,0.112,0.018,0.116,0.063,-0.053,0.184,0.105,-0.079,0.105,0.154,0.049,0.097,0.104,0.007,0.126,0.05,-0.076,0.167,0.103,-0.064,0.1,0.131,0.031,0.112,0.153,0.041,0.141,0.106,-0.035,0.116,0.084,-0.032,0.115,0.084,-0.031,0.086,0.14,0.054,0.127,0.058,-0.069,0.1,0.118,0.018,0.083
0.186,0.141,-0.045,0.094,0.063,-0.031,0.128,0.099,-0.029,0.116,0.071,-0.045,0.087,0.092,0.005,0.112,0.081,-0.031,0.222,0.095,-0.127,0.113,0.194,0.081,0.097,0.132,0.035,0.105,0.063,-0.042,0.156,0.092,-0.064,0.108,0.126,0.018,0.094,0.4,0.306,0.143,0.094,-0.049,0.117,0.135,0.018,0.102,0.085,-0.017,0.088,0.141,0.053,0.135,0.071,-0.064,0.118,0.1,-0.018,0.086
0.188,0.146,-0.042,0.089,0.075,-0.014,0.129,0.082,-0.047,0.115,0.078,-0.037,0.079,0.102,0.023,0.095,0.034,-0.061,0.214,0.124,-0.09,0.121,0.178,0.057,0.086,0.103,0.017,0.112,0.022,-0.09,0.161,0.108,-0.053,0.123,0.099,-0.024,0.124,0.165,0.041,0.141,0.109,-0.032,0.107,0.078,-0.029,0.126,0.105,-0.021,0.086,0.15,0.064,0.122,0.061,-0.061,0.113,0.136,0.023,0.094
0.162,0.13,-0.032,0.07,0.049,-0.021,0.136,0.102,-0.034,0.129,0.092,-0.037,0.089,0.107,0.018,0.112,0.084,-0.028,0.747,0.634,-0.113,0.092,0.216,0.124,0.099,0.191,0.092,0.1,0.063,-0.037,0.318,0.26,-0.058,0.116,0.2,0.084,0.105,0.179,0.074,0.139,0.099,-0.04,0.092,0.102,0.01,0.087,0.052,-0.035,0.081,0.14,0.059,0.114,0.055,-0.059,0.116,0.089,-0.027,0.111
0.183,0.138,-0.045,0.092,0.063,-0.029,0.142,0.112,-0.03,0.114,0.066,-0.048,0.102,0.086,-0.016,0.129,0.09,-0.039,0.213,0.119,-0.094,0.11,0.169,0.059,0.091,0.109,0.018,0.105,0.07,-0.035,0.15,0.09,-0.06,0.105,0.148,0.043,0.11,0.172,0.062,0.125,0.104,-0.021,0.084,0.094,0.01,0.136,0.081,-0.055,0.087,0.159,0.072,0.129,0.057,-0.072,0.111,0.132,0.021,0.109
0.245,0.214,-0.031,0.065,0.075,0.01,0.11,0.06,-0.05,0.124,0.095,-0.029,0.099,0.12,0.021,0.117,0.094,-0.023,0.273,0.181,-0.092,0.11,0.2,0.09,0.108,0.125,0.017,0.116,0.068,-0.048,0.143,0.087,-0.056,0.108,0.133,0.025,0.105,0.154,0.049,0.135,0.104,-0.031,0.086,0.07,-0.016,0.126,0.092,-0.034,0.071,0.15,0.079,0.108,0.036,-0.072,0.104,0.122,0.018,0.109
0.225,0.175,-0.05,0.086,0.065,-0.021,0.097,0.078,-0.019,0.132,0.082,-0.05,0.105,0.153,0.048,0.113,0.077,-0.036,0.205,0.12,-0.085,0.113,0.178,0.065,0.094,0.117,0.023,0.115,0.063,-0.052,0.176,0.105,-0.071,0.11,0.146,0.036,0.11,0.177,0.067,0.117,0.077,-0.04,0.113,0.128,0.015,0.094,0.058,-0.036,0.086,0.156,0.07,0.118,0.057,-0.061,0.108,0.092,-0.016,0.123
0.161,0.12,-0.041,0.08,0.072,-0.008,0.121,0.082,-0.039,0.136,0.097,-0.039,0.081,0.099,0.018,0.12,0.089,-0.031,0.226,0.094,-0.132,0.121,0.207,0.086,0.086,0.135,0.049,0.107,0.052,-0.055,0.143,0.087,-0.056,0.11,0.157,0.047,0.109,0.173,0.064,0.173,0.136,-0.037,0.134,0.149,0.015,0.107,0.073,-0.034,0.084,0.132,0.048,0.142,0.081,-0.061,0.116,0.09,-0.026,0.099
0.232,0.201,-0.031,0.097,0.109,0.012,0.106,0.045,-0.061,0.132,0.079,-0.053,0.123,0.159,0.036,0.123,0.063,-0.06,0.184,0.11,-0.074,0.106,0.172,0.066,0.079,0.099,0.02,0.116,0.063,-0.053,0.179,0.105,-0.074,0.111,0.128,0.017,0.11,0.157,0.047,0.135,0.096,-0.039,0.096,0.112,0.016,0.102,0.063,-0.039,0.068,0.132,0.064,0.102,0.065,-0.037,0.071,0.102,0.031,0.114
0.199,0.167,-0.032,0.073,0.091,0.018,0.121,0.063,-0.058,0.121,0.084,-0.037,0.133,0.37,0.237,0.094,0.341,0.247,0.184,0.108,-0.076,0.105,0.192,0.087,0.073,0.088,0.015,0.109,0.029,-0.08,0.151,0.098,-0.053,0.113,0.123,0.01,0.107,0.148,0.041,0.128,0.084,-0.044,0.112,0.104,-0.008,0.105,0.073,-0.032,0.073,0.133,0.06,0.118,0.054,-0.064,0.095,0.134,0.039,0.094
0.18,0.141,-0.039,0.083,0.065,-0.018,0.128,0.084,-0.044,0.118,0.063,-0.055,0.106,0.11,0.004,0.107,0.076,-0.031,1.536,1.436,-0.1,0.113,0.218,0.105,0.097,0.184,0.087,0.106,0.056,-0.05,0.158,0.1,-0.058,0.112,0.151,0.039,0.12,0.184,0.064,0.133,0.086,-0.047,0.117,0.104,-0.013,0.105,0.063,-0.042,0.076,0.135,0.059,0.124,0.065,-0.059,0.095,0.111,0.016,0.088
0.292,0.258,-0.034,0.073,0.091,0.018,0.126,0.052,-0.074,0.116,0.085,-0.031,0.084,0.101,0.017,0.111,0.061,-0.05,0.171,0.092,-0.079,0.11,0.182,0.072,0.071,0.091,0.02,0.129,0.05,-0.079,0.145,0.098,-0.047,0.117,0.146,0.029,0.138,0.195,0.057,0.138,0.098,-0.04,0.111,0.126,0.015,0.089,0.054,-0.035,0.082,0.136,0.054,0.134,0.073,-0.061,0.116,0.089,-0.027,0.126
0.209,0.153,-0.056,0.11,0.128,0.018,0.121,0.079,-0.042,0.131,0.089,-0.042,0.094,0.081,-0.013,0.13,0.1,-0.03,0.228,0.131,-0.097,0.108,0.203,0.095,0.084,0.119,0.035,0.103,0.053,-0.05,0.174,0.11,-0.064,0.105,0.152,0.047,0.125,0.197,0.072,0.122,0.088,-0.034,0.131,0.149,0.018,0.095,0.052,-0.043,0.095,0.146,0.051,0.126,0.073,-0.053,0.121,0.102,-0.019,0.1
0.241,0.198,-0.043,0.1,0.088,-0.012,0.108,0.069,-0.039,0.129,0.087,-0.042,0.105,0.08,-0.025,0.124,0.11,-0.014,0.237,0.124,-0.113,0.102,0.211,0.109,0.073,0.593,0.52,0.078,0.05,-0.028,0.192,0.126,-0.066,0.108,0.146,0.038,0.117,0.171,0.054,0.133,0.091,-0.042,0.091,0.083,-0.008,0.1,0.081,-0.019,0.061,0.12,0.059,0.129,0.057,-0.072,0.137,0.09,-0.047,0.097
0.264,0.217,-0.047,0.078,0.096,0.018,0.103,0.058,-0.045,0.126,0.081,-0.045,0.095,0.115,0.02,0.1,0.034,-0.066,0.182,0.108,-0.074,0.095,0.188,0.093,0.099,0.168,0.069,0.097,0.073,-0.024,0.179,0.126,-0.053,0.102,0.12,0.018,0.102,0.153,0.051,0.165,0.113,-0.052,0.114,0.1,-0.014,0.14,0.077,-0.063,0.087,0.122,0.035,0.124,0.056,-0.068,0.102,0.12,0.018,0.091
0.203,0.158,-0.045,0.097,0.11,0.013,0.11,0.057,-0.053,0.116,0.071,-0.045,0.09,0.107,0.017,0.121,0.068,-0.053,0.166,0.093,-0.073,0.105,0.177,0.072,0.062,0.098,0.036,0.113,0.081,-0.032,0.1,0.053,-0.047,0.112,0.101,-0.011,0.124,0.17,0.046,0.136,0.099,-0.037,0.094,0.07,-0.024,0.127,0.087,-0.04,0.078,0.14,0.062,0.129,0.063,-0.066,0.11,0.154,0.044,0.107
0.167,0.127,-0.04,0.092,0.063,-0.029,0.123,0.097,-0.026,0.126,0.079,-0.047,0.081,0.104,0.023,0.1,0.05,-0.05,0.197,0.108,-0.089,0.115,0.19,0.075,0.089,0.13,0.041,0.115,0.084,-0.031,0.139,0.076,-0.063,0.128,0.193,0.065,0.102,0.374,0.272,0.159,0.123,-0.036,0.112,0.136,0.024,0.073,0.08,0.007,0.084,0.143,0.059,0.139,0.06,-0.079,0.134,0.16,0.026,0.123
0.191,0.154,-0.037,0.079,0.088,0.009,0.119,0.068,-0.051,0.116,0.072,-0.044,0.083,0.101,0.018,0.113,0.058,-0.055,0.208,0.108,-0.1,0.089,0.174,0.085,0.11,0.198,0.088,0.12,0.277,0.157,0.181,0.118,-0.063,0.113,0.136,0.023,0.115,0.148,0.033,0.138,0.099,-0.039,0.094,0.075,-0.019,0.119,0.087,-0.032,0.086,0.14,0.054,0.126,0.063,-0.063,0.113,0.082,-0.031,0.128
0.196,0.164,-0.032,0.074,0.084,0.01,0.104,0.073,-0.031,0.11,0.071,-0.039,0.102,0.114,0.012,0.105,0.081,-0.024,0.208,0.116,-0.092,0.1,0.175,0.075,0.109,0.163,0.054,0.118,0.084,-0.034,0.174,0.089,-0.085,0.124,0.142,0.018,0.122,0.261,0.139,0.136,0.094,-0.042,0.123,0.104,-0.019,0.132,0.087,-0.045,0.076,0.127,0.051,0.124,0.073,-0.051,0.111,0.095,-0.016,0.123
0.22,0.157,-0.063,0.126,0.146,0.02,0.094,0.102,0.008,0.12,0.092,-0.028,0.107,0.127,0.02,0.105,0.071,-0.034,0.237,0.126,-0.111,0.103,0.185,0.082,0.097,0.107,0.01,0.113,0.076,-0.037,0.186,0.084,-0.102,0.113,0.129,0.016,0.099,0.163,0.064,0.131,0.099,-0.032,0.107,0.089,-0.018,0.107,0.074,-0.033,0.099,0.15,0.051,0.131,0.071,-0.06,0.113,0.091,-0.022,0.121
0.167,0.136,-0.031,0.088,0.057,-0.031,0.123,0.101,-0.022,0.124,0.085,-0.039,0.104,0.093,-0.011,0.147,0.123,-0.024,0.332,0.098,-0.234,0.106,0.401,0.295,0.112,0.151,0.039,0.099,0.067,-0.032,0.19,0.127,-0.063,0.117,0.135,0.018,0.102,0.167,0.065,0.139,0.143,0.004,0.073,0.041,-0.032,0.186,0.157,-0.029,0.113,0.162,0.049,0.136,0.075,-0.061,0.122,0.14,0.018,0.151
0.24,0.194,-0.046,0.107,0.08,-0.027,0.126,0.09,-0.036,0.11,0.06,-0.05,0.11,0.133,0.023,0.108,0.052,-0.056,0.248,0.171,-0.077,0.108,0.203,0.095,0.074,0.091,0.017,0.093,0.024,-0.069,0.158,0.1,-0.058,0.139,0.125,-0.014,0.116,0.17,0.054,0.136,0.114,-0.022,0.079,0.047,-0.032,0.16,0.118,-0.042,0.084,0.133,0.049,0.139,0.062,-0.077,0.109,0.144,0.035,0.105
0.208,0.177,-0.031,0.073,0.083,0.01,0.111,0.063,-0.048,0.113,0.074,-0.039,0.083,0.102,0.019,0.128,0.078,-0.05,0.216,0.116,-0.1,0.121,0.209,0.088,0.075,0.098,0.023,0.105,0.055,-0.05,0.15,0.087,-0.063,0.11,0.128,0.018,0.118,0.177,0.059,0.13,0.096,-0.034,0.107,0.096,-0.011,0.138,0.074,-0.064,0.095,0.146,0.051,0.138,0.06,-0.078,0.119,0.163,0.044,0.104
0.209,0.169,-0.04,0.081,0.065,-0.016,0.132,0.084,-0.048,0.108,0.074,-0.034,0.089,0.164,0.075,0.158,0.052,-0.106,0.558,0.455,-0.103,0.116,0.234,0.118,0.11,0.189,0.079,0.114,0.056,-0.058,0.258,0.145,-0.113,0.137,0.247,0.11,0.113,0.182,0.069,0.136,0.107,-0.029,0.115,0.128,0.013,0.131,0.063,-0.068,0.097,0.13,0.033,0.121,0.066,-0.055,0.097,0.115,0.018,0.083
0.179,0.123,-0.056,0.113,0.136,0.023,0.118,0.057,-0.061,0.111,0.079,-0.032,0.094,0.135,0.041,0.121,0.052,-0.069,0.232,0.141,-0.091,0.11,0.213,0.103,0.107,0.13,0.023,0.102,0.045,-0.057,0.373,0.32,-0.053,0.118,0.136,0.018,0.107,0.148,0.041,0.138,0.096,-0.042,0.097,0.11,0.013,0.107,0.055,-0.052,0.076,0.12,0.044,0.107,0.07,-0.037,0.081,0.11,0.029,0.093
0.153,0.111,-0.042,0.086,0.064,-0.022,0.15,0.092,-0.058,0.114,0.076,-0.038,0.082,0.136,0.054,0.17,0.062,-0.108,0.189,0.112,-0.077,0.1,0.183,0.083,0.072,0.09,0.018,0.119,0.059,-0.06,0.155,0.084,-0.071,0.128,0.109,-0.019,0.134,0.157,0.023,0.139,0.097,-0.042,0.099,0.088,-0.011,0.118,0.079,-0.039,0.076,0.13,0.054,0.105,0.065,-0.04,0.089,0.102,0.013,0.089
0.186,0.141,-0.045,0.081,0.067,-0.014,0.132,0.076,-0.056,0.124,0.082,-0.042,0.094,0.128,0.034,0.18,0.055,-0.125,0.223,0.098,-0.125,0.111,0.21,0.099,0.086,0.104,0.018,0.11,0.063,-0.047,0.161,0.084,-0.077,0.11,0.131,0.021,0.117,0.148,0.031,0.136,0.096,-0.04,0.12,0.104,-0.016,0.121,0.084,-0.037,0.069,0.133,0.064,0.131,0.073,-0.058,0.089,0.1,0.011,0.091
0.194,0.143,-0.051,0.094,0.083,-0.011,0.127,0.074,-0.053,0.127,0.071,-0.056,0.094,0.123,0.029,0.11,0.065,-0.045,0.203,0.113,-0.09,0.113,0.162,0.049,0.076,0.102,0.026,0.121,0.055,-0.066,0.147,0.082,-0.065,0.112,0.093,-0.019,0.108,0.16,0.052,0.128,0.088,-0.04,0.086,0.104,0.018,0.108,0.076,-0.032,0.063,0.132,0.069,0.126,0.06,-0.066,0.111,0.129,0.018,0.083
0.183,0.146,-0.037,0.094,0.105,0.011,0.123,0.06,-0.063,0.124,0.076,-0.048,0.098,0.115,0.017,0.1,0.063,-0.037,0.197,0.116,-0.081,0.105,0.177,0.072,0.084,0.106,0.022,0.117,0.032,-0.085,0.159,0.109,-0.05,0.115,0.093,-0.022,0.106,0.172,0.066,0.11,0.086,-0.024,0.102,0.089,-0.013,0.129,0.071,-0.058,0.084,0.164,0.08,0.116,0.055,-0.061,0.105,0.138,0.033,0.107
0.207,0.162,-0.045,0.091,0.072,-0.019,0.129,0.085,-0.044,0.107,0.068,-0.039,0.084,0.114,0.03,0.127,0.06,-0.067,0.211,0.104,-0.107,0.086,0.159,0.073,0.107,0.171,0.064,0.11,0.081,-0.029,0.175,0.09,-0.085,0.12,0.102,-0.018,0.107,0.159,0.052,0.136,0.104,-0.032,0.094,0.107,0.013,0.102,0.057,-0.045,0.082,0.146,0.064,0.123,0.06,-0.063,0.084,0.102,0.018,0.086
0.201,0.148,-0.053,0.084,0.097,0.013,0.113,0.063,-0.05,0.1,0.065,-0.035,0.082,0.11,0.028,0.124,0.047,-0.077,0.195,0.1,-0.095,0.105,0.16,0.055,0.075,0.093,0.018,0.116,0.04,-0.076,0.158,0.095,-0.063,0.113,0.088,-0.025,0.1,0.154,0.054,0.125,0.089,-0.036,0.091,0.109,0.018,0.121,0.063,-0.058,0.081,0.133,0.052,0.131,0.063,-0.068,0.097,0.113,0.016,0.098
0.167,0.12,-0.047,0.083,0.067,-0.016,0.134,0.097,-0.037,0.108,0.061,-0.047,0.094,0.132,0.038,0.159,0.04,-0.119,0.233,0.098,-0.135,0.124,0.195,0.071,0.073,0.111,0.038,0.108,0.052,-0.056,0.188,0.116,-0.072,0.114,0.089,-0.025,0.105,0.159,0.054,0.11,0.12,0.01,0.06,0.052,-0.008,0.142,0.084,-0.058,0.087,0.146,0.059,0.139,0.062,-0.077,0.13,0.098,-0.032,0.105
0.529,0.494,-0.035,0.066,0.076,0.01,0.126,0.052,-0.074,0.126,0.092,-0.034,0.087,0.123,0.036,0.11,0.054,-0.056,0.201,0.101,-0.1,0.11,0.172,0.062,0.081,0.099,0.018,0.105,0.05,-0.055,0.142,0.084,-0.058,0.118,0.094,-0.024,0.11,0.159,0.049,0.123,0.088,-0.035,0.11,0.094,-0.016,0.111,0.071,-0.04,0.071,0.133,0.062,0.118,0.065,-0.053,0.084,0.094,0.01,0.089
0.162,0.138,-0.024,0.083,0.062,-0.021,0.127,0.079,-0.048,0.124,0.074,-0.05,0.089,0.115,0.026,0.113,0.044,-0.069,0.203,0.1,-0.103,0.095,0.152,0.057,0.086,0.106,0.02,0.098,0.042,-0.056,0.154,0.09,-0.064,0.113,0.094,-0.019,0.116,0.152,0.036,0.128,0.093,-0.035,0.079,0.097,0.018,0.097,0.054,-0.043,0.071,0.128,0.057,0.123,0.055,-0.068,0.108,0.118,0.01,0.102
0.167,0.13,-0.037,0.071,0.083,0.012,0.113,0.065,-0.048,0.119,0.067,-0.052,0.083,0.102,0.019,0.115,0.054,-0.061,0.22,0.093,-0.127,0.108,0.18,0.072,0.099,0.125,0.026,0.095,0.047,-0.048,0.161,0.103,-0.058,0.105,0.084,-0.021,0.105,0.148,0.043,0.115,0.094,-0.021,0.084,0.099,0.015,0.097,0.065,-0.032,0.074,0.135,0.061,0.137,0.058,-0.079,0.116,0.097,-0.019,0.113
0.151,0.114,-0.037,0.068,0.081,0.013,0.112,0.068,-0.044,0.105,0.065,-0.04,0.084,0.107,0.023,0.105,0.05,-0.055,0.249,0.092,-0.157,0.127,0.203,0.076,0.101,0.137,0.036,0.113,0.029,-0.084,0.166,0.109,-0.057,0.107,0.075,-0.032,0.126,0.157,0.031,0.128,0.078,-0.05,0.118,0.128,0.01,0.125,0.057,-0.068,0.084,0.126,0.042,0.134,0.057,-0.077,0.139,0.121,-0.018,0.104
0.165,0.131,-0.034,0.083,0.075,-0.008,0.126,0.071,-0.055,0.134,0.092,-0.042,0.081,0.143,0.062,0.148,0.039,-0.109,0.284,0.122,-0.162,0.13,0.223,0.093,0.107,0.393,0.286,0.1,0.037,-0.063,0.145,0.084,-0.061,0.108,0.12,0.012,0.095,0.148,0.053,0.134,0.094,-0.04,0.094,0.11,0.016,0.086,0.067,-0.019,0.058,0.112,0.054,0.131,0.073,-0.058,0.108,0.089,-0.019,0.11
0.165,0.123,-0.042,0.073,0.081,0.008,0.11,0.075,-0.035,0.114,0.066,-0.048,0.092,0.11,0.018,0.116,0.047,-0.069,0.285,0.098,-0.187,0.137,0.684,0.547,0.131,0.207,0.076,0.119,0.045,-0.074,0.179,0.135,-0.044,0.094,0.111,0.017,0.1,0.148,0.048,0.126,0.092,-0.034,0.094,0.107,0.013,0.107,0.054,-0.053,0.077,0.123,0.046,0.123,0.068,-0.055,0.094,0.104,0.01,0.092
0.157,0.121,-0.036,0.072,0.059,-0.013,0.142,0.081,-0.061,0.114,0.074,-0.04,0.077,0.11,0.033,0.124,0.047,-0.077,0.314,0.119,-0.195,0.14,0.401,0.261,0.125,0.236,0.111,0.128,0.073,-0.055,0.234,0.177,-0.057,0.146,0.135,-0.011,0.126,0.185,0.059,0.112,0.073,-0.039,0.107,0.093,-0.014,0.116,0.071,-0.045,0.077,0.115,0.038,0.139,0.076,-0.063,0.113,0.087,-0.026,0.12
0.156,0.112,-0.044,0.086,0.104,0.018,0.113,0.06,-0.053,0.135,0.082,-0.053,0.115,0.135,0.02,0.121,0.401,0.28,0.344,0.21,-0.134,0.113,0.235,0.122,0.114,0.153,0.039,0.108,0.036,-0.072,0.169,0.117,-0.052,0.11,0.083,-0.027,0.121,0.188,0.067,0.122,0.078,-0.044,0.091,0.114,0.023,0.118,0.06,-0.058,0.085,0.126,0.041,0.136,0.081,-0.055,0.086,0.105,0.019,0.106
0.324,0.282,-0.042,0.087,0.094,0.007,0.132,0.055,-0.077,0.124,0.063,-0.061,0.1,0.124,0.024,0.123,0.06,-0.063,0.178,0.087,-0.091,0.105,0.172,0.067,0.076,0.106,0.03,0.113,0.131,0.018,0.223,0.175,-0.048,0.108,0.142,0.034,0.127,0.181,0.054,0.136,0.081,-0.055,0.122,0.114,-0.008,0.126,0.063,-0.063,0.095,0.133,0.038,0.134,0.073,-0.061,0.092,0.11,0.018,0.102
0.225,0.18,-0.045,0.103,0.091,-0.012,0.13,0.066,-0.064,0.132,0.09,-0.042,0.108,0.081,-0.027,0.126,0.109,-0.017,0.24,0.143,-0.097,0.116,0.19,0.074,0.086,0.125,0.039,0.11,0.207,0.097,0.276,0.15,-0.126,0.14,0.417,0.277,0.115,0.172,0.057,0.141,0.099,-0.042,0.123,0.136,0.013,0.115,0.06,-0.055,0.086,0.13,0.044,0.129,0.055,-0.074,0.139,0.103,-0.036,0.133
0.191,0.162,-0.029,0.081,0.047,-0.034,0.125,0.102,-0.023,0.118,0.062,-0.056,0.087,0.105,0.018,0.129,0.079,-0.05,0.178,0.129,-0.049,0.089,0.413,0.324,0.096,0.214,0.118,0.127,0.04,-0.087,0.183,0.116,-0.067,0.116,0.089,-0.027,0.105,0.162,0.057,0.146,0.101,-0.045,0.11,0.125,0.015,0.124,0.068,-0.056,0.087,0.141,0.054,0.129,0.065,-0.064,0.135,0.082,-0.053,0.142
0.259,0.209,-0.05,0.083,0.075,-0.008,0.132,0.066,-0.066,0.108,0.076,-0.032,0.095,0.151,0.056,0.113,0.05,-0.063,0.166,0.093,-0.073,0.112,0.169,0.057,0.094,0.078,-0.016,0.136,0.11,-0.026,0.113,0.076,-0.037,0.087,0.099,0.012,0.092,0.164,0.072,0.125,0.09,-0.035,0.1,0.118,0.018,0.118,0.068,-0.05,0.081,0.146,0.065,0.126,0.065,-0.061,0.1,0.113,0.013,0.099
0.346,0.287,-0.059,0.09,0.097,0.007,0.14,0.065,-0.075,0.12,0.083,-0.037,0.102,0.143,0.041,0.14,0.063,-0.077,0.193,0.114,-0.079,0.11,0.177,0.067,0.107,0.093,-0.014,0.119,0.077,-0.042,0.142,0.081,-0.061,0.111,0.118,0.007,0.099,0.151,0.052,0.125,0.091,-0.034,0.11,0.122,0.012,0.124,0.081,-0.043,0.074,0.133,0.059,0.115,0.06,-0.055,0.1,0.118,0.018,0.096
0.199,0.146,-0.053,0.092,0.102,0.01,0.121,0.052,-0.069,0.137,0.09,-0.047,0.098,0.115,0.017,0.136,0.102,-0.034,0.155,0.079,-0.076,0.097,0.177,0.08,0.088,0.124,0.036,0.124,0.073,-0.051,0.151,0.09,-0.061,0.109,0.112,0.003,0.1,0.146,0.046,0.131,0.086,-0.045,0.097,0.115,0.018,0.12,0.075,-0.045,0.09,0.157,0.067,0.126,0.062,-0.064,0.119,0.105,-0.014,0.12
0.188,0.156,-0.032,0.076,0.086,0.01,0.116,0.063,-0.053,0.124,0.071,-0.053,0.1,0.11,0.01,0.118,0.084,-0.034,0.153,0.076,-0.077,0.108,0.19,0.082,0.102,0.12,0.018,0.12,0.06,-0.06,0.153,0.084,-0.069,0.126,0.11,-0.016,0.116,0.154,0.038,0.133,0.099,-0.034,0.102,0.083,-0.019,0.139,0.103,-0.036,0.094,0.145,0.051,0.167,0.139,-0.028,0.049,0.07,0.021,0.128
0.214,0.182,-0.032,0.071,0.083,0.012,0.114,0.055,-0.059,0.119,0.085,-0.034,0.073,0.059,-0.014,0.147,0.123,-0.024,0.23,0.05,-0.18,0.141,0.424,0.283,0.102,0.213,0.111,0.097,0.065,-0.032,0.169,0.09,-0.079,0.115,0.104,-0.011,0.105,0.151,0.046,0.142,0.11,-0.032,0.105,0.133,0.028,0.133,0.097,-0.036,0.078,0.13,0.052,0.139,0.075,-0.064,0.137,0.103,-0.034,0.107
0.243,0.188,-0.055,0.097,0.107,0.01,0.116,0.068,-0.048,0.121,0.063,-0.058,0.089,0.107,0.018,0.116,0.055,-0.061,0.172,0.08,-0.092,0.115,0.167,0.052,0.083,0.101,0.018,0.108,0.058,-0.05,0.126,0.069,-0.057,0.118,0.099,-0.019,0.12,0.156,0.036,0.128,0.097,-0.031,0.097,0.109,0.012,0.102,0.068,-0.034,0.079,0.135,0.056,0.114,0.05,-0.064,0.132,0.108,-0.024,0.094
0.186,0.138,-0.048,0.087,0.065,-0.022,0.124,0.084,-0.04,0.124,0.063,-0.061,0.098,0.079,-0.019,0.121,0.097,-0.024,0.196,0.095,-0.101,0.131,0.175,0.044,0.097,0.117,0.02,0.14,0.05,-0.09,0.148,0.076,-0.072,0.119,0.091,-0.028,0.104,0.163,0.059,0.128,0.097,-0.031,0.115,0.133,0.018,0.11,0.086,-0.024,0.091,0.143,0.052,0.121,0.07,-0.051,0.111,0.128,0.017,0.1
0.193,0.162,-0.031,0.086,0.099,0.013,0.115,0.068,-0.047,0.111,0.058,-0.053,0.084,0.099,0.015,0.119,0.058,-0.061,0.156,0.084,-0.072,0.103,0.139,0.036,0.105,0.114,0.009,0.098,0.034,-0.064,0.122,0.082,-0.04,0.113,0.081,-0.032,0.1,0.149,0.049,0.143,0.088,-0.055,0.118,0.106,-0.012,0.105,0.082,-0.023,0.086,0.132,0.046,0.127,0.068,-0.059,0.119,0.126,0.007,0.123
0.188,0.157,-0.031,0.083,0.059,-0.024,0.134,0.092,-0.042,0.137,0.068,-0.069,0.105,0.086,-0.019,0.111,0.088,-0.023,0.173,0.094,-0.079,0.11,0.198,0.088,0.094,0.431,0.337,0.086,0.05,-0.036,0.131,0.063,-0.068,0.1,0.112,0.012,0.105,0.141,0.036,0.128,0.08,-0.048,0.102,0.086,-0.016,0.105,0.071,-0.034,0.086,0.128,0.042,0.142,0.07,-0.072,0.156,0.092,-0.064,0.095
0.264,0.206,-0.058,0.113,0.139,0.026,0.095,0.034,-0.061,0.124,0.082,-0.042,0.099,0.117,0.018,0.11,0.047,-0.063,0.174,0.095,-0.079,0.111,0.16,0.049,0.088,0.106,0.018,0.11,0.045,-0.065,0.136,0.084,-0.052,0.123,0.131,0.008,0.112,0.138,0.026,0.138,0.096,-0.042,0.089,0.102,0.013,0.097,0.065,-0.032,0.081,0.135,0.054,0.151,0.06,-0.091,0.127,0.098,-0.029,0.113
0.154,0.12,-0.034,0.073,0.08,0.007,0.113,0.055,-0.058,0.143,0.085,-0.058,0.089,0.097,0.008,0.105,0.049,-0.056,0.237,0.129,-0.108,0.129,0.199,0.07,0.097,0.13,0.033,0.103,0.042,-0.061,0.174,0.116,-0.058,0.131,0.097,-0.034,0.115,0.161,0.046,0.136,0.104,-0.032,0.077,0.084,0.007,0.113,0.084,-0.029,0.065,0.127,0.062,0.141,0.073,-0.068,0.126,0.107,-0.019,0.116
0.364,0.303,-0.061,0.097,0.086,-0.011,0.127,0.061,-0.066,0.132,0.082,-0.05,0.097,0.083,-0.014,0.124,0.074,-0.05,0.171,0.09,-0.081,0.11,0.169,0.059,0.089,0.107,0.018,0.095,0.028,-0.067,0.172,0.096,-0.076,0.145,0.118,-0.027,0.113,0.162,0.049,0.145,0.093,-0.052,0.102,0.12,0.018,0.105,0.075,-0.03,0.066,0.128,0.062,0.136,0.07,-0.066,0.103,0.116,0.013,0.091
0.204,0.157,-0.047,0.102,0.083,-0.019,0.116,0.084,-0.032,0.134,0.081,-0.053,0.105,0.081,-0.024,0.134,0.119,-0.015,0.214,0.107,-0.107,0.137,0.207,0.07,0.125,0.253,0.128,0.106,0.039,-0.067,0.156,0.096,-0.06,0.097,0.078,-0.019,0.113,0.147,0.034,0.127,0.096,-0.031,0.075,0.062,-0.013,0.105,0.093,-0.012,0.085,0.134,0.049,0.126,0.07,-0.056,0.129,0.103,-0.026,0.128
0.209,0.175,-0.034,0.075,0.067,-0.008,0.111,0.071,-0.04,0.129,0.09,-0.039,0.071,0.078,0.007,0.097,0.052,-0.045,0.183,0.093,-0.09,0.119,0.186,0.067,0.086,0.117,0.031,0.101,0.07,-0.031,0.132,0.071,-0.061,0.105,0.084,-0.021,0.118,0.156,0.038,0.133,0.102,-0.031,0.104,0.057,-0.047,0.128,0.146,0.018,0.063,0.116,0.053,0.142,0.076,-0.066,0.126,0.14,0.014,0.112
0.329,0.293,-0.036,0.088,0.075,-0.013,0.095,0.06,-0.035,0.134,0.082,-0.052,0.084,0.099,0.015,0.102,0.07,-0.032,0.206,0.08,-0.126,0.113,0.206,0.093,0.07,0.102,0.032,0.106,0.08,-0.026,0.126,0.069,-0.057,0.112,0.086,-0.026,0.105,0.156,0.051,0.12,0.094,-0.026,0.086,0.049,-0.037,0.129,0.099,-0.03,0.087,0.138,0.051,0.14,0.071,-0.069,0.1,0.118,0.018,0.099
0.286,0.217,-0.069,0.108,0.099,-0.009,0.111,0.071,-0.04,0.131,0.1,-0.031,0.095,0.045,-0.05,0.102,0.792,0.69,0.189,0.107,-0.082,0.114,0.214,0.1,0.104,0.127,0.023,0.111,0.05,-0.061,0.145,0.079,-0.066,0.105,0.089,-0.016,0.105,0.157,0.052,0.122,0.083,-0.039,0.138,0.117,-0.021,0.139,0.102,-0.037,0.089,0.125,0.036,0.14,0.068,-0.072,0.143,0.116,-0.027,0.113
0.175,0.138,-0.037,0.076,0.065,-0.011,0.102,0.068,-0.034,0.134,0.103,-0.031,0.083,0.062,-0.021,0.118,0.126,0.008,0.16,0.052,-0.108,0.13,0.212,0.082,0.07,0.091,0.021,0.11,0.052,-0.058,0.124,0.077,-0.047,0.115,0.091,-0.024,0.089,0.14,0.051,0.121,0.099,-0.022,0.09,0.068,-0.022,0.121,0.082,-0.039,0.07,0.135,0.065,0.14,0.049,-0.091,0.151,0.109,-0.042,0.104
0.248,0.196,-0.052,0.091,0.083,-0.008,0.124,0.076,-0.048,0.137,0.082,-0.055,0.086,0.105,0.019,0.105,0.054,-0.051,0.171,0.095,-0.076,0.103,0.162,0.059,0.084,0.091,0.007,0.116,0.065,-0.051,0.13,0.08,-0.05,0.11,0.078,-0.032,0.11,0.161,0.051,0.178,0.141,-0.037,0.139,0.183,0.044,0.122,0.14,0.018,0.089,0.112,0.023,0.145,0.076,-0.069,0.134,0.105,-0.029,0.107
0.222,0.172,-0.05,0.087,0.073,-0.014,0.111,0.074,-0.037,0.121,0.065,-0.056,0.092,0.11,0.018,0.113,0.074,-0.039,0.161,0.06,-0.101,0.129,0.181,0.052,0.081,0.098,0.017,0.111,0.071,-0.04,0.119,0.071,-0.048,0.121,0.128,0.007,0.112,0.177,0.065,0.125,0.083,-0.042,0.115,0.104,-0.011,0.137,0.076,-0.061,0.082,0.118,0.036,0.126,0.07,-0.056,0.087,0.107,0.02,0.1
0.227,0.193,-0.034,0.076,0.05,-0.026,0.128,0.094,-0.034,0.126,0.086,-0.04,0.084,0.107,0.023,0.108,0.068,-0.04,0.172,0.093,-0.079,0.11,0.171,0.061,0.092,0.11,0.018,0.11,0.057,-0.053,0.45,0.389,-0.061,0.105,0.18,0.075,0.135,0.246,0.111,0.133,0.104,-0.029,0.092,0.057,-0.035,0.134,0.102,-0.032,0.071,0.138,0.067,0.131,0.073,-0.058,0.084,0.102,0.018,0.086
0.29,0.216,-0.074,0.108,0.087,-0.021,0.111,0.068,-0.043,0.132,0.09,-0.042,0.083,0.075,-0.008,0.121,0.097,-0.024,0.18,0.087,-0.093,0.117,0.166,0.049,0.072,0.09,0.018,0.108,0.076,-0.032,0.142,0.069,-0.073,0.113,0.091,-0.022,0.105,0.157,0.052,0.112,0.093,-0.019,0.087,0.055,-0.032,0.11,0.118,0.008,0.076,0.153,0.077,0.139,0.052,-0.087,0.121,0.142,0.021,0.088
0.319,0.285,-0.034,0.076,0.091,0.015,0.113,0.039,-0.074,0.132,0.095,-0.037,0.086,0.117,0.031,0.116,0.071,-0.045,0.142,0.082,-0.06,0.091,0.158,0.067,0.089,0.112,0.023,0.107,0.081,-0.026,0.215,0.158,-0.057,0.144,0.154,0.01,0.102,0.146,0.044,0.135,0.091,-0.044,0.101,0.088,-0.013,0.123,0.094,-0.029,0.087,0.146,0.059,0.134,0.057,-0.077,0.129,0.113,-0.016,0.105
0.23,0.18,-0.05,0.092,0.105,0.013,0.102,0.044,-0.058,0.124,0.082,-0.042,0.086,0.104,0.018,0.11,0.078,-0.032,0.198,0.101,-0.097,0.126,0.193,0.067,0.078,0.098,0.02,0.113,0.058,-0.055,0.139,0.095,-0.044,0.108,0.112,0.004,0.11,0.156,0.046,0.138,0.102,-0.036,0.104,0.138,0.034,0.094,0.102,0.008,0.065,0.132,0.067,0.134,0.055,-0.079,0.126,0.147,0.021,0.104
0.463,0.426,-0.037,0.073,0.088,0.015,0.108,0.058,-0.05,0.137,0.087,-0.05,0.1,0.148,0.048,0.111,0.055,-0.056,0.175,0.119,-0.056,0.086,0.163,0.077,0.084,0.099,0.015,0.113,0.07,-0.043,0.141,0.075,-0.066,0.12,0.107,-0.013,0.112,0.167,0.055,0.138,0.106,-0.032,0.11,0.128,0.018,0.116,0.058,-0.058,0.092,0.156,0.064,0.129,0.063,-0.066,0.118,0.128,0.01,0.118
0.155,0.102,-0.053,0.097,0.057,-0.04,0.137,0.101,-0.036,0.121,0.081,-0.04,0.097,0.063,-0.034,0.112,0.131,0.019,0.178,0.112,-0.066,0.102,0.195,0.093,0.073,0.081,0.008,0.097,0.044,-0.053,0.152,0.103,-0.049,0.115,0.099,-0.016,0.11,0.151,0.041,0.143,0.112,-0.031,0.086,0.062,-0.024,0.134,0.105,-0.029,0.071,0.117,0.046,0.123,0.068,-0.055,0.108,0.126,0.018,0.099
0.154,0.117,-0.037,0.092,0.06,-0.032,0.124,0.084,-0.04,0.126,0.079,-0.047,0.108,0.112,0.004,0.113,0.092,-0.021,0.158,0.086,-0.072,0.121,0.198,0.077,0.066,0.083,0.017,0.097,0.059,-0.038,0.128,0.065,-0.063,0.118,0.126,0.008,0.096,0.135,0.039,0.128,0.114,-0.014,0.089,0.078,-0.011,0.127,0.074,-0.053,0.087,0.148,0.061,0.132,0.066,-0.066,0.097,0.141,0.044,0.109
0.177,0.146,-0.031,0.083,0.072,-0.011,0.119,0.076,-0.043,0.108,0.069,-0.039,0.078,0.093,0.015,0.11,0.091,-0.019,0.177,0.093,-0.084,0.108,0.177,0.069,0.092,0.161,0.069,0.089,0.06,-0.029,0.305,0.252,-0.053,0.102,0.148,0.046,0.128,0.2,0.072,0.115,0.081,-0.034,0.118,0.125,0.007,0.1,0.066,-0.034,0.083,0.14,0.057,0.118,0.054,-0.064,0.095,0.126,0.031,0.094
0.181,0.136,-0.045,0.084,0.094,0.01,0.099,0.06,-0.039,0.116,0.06,-0.056,0.09,0.107,0.017,0.113,0.086,-0.027,0.146,0.074,-0.072,0.113,0.17,0.057,0.075,0.098,0.023,0.11,0.099,-0.011,0.172,0.129,-0.043,0.113,0.164,0.051,0.112,0.233,0.121,0.112,0.078,-0.034,0.115,0.107,-0.008,0.126,0.079,-0.047,0.097,0.146,0.049,0.126,0.062,-0.064,0.111,0.129,0.018,0.102
0.203,0.161,-0.042,0.086,0.07,-0.016,0.108,0.076,-0.032,0.111,0.066,-0.045,0.084,0.112,0.028,0.115,0.076,-0.039,0.179,0.11,-0.069,0.1,0.18,0.08,0.088,0.122,0.034,0.107,0.06,-0.047,0.365,0.221,-0.144,0.092,0.265,0.173,0.107,0.187,0.08,0.125,0.107,-0.018,0.092,0.105,0.013,0.101,0.077,-0.024,0.074,0.131,0.057,0.126,0.059,-0.067,0.101,0.144,0.043,0.097
0.241,0.194,-0.047,0.086,0.077,-0.009,0.122,0.069,-0.053,0.124,0.076,-0.048,0.079,0.099,0.02,0.116,0.063,-0.053,0.174,0.095,-0.079,0.105,0.177,0.072,0.092,0.109,0.017,0.105,0.047,-0.058,0.143,0.082,-0.061,0.1,0.089,-0.011,0.107,0.149,0.042,0.125,0.093,-0.032,0.105,0.084,-0.021,0.121,0.073,-0.048,0.079,0.128,0.049,0.117,0.081,-0.036,0.06,0.104,0.044,0.101
0.17,0.123,-0.047,0.08,0.069,-0.011,0.122,0.069,-0.053,0.134,0.082,-0.052,0.097,0.117,0.02,0.115,0.081,-0.034,0.163,0.098,-0.065,0.097,0.15,0.053,0.097,0.115,0.018,0.113,0.055,-0.058,0.148,0.092,-0.056,0.11,0.096,-0.014,0.114,0.175,0.061,0.126,0.096,-0.03,0.108,0.123,0.015,0.116,0.055,-0.061,0.087,0.141,0.054,0.121,0.063,-0.058,0.094,0.12,0.026,0.104
0.173,0.142,-0.031,0.072,0.056,-0.016,0.11,0.081,-0.029,0.118,0.084,-0.034,0.073,0.086,0.013,0.11,0.086,-0.024,0.218,0.134,-0.084,0.103,0.18,0.077,0.073,0.111,0.038,0.116,0.053,-0.063,0.147,0.087,-0.06,0.102,0.088,-0.014,0.1,0.152,0.052,0.122,0.086,-0.036,0.091,0.107,0.016,0.113,0.073,-0.04,0.07,0.129,0.059,0.136,0.262,0.126,0.107,0.179,0.072,0.105
0.191,0.159,-0.032,0.087,0.094,0.007,0.097,0.06,-0.037,0.113,0.084,-0.029,0.063,0.071,0.008,0.112,0.091,-0.021,0.169,0.076,-0.093,0.116,0.165,0.049,0.078,0.103,0.025,0.124,0.072,-0.052,0.129,0.079,-0.05,0.096,0.075,-0.021,0.1,0.149,0.049,0.117,0.088,-0.029,0.095,0.105,0.01,0.097,0.06,-0.037,0.076,0.13,0.054,0.139,0.068,-0.071,0.118,0.107,-0.011,0.12
0.159,0.128,-0.031,0.081,0.049,-0.032,0.121,0.084,-0.037,0.119,0.055,-0.064,0.097,0.108,0.011,0.102,0.073,-0.029,0.16,0.099,-0.061,0.092,0.149,0.057,0.091,0.109,0.018,0.121,0.052,-0.069,0.132,0.088,-0.044,0.105,0.08,-0.025,0.119,0.154,0.035,0.115,0.084,-0.031,0.102,0.117,0.015,0.113,0.055,-0.058,0.084,0.125,0.041,0.132,0.071,-0.061,0.105,0.112,0.007,0.095
0.173,0.133,-0.04,0.071,0.089,0.018,0.094,0.047,-0.047,0.126,0.086,-0.04,0.076,0.058,-0.018,0.102,0.133,0.031,0.192,0.115,-0.077,0.108,0.836,0.728,0.118,0.468,0.35,0.097,0.065,-0.032,0.129,0.077,-0.052,0.089,0.106,0.017,0.105,0.133,0.028,0.131,0.106,-0.025,0.079,0.068,-0.011,0.103,0.084,-0.019,0.074,0.117,0.043,0.126,0.071,-0.055,0.107,0.094,-0.013,0.11
