hold time 'G',down to down 'G' => 'I',up to down 'G' => 'I',hold time 'I',down to down 'I' => 'G',up to down 'I' => 'G',hold time 'G',down to down 'G' => 'A',up to down 'G' => 'A',hold time 'A',down to down 'A' => 'B',up to down 'A' => 'B',hold time 'B',down to down 'B' => 'I',up to down 'B' => 'I',hold time 'I',down to down 'I' => 'T',up to down 'I' => 'T',hold time 'T',down to down 'T' => '#SPACE#',up to down 'T' => '#SPACE#',hold time '#SPACE#',down to down '#SPACE#' => 'R',up to down '#SPACE#' => 'R',hold time 'R',down to down 'R' => 'E',up to down 'R' => 'E',hold time 'E',down to down 'E' => 'C',up to down 'E' => 'C',hold time 'C',down to down 'C' => 'E',up to down 'C' => 'E',hold time 'E',down to down 'E' => 'I',up to down 'E' => 'I',hold time 'I',down to down 'I' => 'V',up to down 'I' => 'V',hold time 'V',down to down 'V' => 'E',up to down 'V' => 'E',hold time 'E',down to down 'E' => 'R',up to down 'E' => 'R',hold time 'R',down to down 'R' => '#ENTER#',up to down 'R' => '#ENTER#',hold time '#ENTER#'
0.089,0.138,0.049,0.087,0.271,0.184,0.087,0.196,0.109,0.047,0.081,0.034,0.094,0.346,0.252,0.076,0.117,0.041,0.069,0.079,0.01,0.084,0.276,0.192,0.079,0.125,0.046,0.077,0.694,0.617,0.098,0.471,0.373,0.079,0.224,0.145,0.079,0.292,0.213,0.089,0.151,0.062,0.055,0.076,0.021,0.079,0.242,0.163,0.071
0.076,0.122,0.046,0.087,0.339,0.252,0.076,0.187,0.111,0.084,0.204,0.12,0.092,0.559,0.467,0.081,0.128,0.047,0.071,0.086,0.015,0.089,0.432,0.343,0.081,0.151,0.07,0.071,0.362,0.291,0.084,0.258,0.174,0.065,0.13,0.065,0.071,0.278,0.207,0.085,0.144,0.059,0.06,0.091,0.031,0.085,0.264,0.179,0.089
0.076,0.117,0.041,0.082,0.294,0.212,0.074,0.105,0.031,0.084,0.149,0.065,0.076,0.46,0.384,0.079,0.107,0.028,0.06,0.102,0.042,0.092,0.356,0.264,0.082,0.157,0.075,0.071,0.369,0.298,0.111,0.489,0.378,0.079,0.832,0.753,0.078,0.296,0.218,0.084,0.121,0.037,0.068,0.091,0.023,0.082,0.255,0.173,0.082
0.081,0.125,0.044,0.087,0.377,0.29,0.082,0.172,0.09,0.079,0.32,0.241,0.106,0.578,0.472,0.078,0.117,0.039,0.071,0.06,-0.011,0.109,0.272,0.163,0.079,0.097,0.018,0.076,0.286,0.21,0.092,0.627,0.535,0.079,0.213,0.134,0.082,0.292,0.21,0.087,0.128,0.041,0.058,0.11,0.052,0.079,0.237,0.158,0.081
0.068,0.125,0.057,0.081,0.54,0.459,0.09,0.305,0.215,0.068,0.198,0.13,0.092,0.546,0.454,0.076,0.11,0.034,0.071,0.083,0.012,0.09,0.264,0.174,0.081,0.112,0.031,0.074,0.289,0.215,0.09,0.52,0.43,0.087,0.276,0.189,0.079,0.346,0.267,0.079,0.11,0.031,0.068,0.11,0.042,0.084,0.315,0.231,0.065
0.078,0.115,0.037,0.081,0.377,0.296,0.097,0.172,0.075,0.071,0.214,0.143,0.084,0.532,0.448,0.074,0.11,0.036,0.048,0.078,0.03,0.1,0.292,0.192,0.074,0.097,0.023,0.066,0.281,0.215,0.068,0.281,0.213,0.079,0.289,0.21,0.084,0.343,0.259,0.079,0.105,0.026,0.074,0.11,0.036,0.076,0.245,0.169,0.081
0.076,0.099,0.023,0.089,0.37,0.281,0.071,0.148,0.077,0.066,0.152,0.086,0.076,0.488,0.412,0.082,0.118,0.036,0.074,0.089,0.015,0.087,0.286,0.199,0.074,0.115,0.041,0.087,0.326,0.239,0.076,0.263,0.187,0.065,0.2,0.135,0.076,0.312,0.236,0.082,0.146,0.064,0.069,0.11,0.041,0.082,0.242,0.16,0.071
0.057,0.088,0.031,0.079,0.294,0.215,0.069,0.133,0.064,0.063,0.113,0.05,0.081,0.46,0.379,0.087,0.141,0.054,0.058,0.125,0.067,0.089,0.302,0.213,0.079,0.1,0.021,0.079,0.265,0.186,0.071,0.261,0.19,0.073,0.478,0.405,0.076,0.343,0.267,0.09,0.183,0.093,0.055,0.083,0.028,0.082,0.264,0.182,0.076
0.057,0.127,0.07,0.082,0.344,0.262,0.068,0.141,0.073,0.076,0.14,0.064,0.085,0.443,0.358,0.071,0.12,0.049,0.057,0.096,0.039,0.09,0.328,0.238,0.077,0.097,0.02,0.06,0.281,0.221,0.081,0.258,0.177,0.068,0.192,0.124,0.071,0.58,0.509,0.081,0.156,0.075,0.058,0.089,0.031,0.071,0.253,0.182,0.073
0.065,0.151,0.086,0.084,0.414,0.33,0.075,0.161,0.086,0.076,0.206,0.13,0.087,0.465,0.378,0.074,0.107,0.033,0.063,0.089,0.026,0.098,0.258,0.16,0.077,0.11,0.033,0.058,0.26,0.202,0.079,0.291,0.212,0.079,0.201,0.122,0.077,0.396,0.319,0.081,0.146,0.065,0.058,0.088,0.03,0.079,0.253,0.174,0.074
0.073,0.117,0.044,0.082,0.351,0.269,0.071,0.128,0.057,0.074,0.146,0.072,0.082,0.403,0.321,0.077,0.116,0.039,0.066,0.07,0.004,0.09,0.305,0.215,0.087,0.216,0.129,0.082,0.302,0.22,0.079,0.274,0.195,0.071,0.138,0.067,0.06,0.276,0.216,0.081,0.154,0.073,0.057,0.076,0.019,0.068,0.247,0.179,0.071
0.063,0.132,0.069,0.079,0.313,0.234,0.073,0.133,0.06,0.073,0.11,0.037,0.079,0.366,0.287,0.077,0.134,0.057,0.068,0.086,0.018,0.092,0.299,0.207,0.079,0.149,0.07,0.071,0.302,0.231,0.079,0.24,0.161,0.065,0.114,0.049,0.071,0.351,0.28,0.082,0.181,0.099,0.055,0.073,0.018,0.071,0.242,0.171,0.076
0.063,0.114,0.051,0.079,0.266,0.187,0.082,0.146,0.064,0.082,0.11,0.028,0.077,0.362,0.285,0.073,0.143,0.07,0.069,0.084,0.015,0.09,0.268,0.178,0.084,0.141,0.057,0.077,0.31,0.233,0.084,0.281,0.197,0.079,0.243,0.164,0.076,0.338,0.262,0.076,0.115,0.039,0.065,0.109,0.044,0.071,0.237,0.166,0.069
0.052,0.132,0.08,0.076,0.286,0.21,0.074,0.128,0.054,0.071,0.128,0.057,0.079,0.455,0.376,0.069,0.097,0.028,0.066,0.122,0.056,0.085,0.261,0.176,0.079,0.136,0.057,0.068,0.286,0.218,0.079,0.263,0.184,0.076,0.167,0.091,0.071,0.359,0.288,0.079,0.133,0.054,0.063,0.084,0.021,0.079,0.25,0.171,0.071
0.062,0.143,0.081,0.076,0.338,0.262,0.066,0.102,0.036,0.068,0.154,0.086,0.081,0.364,0.283,0.068,0.141,0.073,0.057,0.086,0.029,0.092,0.351,0.259,0.09,0.263,0.173,0.079,0.294,0.215,0.071,0.25,0.179,0.063,0.188,0.125,0.073,0.317,0.244,0.077,0.125,0.048,0.069,0.097,0.028,0.079,0.253,0.174,0.071
0.06,0.13,0.07,0.079,0.296,0.217,0.074,0.115,0.041,0.082,0.142,0.06,0.081,0.434,0.353,0.071,0.12,0.049,0.071,0.089,0.018,0.092,0.281,0.189,0.082,0.131,0.049,0.076,0.322,0.246,0.074,0.258,0.184,0.068,0.151,0.083,0.077,0.333,0.256,0.082,0.154,0.072,0.063,0.084,0.021,0.074,0.255,0.181,0.068
0.057,0.114,0.057,0.082,0.315,0.233,0.066,0.099,0.033,0.071,0.144,0.073,0.089,0.416,0.327,0.076,0.12,0.044,0.066,0.092,0.026,0.095,0.268,0.173,0.079,0.102,0.023,0.058,0.263,0.205,0.076,0.25,0.174,0.063,0.112,0.049,0.076,0.273,0.197,0.084,0.126,0.042,0.063,0.099,0.036,0.076,0.248,0.172,0.076
0.089,0.125,0.036,0.084,0.268,0.184,0.087,0.123,0.036,0.079,0.123,0.044,0.084,0.313,0.229,0.063,0.112,0.049,0.036,0.067,0.031,0.09,0.297,0.207,0.076,0.141,0.065,0.066,0.19,0.124,0.079,0.198,0.119,0.069,0.178,0.109,0.081,0.33,0.249,0.082,0.169,0.087,0.066,0.134,0.068,0.076,0.247,0.171,0.079
0.073,0.138,0.065,0.081,0.31,0.229,0.078,0.12,0.042,0.071,0.125,0.054,0.084,0.393,0.309,0.076,0.11,0.034,0.068,0.115,0.047,0.089,0.325,0.236,0.076,0.136,0.06,0.076,0.154,0.078,0.084,0.548,0.464,0.077,0.209,0.132,0.076,0.374,0.298,0.079,0.133,0.054,0.058,0.097,0.039,0.073,0.252,0.179,0.079
0.068,0.13,0.062,0.081,0.279,0.198,0.073,0.135,0.062,0.068,0.11,0.042,0.079,0.385,0.306,0.076,0.143,0.067,0.077,0.095,0.018,0.086,0.382,0.296,0.082,0.162,0.08,0.063,0.138,0.075,0.087,0.471,0.384,0.058,0.182,0.124,0.079,0.377,0.298,0.079,0.144,0.065,0.05,0.091,0.041,0.074,0.247,0.173,0.076
0.076,0.158,0.082,0.074,0.268,0.194,0.077,0.147,0.07,0.071,0.099,0.028,0.079,0.32,0.241,0.066,0.105,0.039,0.078,0.107,0.029,0.084,0.271,0.187,0.076,0.232,0.156,0.086,0.353,0.267,0.085,0.258,0.173,0.076,0.211,0.135,0.079,0.416,0.337,0.076,0.146,0.07,0.063,0.115,0.052,0.069,0.258,0.189,0.076
0.081,0.138,0.057,0.071,0.271,0.2,0.073,0.13,0.057,0.076,0.136,0.06,0.081,0.312,0.231,0.068,0.183,0.115,0.081,0.34,0.259,0.095,0.466,0.371,0.076,0.242,0.166,0.068,0.304,0.236,0.085,0.271,0.186,0.068,0.255,0.187,0.074,0.292,0.218,0.076,0.115,0.039,0.063,0.107,0.044,0.068,0.244,0.176,0.058
0.086,0.167,0.081,0.073,0.265,0.192,0.074,0.133,0.059,0.084,0.102,0.018,0.069,0.331,0.262,0.073,0.12,0.047,0.092,0.125,0.033,0.087,0.349,0.262,0.1,0.287,0.187,0.097,0.346,0.249,0.089,0.302,0.213,0.084,0.305,0.221,0.076,0.315,0.239,0.073,0.091,0.018,0.074,0.123,0.049,0.073,0.227,0.154,0.081
0.076,0.127,0.051,0.077,0.25,0.173,0.085,0.144,0.059,0.077,0.102,0.025,0.082,0.364,0.282,0.077,0.123,0.046,0.071,0.113,0.042,0.073,0.289,0.216,0.084,0.237,0.153,0.089,0.328,0.239,0.068,0.229,0.161,0.073,0.141,0.068,0.076,0.242,0.166,0.086,0.141,0.055,0.071,0.094,0.023,0.076,0.232,0.156,0.071
0.06,0.112,0.052,0.087,0.325,0.238,0.079,0.138,0.059,0.077,0.098,0.021,0.081,0.382,0.301,0.073,0.12,0.047,0.068,0.097,0.029,0.081,0.33,0.249,0.084,0.229,0.145,0.082,0.297,0.215,0.084,0.253,0.169,0.071,0.151,0.08,0.079,0.263,0.184,0.087,0.17,0.083,0.055,0.073,0.018,0.076,0.258,0.182,0.076
0.081,0.133,0.052,0.081,0.115,0.034,0.081,0.328,0.247,0.071,0.13,0.059,0.087,0.417,0.33,0.073,0.115,0.042,0.078,0.099,0.021,0.087,0.292,0.205,0.094,0.239,0.145,0.085,0.292,0.207,0.09,0.777,0.687,0.081,0.172,0.091,0.079,0.323,0.244,0.079,0.13,0.051,0.055,0.089,0.034,0.076,0.237,0.161,0.068
0.076,0.109,0.033,0.087,0.263,0.176,0.082,0.149,0.067,0.074,0.118,0.044,0.081,0.408,0.327,0.081,0.289,0.208,0.092,0.278,0.186,0.09,0.453,0.363,0.1,0.258,0.158,0.087,0.295,0.208,0.084,0.275,0.191,0.077,0.16,0.083,0.068,0.244,0.176,0.079,0.128,0.049,0.071,0.102,0.031,0.069,0.24,0.171,0.066
0.099,0.367,0.268,0.089,0.185,0.096,0.089,0.317,0.228,0.079,0.162,0.083,0.082,0.328,0.246,0.076,0.281,0.205,0.09,0.206,0.116,0.087,0.279,0.192,0.102,0.248,0.146,0.089,0.304,0.215,0.087,0.258,0.171,0.084,0.164,0.08,0.079,0.253,0.174,0.089,0.128,0.039,0.074,0.105,0.031,0.079,0.253,0.174,0.065
0.081,0.146,0.065,0.081,0.315,0.234,0.079,0.146,0.067,0.082,0.156,0.074,0.082,0.355,0.273,0.094,0.156,0.062,0.074,0.125,0.051,0.077,0.308,0.231,0.076,0.224,0.148,0.081,0.255,0.174,0.089,0.242,0.153,0.084,0.139,0.055,0.076,0.25,0.174,0.081,0.102,0.021,0.073,0.115,0.042,0.068,0.234,0.166,0.076
0.081,0.138,0.057,0.095,0.445,0.35,0.079,0.185,0.106,0.071,0.203,0.132,0.082,0.377,0.295,0.082,0.266,0.184,0.084,0.188,0.104,0.092,0.447,0.355,0.095,0.243,0.148,0.081,0.27,0.189,0.095,0.25,0.155,0.09,0.235,0.145,0.082,0.299,0.217,0.079,0.097,0.018,0.066,0.126,0.06,0.071,0.218,0.147,0.069
0.086,0.135,0.049,0.087,0.284,0.197,0.082,0.136,0.054,0.079,0.126,0.047,0.089,0.416,0.327,0.076,0.128,0.052,0.079,0.11,0.031,0.081,0.299,0.218,0.097,0.237,0.14,0.09,0.271,0.181,0.092,0.25,0.158,0.082,0.149,0.067,0.074,0.245,0.171,0.084,0.123,0.039,0.071,0.107,0.036,0.074,0.242,0.168,0.077
0.094,0.138,0.044,0.084,0.258,0.174,0.089,0.157,0.068,0.076,0.099,0.023,0.079,0.406,0.327,0.074,0.138,0.064,0.074,0.105,0.031,0.081,0.323,0.242,0.097,0.231,0.134,0.09,0.282,0.192,0.097,0.242,0.145,0.087,0.175,0.088,0.074,0.242,0.168,0.087,0.131,0.044,0.061,0.099,0.038,0.074,0.232,0.158,0.071
0.073,0.125,0.052,0.079,0.258,0.179,0.081,0.143,0.062,0.095,0.113,0.018,0.069,0.403,0.334,0.076,0.125,0.049,0.074,0.095,0.021,0.084,0.255,0.171,0.092,0.242,0.15,0.098,0.292,0.194,0.095,0.243,0.148,0.073,0.125,0.052,0.073,0.237,0.164,0.084,0.128,0.044,0.073,0.104,0.031,0.071,0.243,0.172,0.073
0.086,0.141,0.055,0.078,0.268,0.19,0.076,0.151,0.075,0.076,0.097,0.021,0.092,0.372,0.28,0.079,0.136,0.057,0.076,0.099,0.023,0.087,0.199,0.112,0.097,0.247,0.15,0.095,0.256,0.161,0.097,0.24,0.143,0.071,0.128,0.057,0.071,0.234,0.163,0.087,0.107,0.02,0.077,0.128,0.051,0.071,0.255,0.184,0.066
0.073,0.135,0.062,0.082,0.266,0.184,0.076,0.136,0.06,0.084,0.112,0.028,0.087,0.411,0.324,0.079,0.115,0.036,0.082,0.105,0.023,0.09,0.414,0.324,0.073,0.143,0.07,0.076,0.25,0.174,0.087,0.243,0.156,0.063,0.12,0.057,0.071,0.249,0.178,0.085,0.142,0.057,0.065,0.091,0.026,0.079,0.24,0.161,0.065
0.081,0.107,0.026,0.076,0.234,0.158,0.084,0.141,0.057,0.092,0.11,0.018,0.079,0.453,0.374,0.071,0.128,0.057,0.092,0.12,0.028,0.095,0.271,0.176,0.079,0.229,0.15,0.082,0.258,0.176,0.079,0.253,0.174,0.06,0.117,0.057,0.074,0.242,0.168,0.087,0.133,0.046,0.063,0.097,0.034,0.077,0.242,0.165,0.069
0.065,0.119,0.054,0.077,0.294,0.217,0.071,0.141,0.07,0.069,0.126,0.057,0.084,0.369,0.285,0.09,0.165,0.075,0.071,0.104,0.033,0.092,0.437,0.345,0.087,0.222,0.135,0.087,0.255,0.168,0.098,0.248,0.15,0.073,0.123,0.05,0.079,0.234,0.155,0.084,0.131,0.047,0.065,0.102,0.037,0.071,0.232,0.161,0.062
0.081,0.125,0.044,0.082,0.255,0.173,0.082,0.146,0.064,0.076,0.095,0.019,0.081,0.34,0.259,0.069,0.131,0.062,0.079,0.094,0.015,0.082,0.211,0.129,0.082,0.235,0.153,0.089,0.263,0.174,0.089,0.25,0.161,0.066,0.141,0.075,0.079,0.262,0.183,0.082,0.137,0.055,0.058,0.086,0.028,0.071,0.234,0.163,0.074
0.086,0.125,0.039,0.081,0.245,0.164,0.081,0.146,0.065,0.09,0.1,0.01,0.074,0.315,0.241,0.06,0.107,0.047,0.097,0.086,-0.011,0.095,0.233,0.138,0.089,0.237,0.148,0.089,0.253,0.164,0.097,0.268,0.171,0.071,0.133,0.062,0.079,0.248,0.169,0.081,0.099,0.018,0.066,0.123,0.057,0.079,0.232,0.153,0.071
0.086,0.104,0.018,0.074,0.247,0.173,0.079,0.147,0.068,0.071,0.104,0.033,0.079,0.567,0.488,0.079,0.175,0.096,0.081,0.115,0.034,0.089,0.416,0.327,0.076,0.107,0.031,0.079,0.289,0.21,0.066,0.221,0.155,0.074,0.126,0.052,0.071,0.244,0.173,0.087,0.126,0.039,0.063,0.11,0.047,0.071,0.247,0.176,0.076
0.081,0.135,0.054,0.082,0.253,0.171,0.082,0.146,0.064,0.071,0.092,0.021,0.079,0.322,0.243,0.071,0.123,0.052,0.069,0.089,0.02,0.092,0.261,0.169,0.081,0.221,0.14,0.087,0.295,0.208,0.099,0.444,0.345,0.087,1.976,1.889,0.118,0.567,0.449,0.087,0.118,0.031,0.073,0.105,0.032,0.092,0.24,0.148,0.073
0.073,0.104,0.031,0.09,0.382,0.292,0.085,0.168,0.083,0.063,0.101,0.038,0.098,0.412,0.314,0.084,0.117,0.033,0.071,0.087,0.016,0.092,0.258,0.166,0.076,0.109,0.033,0.069,0.303,0.234,0.044,0.217,0.173,0.066,0.126,0.06,0.073,0.333,0.26,0.079,0.159,0.08,0.066,0.125,0.059,0.074,0.229,0.155,0.079
0.081,0.122,0.041,0.082,0.255,0.173,0.084,0.136,0.052,0.074,0.105,0.031,0.079,0.426,0.347,0.069,0.121,0.052,0.065,0.088,0.023,0.087,0.295,0.208,0.092,0.221,0.129,0.085,0.289,0.204,0.087,0.261,0.174,0.079,0.281,0.202,0.081,0.366,0.285,0.077,0.095,0.018,0.068,0.117,0.049,0.077,0.24,0.163,0.082
0.089,0.149,0.06,0.086,0.333,0.247,0.07,0.135,0.065,0.071,0.1,0.029,0.084,0.353,0.269,0.072,0.131,0.059,0.066,0.097,0.031,0.076,0.226,0.15,0.095,0.23,0.135,0.084,0.255,0.171,0.089,0.25,0.161,0.074,0.157,0.083,0.076,0.283,0.207,0.079,0.095,0.016,0.058,0.125,0.067,0.073,0.229,0.156,0.079
0.081,0.125,0.044,0.079,0.253,0.174,0.07,0.14,0.07,0.085,0.1,0.015,0.066,0.364,0.298,0.073,0.559,0.486,0.089,0.151,0.062,0.103,0.388,0.285,0.092,0.235,0.143,0.076,0.27,0.194,0.09,0.251,0.161,0.065,0.14,0.075,0.072,0.243,0.171,0.084,0.052,-0.032,0.064,0.162,0.098,0.079,0.255,0.176,0.074
0.081,0.12,0.039,0.081,0.271,0.19,0.081,0.164,0.083,0.082,0.118,0.036,0.076,0.421,0.345,0.079,0.24,0.161,0.081,0.138,0.057,0.087,0.3,0.213,0.105,0.25,0.145,0.081,0.276,0.195,0.082,0.239,0.157,0.074,0.141,0.067,0.066,0.253,0.187,0.081,0.125,0.044,0.071,0.107,0.036,0.074,0.243,0.169,0.065
0.092,0.167,0.075,0.089,0.393,0.304,0.092,0.198,0.106,0.079,0.159,0.08,0.087,0.333,0.246,0.087,0.349,0.262,0.079,0.226,0.147,0.084,0.287,0.203,0.089,0.242,0.153,0.079,0.261,0.182,0.092,0.263,0.171,0.071,0.133,0.062,0.079,0.265,0.186,0.093,0.103,0.01,0.058,0.12,0.062,0.081,0.245,0.164,0.081
0.094,0.164,0.07,0.079,0.092,0.013,0.071,0.328,0.257,0.079,0.117,0.038,0.09,0.264,0.174,0.081,0.115,0.034,0.094,0.149,0.055,0.086,0.229,0.143,0.069,0.245,0.176,0.087,0.286,0.199,0.079,0.237,0.158,0.069,0.128,0.059,0.079,0.263,0.184,0.084,0.125,0.041,0.064,0.11,0.046,0.079,0.24,0.161,0.076
0.094,0.206,0.112,0.097,0.18,0.083,0.087,0.343,0.256,0.084,0.131,0.047,0.089,0.235,0.146,0.084,0.159,0.075,0.084,0.138,0.054,0.085,0.214,0.129,0.095,0.237,0.142,0.084,0.279,0.195,0.084,0.232,0.148,0.079,0.136,0.057,0.084,0.278,0.194,0.09,0.1,0.01,0.069,0.131,0.062,0.079,0.239,0.16,0.069
0.086,0.185,0.099,0.087,0.149,0.062,0.087,0.348,0.261,0.079,0.165,0.086,0.084,0.273,0.189,0.087,0.237,0.15,0.093,0.23,0.137,0.089,0.385,0.296,0.092,0.237,0.145,0.076,0.273,0.197,0.079,0.24,0.161,0.076,0.139,0.063,0.07,0.249,0.179,0.09,0.141,0.051,0.071,0.089,0.018,0.08,0.24,0.16,0.074
0.084,0.187,0.103,0.082,0.1,0.018,0.087,0.341,0.254,0.084,0.123,0.039,0.081,0.247,0.166,0.079,0.138,0.059,0.095,0.124,0.029,0.084,0.19,0.106,0.095,0.281,0.186,0.074,0.256,0.182,0.068,0.291,0.223,0.074,0.146,0.072,0.079,0.312,0.233,0.087,0.16,0.073,0.071,0.089,0.018,0.073,0.239,0.166,0.066
0.097,0.203,0.106,0.092,0.063,-0.029,0.098,0.427,0.329,0.09,0.193,0.103,0.087,0.37,0.283,0.081,0.112,0.031,0.084,0.126,0.042,0.095,0.219,0.124,0.105,0.271,0.166,0.095,0.269,0.174,0.084,0.25,0.166,0.071,0.151,0.08,0.079,0.286,0.207,0.09,0.126,0.036,0.076,0.099,0.023,0.085,0.243,0.158,0.071
0.097,0.185,0.088,0.087,0.094,0.007,0.077,0.523,0.446,0.087,0.237,0.15,0.092,0.417,0.325,0.073,0.138,0.065,0.079,0.123,0.044,0.084,0.278,0.194,0.084,0.235,0.151,0.084,0.289,0.205,0.089,0.255,0.166,0.082,0.167,0.085,0.082,0.276,0.194,0.1,0.157,0.057,0.076,0.112,0.036,0.085,0.243,0.158,0.071
0.092,0.172,0.08,0.092,0.151,0.059,0.1,0.347,0.247,0.068,0.141,0.073,0.081,0.258,0.177,0.081,0.159,0.078,0.084,0.149,0.065,0.079,0.268,0.189,0.105,0.258,0.153,0.087,0.312,0.225,0.079,0.235,0.156,0.068,0.122,0.054,0.071,0.243,0.172,0.084,0.133,0.049,0.066,0.089,0.023,0.076,0.245,0.169,0.073
0.092,0.159,0.067,0.079,0.38,0.301,0.081,0.164,0.083,0.081,0.149,0.068,0.087,0.297,0.21,0.092,0.203,0.111,0.084,0.134,0.05,0.078,0.343,0.265,0.092,0.235,0.143,0.081,0.283,0.202,0.082,0.253,0.171,0.071,0.125,0.054,0.085,0.251,0.166,0.086,0.115,0.029,0.073,0.115,0.042,0.076,0.237,0.161,0.079
0.091,0.172,0.081,0.084,0.094,0.01,0.098,0.336,0.238,0.095,0.149,0.054,0.09,0.373,0.283,0.076,0.143,0.067,0.084,0.118,0.034,0.081,0.278,0.197,0.082,0.23,0.148,0.078,0.27,0.192,0.09,0.243,0.153,0.071,0.138,0.067,0.087,0.287,0.2,0.089,0.11,0.021,0.073,0.112,0.039,0.079,0.247,0.168,0.077
0.097,0.182,0.085,0.09,0.078,-0.012,0.104,0.322,0.218,0.092,0.126,0.034,0.092,0.255,0.163,0.079,0.138,0.059,0.092,0.128,0.036,0.079,0.214,0.135,0.092,0.268,0.176,0.087,0.269,0.182,0.089,0.234,0.145,0.077,0.165,0.088,0.079,0.652,0.573,0.092,0.151,0.059,0.064,0.097,0.033,0.076,0.248,0.172,0.076
0.107,0.18,0.073,0.1,0.076,-0.024,0.116,0.365,0.249,0.095,0.188,0.093,0.095,0.331,0.236,0.084,0.131,0.047,0.089,0.123,0.034,0.095,0.227,0.132,0.086,0.237,0.151,0.087,0.247,0.16,0.087,0.237,0.15,0.074,0.149,0.075,0.084,0.258,0.174,0.09,0.107,0.017,0.082,0.118,0.036,0.076,0.221,0.145,0.066
0.102,0.195,0.093,0.09,0.058,-0.032,0.098,0.381,0.283,0.092,0.13,0.038,0.095,0.266,0.171,0.076,0.133,0.057,0.082,0.108,0.026,0.089,0.253,0.164,0.081,0.223,0.142,0.085,0.258,0.173,0.095,0.269,0.174,0.076,0.167,0.091,0.081,0.291,0.21,0.085,0.113,0.028,0.071,0.099,0.028,0.077,0.25,0.173,0.084
0.107,0.214,0.107,0.094,0.255,0.161,0.1,0.359,0.259,0.092,0.38,0.288,0.079,0.383,0.304,0.073,0.12,0.047,0.092,0.107,0.015,0.095,0.243,0.148,0.084,0.258,0.174,0.073,0.276,0.203,0.084,0.283,0.199,0.074,0.185,0.111,0.079,0.289,0.21,0.085,0.116,0.031,0.063,0.106,0.043,0.071,0.227,0.156,0.063
0.105,0.216,0.111,0.093,0.04,-0.053,0.119,0.645,0.526,0.092,0.23,0.138,0.089,0.291,0.202,0.092,0.173,0.081,0.084,0.104,0.02,0.087,0.227,0.14,0.082,0.227,0.145,0.087,0.253,0.166,0.084,0.237,0.153,0.068,0.12,0.052,0.084,0.255,0.171,0.087,0.108,0.021,0.065,0.107,0.042,0.073,0.234,0.161,0.074
0.107,0.19,0.083,0.084,0.139,0.055,0.102,0.331,0.229,0.092,0.434,0.342,0.079,0.338,0.259,0.076,0.146,0.07,0.079,0.126,0.047,0.087,0.227,0.14,0.084,0.237,0.153,0.076,0.265,0.189,0.079,0.242,0.163,0.069,0.139,0.07,0.084,0.27,0.186,0.082,0.1,0.018,0.066,0.133,0.067,0.079,0.227,0.148,0.076
0.092,0.138,0.046,0.087,0.116,0.029,0.091,0.32,0.229,0.087,0.112,0.025,0.087,0.256,0.169,0.073,0.135,0.062,0.095,0.126,0.031,0.089,0.222,0.133,0.092,0.242,0.15,0.082,0.281,0.199,0.09,0.274,0.184,0.079,0.175,0.096,0.073,0.286,0.213,0.079,0.112,0.033,0.074,0.113,0.039,0.071,0.231,0.16,0.069
0.123,0.165,0.042,0.094,0.167,0.073,0.097,0.377,0.28,0.106,1.159,1.053,0.108,0.222,0.114,0.073,0.162,0.089,0.089,0.102,0.013,0.079,1.124,1.045,0.108,0.259,0.151,0.092,0.299,0.207,0.092,0.458,0.366,0.082,0.31,0.228,0.079,0.265,0.186,0.09,0.115,0.025,0.069,0.121,0.052,0.076,0.236,0.16,0.077
0.102,0.19,0.088,0.095,0.178,0.083,0.108,0.37,0.262,0.086,0.167,0.081,0.087,0.219,0.132,0.089,0.159,0.07,0.101,0.106,0.005,0.089,0.255,0.166,0.076,0.247,0.171,0.084,0.284,0.2,0.073,0.25,0.177,0.071,0.187,0.116,0.087,0.302,0.215,0.079,0.102,0.023,0.082,0.118,0.036,0.079,0.237,0.158,0.079
0.094,0.175,0.081,0.094,0.117,0.023,0.116,0.404,0.288,0.095,0.216,0.121,0.095,0.298,0.203,0.089,0.156,0.067,0.095,0.136,0.041,0.087,0.201,0.114,0.09,0.245,0.155,0.087,0.266,0.179,0.084,0.263,0.179,0.079,0.151,0.072,0.079,0.253,0.174,0.092,0.11,0.018,0.076,0.118,0.042,0.078,0.245,0.167,0.078
0.11,0.177,0.067,0.082,0.1,0.018,0.095,0.325,0.23,0.085,0.186,0.101,0.086,0.232,0.146,0.089,0.198,0.109,0.087,0.118,0.031,0.092,0.216,0.124,0.106,0.266,0.16,0.097,0.274,0.177,0.1,0.263,0.163,0.071,0.138,0.067,0.077,0.243,0.166,0.094,0.115,0.021,0.074,0.112,0.038,0.082,0.243,0.161,0.081
0.099,0.12,0.021,0.084,0.315,0.231,0.079,0.146,0.067,0.082,0.123,0.041,0.092,0.287,0.195,0.084,0.151,0.067,0.084,0.103,0.019,0.084,0.234,0.15,0.102,0.274,0.172,0.086,0.271,0.185,0.084,0.255,0.171,0.068,0.154,0.086,0.078,0.263,0.185,0.089,0.161,0.072,0.072,0.095,0.023,0.081,0.26,0.179,0.079
0.089,0.154,0.065,0.092,0.359,0.267,0.087,0.193,0.106,0.076,0.144,0.068,0.089,0.307,0.218,0.097,0.291,0.194,0.095,0.178,0.083,0.084,0.336,0.252,0.102,0.279,0.177,0.076,0.263,0.187,0.086,0.257,0.171,0.058,0.089,0.031,0.079,0.276,0.197,0.09,0.134,0.044,0.068,0.135,0.067,0.084,0.315,0.231,0.092
0.097,0.151,0.054,0.089,0.346,0.257,0.082,0.147,0.065,0.078,0.122,0.044,0.095,0.411,0.316,0.087,0.191,0.104,0.079,0.133,0.054,0.079,0.237,0.158,0.103,0.251,0.148,0.084,0.247,0.163,0.087,0.248,0.161,0.071,0.12,0.049,0.073,0.25,0.177,0.089,0.123,0.034,0.068,0.115,0.047,0.076,0.239,0.163,0.068
0.11,0.195,0.085,0.079,0.11,0.031,0.1,0.334,0.234,0.081,0.133,0.052,0.087,0.24,0.153,0.084,0.156,0.072,0.098,0.173,0.075,0.081,0.177,0.096,0.098,0.251,0.153,0.086,0.26,0.174,0.089,0.245,0.156,0.068,0.138,0.07,0.079,0.297,0.218,0.082,0.144,0.062,0.073,0.104,0.031,0.079,0.256,0.177,0.073
0.089,0.177,0.088,0.087,0.354,0.267,0.105,0.382,0.277,0.085,0.157,0.072,0.092,0.263,0.171,0.09,0.188,0.098,0.084,0.136,0.052,0.082,0.235,0.153,0.094,0.255,0.161,0.066,0.273,0.207,0.1,0.256,0.156,0.076,0.154,0.078,0.076,0.299,0.223,0.095,0.136,0.041,0.084,0.118,0.034,0.081,0.237,0.156,0.073
0.097,0.162,0.065,0.086,0.312,0.226,0.079,0.198,0.119,0.09,0.162,0.072,0.092,0.315,0.223,0.092,0.175,0.083,0.084,0.12,0.036,0.079,0.204,0.125,0.092,0.24,0.148,0.084,0.278,0.194,0.095,0.256,0.161,0.079,0.177,0.098,0.081,0.305,0.224,0.089,0.138,0.049,0.074,0.1,0.026,0.078,0.231,0.153,0.074
0.097,0.174,0.077,0.09,0.354,0.264,0.079,0.178,0.099,0.084,0.167,0.083,0.087,0.302,0.215,0.097,0.45,0.353,0.095,0.183,0.088,0.086,0.211,0.125,0.092,0.256,0.164,0.081,0.27,0.189,0.087,0.266,0.179,0.068,0.172,0.104,0.079,0.284,0.205,0.084,0.117,0.033,0.074,0.11,0.036,0.077,0.232,0.155,0.076
0.089,0.151,0.062,0.09,0.308,0.218,0.086,0.164,0.078,0.084,0.136,0.052,0.094,0.362,0.268,0.087,0.255,0.168,0.087,0.151,0.064,0.095,0.196,0.101,0.079,0.227,0.148,0.081,0.255,0.174,0.084,0.24,0.156,0.066,0.128,0.062,0.081,0.263,0.182,0.094,0.125,0.031,0.069,0.113,0.044,0.079,0.247,0.168,0.076
0.086,0.159,0.073,0.089,0.299,0.21,0.079,0.141,0.062,0.082,0.222,0.14,0.087,0.382,0.295,0.084,0.193,0.109,0.082,0.141,0.059,0.087,0.175,0.088,0.084,0.245,0.161,0.087,0.273,0.186,0.09,0.253,0.163,0.066,0.144,0.078,0.079,0.265,0.186,0.089,0.128,0.039,0.069,0.108,0.039,0.076,0.25,0.174,0.076
0.081,0.141,0.06,0.081,0.289,0.208,0.084,0.154,0.07,0.076,0.177,0.101,0.092,0.458,0.366,0.084,0.237,0.153,0.092,0.162,0.07,0.089,0.149,0.06,0.081,0.26,0.179,0.076,0.258,0.182,0.084,0.292,0.208,0.063,0.119,0.056,0.09,0.331,0.241,0.076,0.157,0.081,0.065,0.104,0.039,0.082,0.292,0.21,0.079
0.084,0.154,0.07,0.081,0.307,0.226,0.076,0.154,0.078,0.073,0.133,0.06,0.079,0.367,0.288,0.078,0.169,0.091,0.09,0.126,0.036,0.087,0.224,0.137,0.084,0.229,0.145,0.084,0.269,0.185,0.092,0.25,0.158,0.063,0.13,0.067,0.076,0.255,0.179,0.09,0.136,0.046,0.066,0.11,0.044,0.076,0.25,0.174,0.079
0.071,0.114,0.043,0.082,0.289,0.207,0.079,0.147,0.068,0.084,0.122,0.038,0.082,0.378,0.296,0.073,0.164,0.091,0.087,0.11,0.023,0.087,0.248,0.161,0.071,0.234,0.163,0.079,0.26,0.181,0.087,0.245,0.158,0.058,0.164,0.106,0.082,0.331,0.249,0.073,0.12,0.047,0.058,0.104,0.046,0.076,0.237,0.161,0.068
0.086,0.156,0.07,0.079,0.284,0.205,0.079,0.149,0.07,0.071,0.107,0.036,0.087,0.338,0.251,0.103,0.196,0.093,0.084,0.141,0.057,0.087,0.199,0.112,0.076,0.234,0.158,0.084,0.265,0.181,0.09,0.264,0.174,0.073,0.136,0.063,0.078,0.26,0.182,0.092,0.138,0.046,0.071,0.105,0.034,0.082,0.258,0.176,0.068
0.079,0.128,0.049,0.081,0.302,0.221,0.078,0.154,0.076,0.084,0.797,0.713,0.087,0.434,0.347,0.077,0.141,0.064,0.082,0.097,0.015,0.076,0.217,0.141,0.107,0.258,0.151,0.092,0.258,0.166,0.097,0.261,0.164,0.076,0.164,0.088,0.079,0.271,0.192,0.092,0.151,0.059,0.061,0.094,0.033,0.079,0.255,0.176,0.071
0.078,0.12,0.042,0.087,0.297,0.21,0.087,0.154,0.067,0.084,0.719,0.635,0.08,0.391,0.311,0.065,0.146,0.081,0.087,0.065,-0.022,0.09,0.238,0.148,0.092,0.255,0.163,0.084,0.255,0.171,0.095,0.261,0.166,0.076,0.17,0.094,0.076,0.263,0.187,0.086,0.146,0.06,0.063,0.097,0.034,0.078,0.242,0.164,0.073
0.123,0.146,0.023,0.103,0.336,0.233,0.098,0.167,0.069,0.114,0.102,-0.012,0.122,0.327,0.205,0.11,0.206,0.096,0.143,0.298,0.155,0.113,0.329,0.216,0.099,0.239,0.14,0.1,0.305,0.205,0.09,0.243,0.153,0.081,0.141,0.06,0.073,0.276,0.203,0.084,0.125,0.041,0.079,0.1,0.021,0.089,0.253,0.164,0.084
0.086,0.13,0.044,0.09,0.289,0.199,0.082,0.162,0.08,0.087,0.105,0.018,0.084,0.31,0.226,0.089,0.195,0.106,0.1,0.147,0.047,0.1,0.237,0.137,0.103,0.23,0.127,0.092,0.271,0.179,0.097,0.247,0.15,0.077,0.121,0.044,0.071,0.278,0.207,0.087,0.123,0.036,0.066,0.11,0.044,0.079,0.242,0.163,0.074
0.081,0.12,0.039,0.089,0.289,0.2,0.079,0.164,0.085,0.087,0.102,0.015,0.082,0.271,0.189,0.082,0.17,0.088,0.108,0.128,0.02,0.098,0.233,0.135,0.099,0.271,0.172,0.086,0.263,0.177,0.102,0.25,0.148,0.084,0.147,0.063,0.089,0.273,0.184,0.092,0.136,0.044,0.076,0.107,0.031,0.084,0.253,0.169,0.066
0.089,0.138,0.049,0.09,0.261,0.171,0.084,0.146,0.062,0.092,0.113,0.021,0.081,0.263,0.182,0.084,0.164,0.08,0.1,0.131,0.031,0.1,0.212,0.112,0.099,0.252,0.153,0.087,0.287,0.2,0.089,0.245,0.156,0.063,0.107,0.044,0.076,0.302,0.226,0.089,0.162,0.073,0.073,0.117,0.044,0.077,0.318,0.241,0.084
0.086,0.156,0.07,0.082,0.271,0.189,0.084,0.146,0.062,0.092,0.11,0.018,0.103,0.3,0.197,0.092,0.177,0.085,0.098,0.163,0.065,0.091,0.185,0.094,0.105,0.245,0.14,0.082,0.25,0.168,0.092,0.237,0.145,0.071,0.1,0.029,0.081,0.276,0.195,0.089,0.128,0.039,0.076,0.107,0.031,0.069,0.258,0.189,0.068
0.094,0.143,0.049,0.087,0.269,0.182,0.081,0.149,0.068,0.078,0.099,0.021,0.087,0.281,0.194,0.092,0.167,0.075,0.108,0.165,0.057,0.095,0.23,0.135,0.095,0.253,0.158,0.058,0.26,0.202,0.087,0.234,0.147,0.071,0.115,0.044,0.084,0.269,0.185,0.092,0.115,0.023,0.073,0.128,0.055,0.076,0.278,0.202,0.069
0.084,0.125,0.041,0.079,0.253,0.174,0.079,0.12,0.041,0.095,0.126,0.031,0.084,0.32,0.236,0.086,0.201,0.115,0.097,0.162,0.065,0.092,0.242,0.15,0.095,0.24,0.145,0.087,0.253,0.166,0.092,0.229,0.137,0.079,0.12,0.041,0.084,0.279,0.195,0.084,0.123,0.039,0.066,0.12,0.054,0.079,0.235,0.156,0.062
0.081,0.115,0.034,0.081,0.26,0.179,0.087,0.126,0.039,0.086,0.125,0.039,0.084,0.261,0.177,0.078,0.12,0.042,0.103,0.154,0.051,0.085,0.222,0.137,0.097,0.281,0.184,0.077,0.258,0.181,0.089,0.24,0.151,0.071,0.133,0.062,0.076,0.263,0.187,0.087,0.128,0.041,0.068,0.112,0.044,0.079,0.266,0.187,0.066
0.081,0.135,0.054,0.077,0.261,0.184,0.081,0.141,0.06,0.079,0.123,0.044,0.084,0.289,0.205,0.086,0.156,0.07,0.087,0.154,0.067,0.093,0.199,0.106,0.097,0.242,0.145,0.082,0.3,0.218,0.068,0.213,0.145,0.074,0.123,0.049,0.073,0.26,0.187,0.084,0.147,0.063,0.068,0.101,0.033,0.077,0.24,0.163,0.074
0.097,0.138,0.041,0.074,0.271,0.197,0.071,0.128,0.057,0.081,0.11,0.029,0.092,0.281,0.189,0.082,0.152,0.07,0.099,0.164,0.065,0.084,0.18,0.096,0.103,0.258,0.155,0.082,0.274,0.192,0.084,0.242,0.158,0.079,0.12,0.041,0.079,0.261,0.182,0.081,0.131,0.05,0.073,0.107,0.034,0.073,0.247,0.174,0.066
0.083,0.138,0.055,0.079,0.258,0.179,0.081,0.141,0.06,0.089,0.11,0.021,0.081,0.255,0.174,0.089,0.144,0.055,0.102,0.149,0.047,0.089,0.209,0.12,0.094,0.904,0.81,0.1,0.289,0.189,0.089,0.245,0.156,0.074,0.12,0.046,0.074,0.26,0.186,0.082,0.118,0.036,0.063,0.115,0.052,0.071,0.247,0.176,0.074
0.092,0.11,0.018,0.086,0.265,0.179,0.084,0.149,0.065,0.084,0.102,0.018,0.082,0.258,0.176,0.084,0.129,0.045,0.105,0.156,0.051,0.087,0.183,0.096,0.105,0.256,0.151,0.084,0.265,0.181,0.095,0.245,0.15,0.074,0.133,0.059,0.082,0.295,0.213,0.081,0.112,0.031,0.071,0.12,0.049,0.077,0.237,0.16,0.066
0.073,0.109,0.036,0.077,0.253,0.176,0.081,0.128,0.047,0.084,0.11,0.026,0.079,0.266,0.187,0.086,0.174,0.088,0.1,0.173,0.073,0.092,0.216,0.124,0.113,0.261,0.148,0.087,0.258,0.171,0.087,0.243,0.156,0.07,0.096,0.026,0.076,0.263,0.187,0.087,0.152,0.065,0.068,0.086,0.018,0.066,0.25,0.184,0.066
0.081,0.135,0.054,0.082,0.258,0.176,0.074,0.123,0.049,0.081,0.115,0.034,0.087,0.255,0.168,0.087,0.178,0.091,0.105,0.152,0.047,0.084,0.206,0.122,0.097,0.255,0.158,0.105,0.313,0.208,0.087,0.242,0.155,0.074,0.128,0.054,0.071,0.245,0.174,0.087,0.136,0.049,0.068,0.115,0.047,0.076,0.255,0.179,0.068
0.081,0.143,0.062,0.079,0.26,0.181,0.082,0.134,0.052,0.081,0.12,0.039,0.092,0.271,0.179,0.087,0.131,0.044,0.105,0.167,0.062,0.082,0.167,0.085,0.092,0.248,0.156,0.092,0.278,0.186,0.087,0.233,0.146,0.07,0.187,0.117,0.087,0.351,0.264,0.079,0.103,0.024,0.071,0.135,0.064,0.069,0.263,0.194,0.076
0.078,0.159,0.081,0.081,0.291,0.21,0.079,0.131,0.052,0.081,0.12,0.039,0.092,0.294,0.202,0.085,0.144,0.059,0.1,0.149,0.049,0.084,0.186,0.102,0.092,0.25,0.158,0.089,0.271,0.182,0.084,0.26,0.176,0.074,0.139,0.065,0.086,0.317,0.231,0.079,0.12,0.041,0.077,0.113,0.036,0.074,0.257,0.183,0.066
0.094,0.154,0.06,0.081,0.258,0.177,0.086,0.112,0.026,0.09,0.144,0.054,0.081,0.299,0.218,0.09,0.175,0.085,0.113,0.142,0.029,0.094,0.211,0.117,0.087,0.234,0.147,0.087,0.253,0.166,0.082,0.237,0.155,0.074,0.113,0.039,0.079,0.257,0.178,0.085,0.136,0.051,0.071,0.095,0.024,0.079,0.252,0.173,0.071
0.081,0.154,0.073,0.063,0.273,0.21,0.068,0.107,0.039,0.079,0.12,0.041,0.076,0.258,0.182,0.087,0.182,0.095,0.098,0.168,0.07,0.094,0.219,0.125,0.084,0.296,0.212,0.09,0.256,0.166,0.087,0.25,0.163,0.068,0.112,0.044,0.074,0.255,0.181,0.079,0.095,0.016,0.063,0.143,0.08,0.071,0.242,0.171,0.063
0.076,0.133,0.057,0.078,0.244,0.166,0.079,0.147,0.068,0.079,0.099,0.02,0.09,0.287,0.197,0.076,0.138,0.062,0.095,0.138,0.043,0.082,0.217,0.135,0.063,0.356,0.293,0.092,0.295,0.203,0.084,0.26,0.176,0.066,0.094,0.028,0.074,0.263,0.189,0.081,0.144,0.063,0.078,0.099,0.021,0.074,0.258,0.184,0.076
0.102,0.203,0.101,0.082,0.279,0.197,0.081,0.146,0.065,0.082,0.102,0.02,0.09,0.268,0.178,0.087,0.163,0.076,0.097,0.138,0.041,0.087,0.224,0.137,0.077,0.398,0.321,0.121,0.339,0.218,0.105,0.266,0.161,0.071,0.113,0.042,0.073,0.255,0.182,0.089,0.107,0.018,0.069,0.151,0.082,0.079,0.269,0.19,0.068
0.089,0.115,0.026,0.087,0.253,0.166,0.089,0.185,0.096,0.084,0.097,0.013,0.082,0.286,0.204,0.082,0.214,0.132,0.105,0.131,0.026,0.097,0.248,0.151,0.1,0.25,0.15,0.084,0.253,0.169,0.087,0.26,0.173,0.077,0.133,0.056,0.079,0.269,0.19,0.081,0.208,0.127,0.066,0.131,0.065,0.076,0.281,0.205,0.063
0.086,0.141,0.055,0.081,0.232,0.151,0.084,0.169,0.085,0.084,0.07,-0.014,0.08,0.272,0.192,0.087,0.237,0.15,0.097,0.16,0.063,0.097,0.268,0.171,0.087,0.245,0.158,0.079,0.258,0.179,0.079,0.252,0.173,0.069,0.113,0.044,0.084,0.302,0.218,0.092,1.558,1.466,0.086,0.11,0.024,0.076,0.33,0.254,0.082
0.094,0.133,0.039,0.079,0.245,0.166,0.071,0.13,0.059,0.085,0.121,0.036,0.087,0.286,0.199,0.082,0.167,0.085,0.084,0.103,0.019,0.086,0.174,0.088,0.111,0.272,0.161,0.089,0.257,0.168,0.087,0.232,0.145,0.082,0.178,0.096,0.081,0.31,0.229,0.084,0.136,0.052,0.071,0.117,0.046,0.071,0.274,0.203,0.068
0.11,0.193,0.083,0.081,0.247,0.166,0.079,0.149,0.07,0.082,0.107,0.025,0.087,0.245,0.158,0.082,0.131,0.049,0.092,0.108,0.016,0.081,0.237,0.156,0.105,0.261,0.156,0.095,0.276,0.181,0.079,0.253,0.174,0.068,0.154,0.086,0.078,0.522,0.444,0.079,0.131,0.052,0.078,0.143,0.065,0.079,0.284,0.205,0.071
0.097,0.136,0.039,0.081,0.242,0.161,0.084,0.159,0.075,0.087,0.1,0.013,0.087,0.224,0.137,0.079,0.146,0.067,0.09,0.103,0.013,0.087,0.24,0.153,0.102,0.261,0.159,0.094,0.265,0.171,0.084,0.261,0.177,0.063,0.133,0.07,0.079,0.284,0.205,0.091,0.149,0.058,0.078,0.125,0.047,0.087,0.245,0.158,0.084
0.089,0.133,0.044,0.081,0.25,0.169,0.084,0.157,0.073,0.087,0.102,0.015,0.076,0.252,0.176,0.082,0.147,0.065,0.081,0.099,0.018,0.079,0.172,0.093,0.121,0.277,0.156,0.097,0.266,0.169,0.097,0.276,0.179,0.071,0.146,0.075,0.079,0.328,0.249,0.084,0.136,0.052,0.071,0.105,0.034,0.081,0.268,0.187,0.066
0.076,0.133,0.057,0.081,0.252,0.171,0.085,0.147,0.062,0.073,0.102,0.029,0.084,0.247,0.163,0.079,0.152,0.073,0.078,0.096,0.018,0.09,0.207,0.117,0.1,0.265,0.165,0.087,0.274,0.187,0.089,0.25,0.161,0.074,0.149,0.075,0.081,0.32,0.239,0.084,0.131,0.047,0.074,0.112,0.038,0.071,0.25,0.179,0.074
0.081,0.128,0.047,0.081,0.263,0.182,0.081,0.159,0.078,0.081,0.099,0.018,0.079,0.25,0.171,0.087,0.165,0.078,0.092,0.11,0.018,0.076,0.219,0.143,0.102,0.274,0.172,0.094,0.26,0.166,0.103,0.266,0.163,0.076,0.139,0.063,0.079,0.286,0.207,0.081,0.118,0.037,0.079,0.112,0.033,0.069,0.237,0.168,0.066
0.081,0.112,0.031,0.082,0.242,0.16,0.084,0.162,0.078,0.079,0.105,0.026,0.087,0.245,0.158,0.071,0.141,0.07,0.087,0.097,0.01,0.079,0.188,0.109,0.105,0.284,0.179,0.084,0.271,0.187,0.076,0.231,0.155,0.074,0.157,0.083,0.074,0.276,0.202,0.081,0.131,0.05,0.078,0.107,0.029,0.079,0.245,0.166,0.065
0.089,0.149,0.06,0.086,0.27,0.184,0.085,0.152,0.067,0.079,0.128,0.049,0.092,0.328,0.236,0.089,0.17,0.081,0.089,0.123,0.034,0.084,0.216,0.132,0.103,0.253,0.15,0.09,0.289,0.199,0.1,0.263,0.163,0.085,0.238,0.153,0.073,0.307,0.234,0.078,0.123,0.045,0.073,0.12,0.047,0.076,0.252,0.176,0.068
0.081,0.11,0.029,0.078,0.255,0.177,0.079,0.161,0.082,0.074,0.092,0.018,0.09,0.294,0.204,0.09,0.209,0.119,0.09,0.126,0.036,0.089,0.328,0.239,0.1,0.258,0.158,0.079,0.252,0.173,0.106,0.279,0.173,0.069,0.198,0.129,0.069,0.297,0.228,0.079,0.169,0.09,0.074,0.123,0.049,0.077,0.269,0.192,0.07
0.076,0.128,0.052,0.083,0.257,0.174,0.079,0.172,0.093,0.058,0.084,0.026,0.09,0.284,0.194,0.087,0.17,0.083,0.081,0.099,0.018,0.082,0.255,0.173,0.098,0.282,0.184,0.089,0.268,0.179,0.087,0.258,0.171,0.063,0.144,0.081,0.078,0.281,0.203,0.081,0.128,0.047,0.073,0.115,0.042,0.071,0.237,0.166,0.063
0.084,0.167,0.083,0.081,0.265,0.184,0.069,0.175,0.106,0.076,0.608,0.532,0.073,0.556,0.483,0.087,0.185,0.098,0.087,0.152,0.065,0.087,0.211,0.124,0.092,0.237,0.145,0.082,0.274,0.192,0.1,0.26,0.16,0.074,0.173,0.099,0.076,0.288,0.212,0.085,0.144,0.059,0.063,0.107,0.044,0.071,0.235,0.164,0.065
0.068,0.133,0.065,0.081,0.27,0.189,0.074,0.17,0.096,0.06,0.109,0.049,0.09,0.292,0.202,0.092,0.175,0.083,0.087,0.133,0.046,0.09,0.191,0.101,0.092,0.255,0.163,0.074,0.263,0.189,0.09,0.25,0.16,0.069,0.198,0.129,0.079,0.318,0.239,0.081,0.11,0.029,0.063,0.143,0.08,0.076,0.245,0.169,0.079
0.068,0.133,0.065,0.081,0.258,0.177,0.081,0.156,0.075,0.074,0.115,0.041,0.084,0.289,0.205,0.087,0.219,0.132,0.084,0.118,0.034,0.087,0.209,0.122,0.084,0.236,0.152,0.085,0.276,0.191,0.09,0.261,0.171,0.068,0.133,0.065,0.077,0.31,0.233,0.076,0.131,0.055,0.076,0.109,0.033,0.074,0.258,0.184,0.066
0.076,0.12,0.044,0.084,0.258,0.174,0.076,0.154,0.078,0.076,0.107,0.031,0.09,0.263,0.173,0.082,0.149,0.067,0.097,0.118,0.021,0.092,0.245,0.153,0.103,0.268,0.165,0.09,0.285,0.195,0.094,0.263,0.169,0.071,0.2,0.129,0.077,0.318,0.241,0.079,0.125,0.046,0.071,0.102,0.031,0.071,0.266,0.195,0.073
0.076,0.122,0.046,0.079,0.248,0.169,0.073,0.146,0.073,0.082,0.113,0.031,0.086,0.257,0.171,0.077,0.134,0.057,0.097,0.125,0.028,0.09,0.222,0.132,0.089,0.245,0.156,0.076,0.271,0.195,0.1,0.258,0.158,0.079,0.18,0.101,0.073,0.32,0.247,0.076,0.128,0.052,0.068,0.107,0.039,0.066,0.252,0.186,0.068
0.078,0.128,0.05,0.076,0.239,0.163,0.079,0.154,0.075,0.079,0.097,0.018,0.082,0.268,0.186,0.082,0.224,0.142,0.087,0.118,0.031,0.09,0.173,0.083,0.089,0.258,0.169,0.084,0.268,0.184,0.095,0.253,0.158,0.073,0.156,0.083,0.076,0.307,0.231,0.082,0.126,0.044,0.063,0.102,0.039,0.068,0.257,0.189,0.066
0.073,0.133,0.06,0.084,0.26,0.176,0.076,0.167,0.091,0.066,0.099,0.033,0.092,0.258,0.166,0.09,0.219,0.129,0.082,0.105,0.023,0.089,0.18,0.091,0.098,0.31,0.212,0.058,0.296,0.238,0.122,0.342,0.22,0.082,0.216,0.134,0.071,0.427,0.356,0.073,0.122,0.049,0.066,0.107,0.041,0.061,0.248,0.187,0.068
0.089,0.322,0.233,0.087,0.448,0.361,0.081,0.146,0.065,0.087,0.141,0.054,0.089,0.248,0.159,0.084,0.167,0.083,0.102,0.12,0.018,0.082,0.193,0.111,0.111,0.272,0.161,0.081,0.26,0.179,0.087,0.268,0.181,0.087,0.245,0.158,0.079,0.323,0.244,0.084,0.118,0.034,0.065,0.112,0.047,0.074,0.25,0.176,0.071
0.081,0.128,0.047,0.081,0.252,0.171,0.084,0.144,0.06,0.076,0.118,0.042,0.092,0.244,0.152,0.085,0.175,0.09,0.09,0.128,0.038,0.093,0.178,0.085,0.098,0.258,0.16,0.082,0.271,0.189,0.079,0.255,0.176,0.074,0.165,0.091,0.076,0.304,0.228,0.079,0.125,0.046,0.066,0.102,0.036,0.069,0.248,0.179,0.065
0.081,0.112,0.031,0.082,0.253,0.171,0.076,0.159,0.083,0.073,0.091,0.018,0.084,0.256,0.172,0.079,0.146,0.067,0.087,0.102,0.015,0.076,0.289,0.213,0.095,0.279,0.184,0.092,0.284,0.192,0.092,0.294,0.202,0.071,0.201,0.13,0.073,0.33,0.257,0.084,0.203,0.119,0.069,0.087,0.018,0.068,0.266,0.198,0.07
0.068,0.133,0.065,0.078,0.242,0.164,0.081,0.164,0.083,0.069,0.107,0.038,0.079,0.396,0.317,0.086,0.421,0.335,0.087,0.183,0.096,0.084,0.221,0.137,0.087,0.243,0.156,0.078,0.286,0.208,0.087,0.258,0.171,0.074,0.234,0.16,0.074,0.352,0.278,0.086,0.112,0.026,0.071,0.125,0.054,0.077,0.269,0.192,0.07
0.081,0.159,0.078,0.087,0.247,0.16,0.079,0.157,0.078,0.076,0.13,0.054,0.087,0.334,0.247,0.081,0.161,0.08,0.079,0.09,0.011,0.081,0.276,0.195,0.094,0.273,0.179,0.09,0.284,0.194,0.098,0.321,0.223,0.081,0.239,0.158,0.076,0.297,0.221,0.087,0.141,0.054,0.06,0.094,0.034,0.071,0.237,0.166,0.066
0.084,0.156,0.072,0.087,0.307,0.22,0.071,0.16,0.089,0.068,0.135,0.067,0.09,0.378,0.288,0.092,0.359,0.267,0.102,0.206,0.104,0.095,1.454,1.359,0.079,0.237,0.158,0.082,0.256,0.174,0.086,0.278,0.192,0.068,0.177,0.109,0.074,0.256,0.182,0.084,0.151,0.067,0.06,0.086,0.026,0.076,0.261,0.185,0.068
0.081,0.151,0.07,0.081,0.341,0.26,0.081,0.162,0.081,0.071,0.128,0.057,0.081,0.374,0.293,0.09,0.206,0.116,0.074,0.12,0.046,0.093,0.362,0.269,0.09,0.24,0.15,0.079,0.273,0.194,0.069,0.25,0.181,0.055,0.128,0.073,0.068,0.314,0.246,0.079,0.116,0.037,0.06,0.109,0.049,0.074,0.263,0.189,0.068
0.084,0.153,0.069,0.085,0.155,0.07,0.102,0.343,0.241,0.092,0.347,0.255,0.065,0.499,0.434,0.071,0.122,0.051,0.079,0.1,0.021,0.086,0.424,0.338,0.094,0.258,0.164,0.079,0.284,0.205,0.092,0.268,0.176,0.087,0.235,0.148,0.079,0.286,0.207,0.087,0.112,0.025,0.069,0.121,0.052,0.068,0.247,0.179,0.068
0.081,0.117,0.036,0.092,0.136,0.044,0.082,0.307,0.225,0.076,0.196,0.12,0.087,0.232,0.145,0.081,0.162,0.081,0.079,0.122,0.043,0.087,0.347,0.26,0.092,0.255,0.163,0.076,0.271,0.195,0.071,0.255,0.184,0.055,0.112,0.057,0.071,0.257,0.186,0.087,0.149,0.062,0.058,0.097,0.039,0.074,0.242,0.168,0.061
0.092,0.159,0.067,0.089,0.144,0.055,0.097,0.341,0.244,0.074,0.333,0.259,0.084,0.322,0.238,0.066,0.121,0.055,0.079,0.089,0.01,0.079,0.31,0.231,0.081,0.239,0.158,0.053,0.245,0.192,0.076,0.289,0.213,0.06,0.164,0.104,0.076,0.291,0.215,0.084,0.134,0.05,0.06,0.112,0.052,0.073,0.245,0.172,0.06
0.102,0.185,0.083,0.089,0.133,0.044,0.1,0.331,0.231,0.084,0.3,0.216,0.081,0.257,0.176,0.092,0.209,0.117,0.103,0.188,0.085,0.092,0.668,0.576,0.097,0.256,0.159,0.078,0.278,0.2,0.084,0.258,0.174,0.061,0.128,0.067,0.068,0.247,0.179,0.087,0.131,0.044,0.068,0.102,0.034,0.071,0.252,0.181,0.061
0.092,0.169,0.077,0.082,0.1,0.018,0.084,0.33,0.246,0.084,0.44,0.356,0.082,0.278,0.196,0.072,0.142,0.07,0.073,0.096,0.023,0.082,0.253,0.171,0.097,0.248,0.151,0.068,0.247,0.179,0.084,0.25,0.166,0.066,0.117,0.051,0.074,0.256,0.182,0.084,0.138,0.054,0.071,0.1,0.029,0.068,0.247,0.179,0.063
0.097,0.177,0.08,0.09,0.068,-0.022,0.103,0.347,0.244,0.084,0.131,0.047,0.092,0.247,0.155,0.085,0.155,0.07,0.081,0.099,0.018,0.09,0.222,0.132,0.089,0.24,0.151,0.089,0.26,0.171,0.084,0.247,0.163,0.069,0.121,0.052,0.081,0.27,0.189,0.087,0.152,0.065,0.071,0.097,0.026,0.079,0.25,0.171,0.076
0.107,0.164,0.057,0.087,0.287,0.2,0.079,0.13,0.051,0.077,0.126,0.049,0.082,0.351,0.269,0.082,0.154,0.072,0.082,0.1,0.018,0.081,0.247,0.166,0.092,0.245,0.153,0.092,0.269,0.177,0.078,0.237,0.159,0.073,0.117,0.044,0.079,0.279,0.2,0.087,0.146,0.059,0.068,0.1,0.032,0.076,0.244,0.168,0.061
0.102,0.195,0.093,0.09,0.147,0.057,0.092,0.305,0.213,0.089,0.325,0.236,0.084,0.227,0.143,0.071,0.151,0.08,0.08,0.084,0.004,0.082,0.25,0.168,0.108,0.261,0.153,0.089,0.307,0.218,0.055,0.239,0.184,0.071,0.18,0.109,0.076,0.268,0.192,0.085,0.123,0.038,0.066,0.113,0.047,0.068,0.239,0.171,0.071
0.102,0.182,0.08,0.077,0.087,0.01,0.076,0.299,0.223,0.082,0.139,0.057,0.087,0.234,0.147,0.084,0.157,0.073,0.084,0.11,0.026,0.089,0.227,0.138,0.084,0.234,0.15,0.084,0.266,0.182,0.092,0.248,0.156,0.071,0.151,0.08,0.079,0.315,0.236,0.087,0.105,0.018,0.06,0.13,0.07,0.068,0.211,0.143,0.074
0.102,0.195,0.093,0.098,0.178,0.08,0.1,0.359,0.259,0.082,0.334,0.252,0.078,0.291,0.213,0.087,0.569,0.482,0.087,0.134,0.047,0.102,0.208,0.106,0.098,0.253,0.155,0.058,0.253,0.195,0.1,0.25,0.15,0.074,0.136,0.062,0.073,0.286,0.213,0.095,0.157,0.062,0.073,0.094,0.021,0.084,0.245,0.161,0.068
0.115,0.164,0.049,0.079,0.097,0.018,0.09,0.292,0.202,0.089,0.123,0.034,0.084,0.221,0.137,0.082,0.139,0.057,0.097,0.128,0.031,0.082,0.276,0.194,0.087,0.25,0.163,0.087,0.261,0.174,0.108,0.271,0.163,0.087,0.196,0.109,0.076,0.307,0.231,0.079,0.12,0.041,0.071,0.118,0.047,0.076,0.234,0.158,0.066
0.089,0.169,0.08,0.079,0.128,0.049,0.106,0.339,0.233,0.097,0.165,0.068,0.084,0.247,0.163,0.076,0.185,0.109,0.095,0.131,0.036,0.079,0.196,0.117,0.1,0.247,0.147,0.085,0.269,0.184,0.094,0.253,0.159,0.078,0.148,0.07,0.082,0.331,0.249,0.081,0.141,0.06,0.076,0.099,0.023,0.063,0.25,0.187,0.074
0.105,0.143,0.038,0.082,0.103,0.021,0.081,0.346,0.265,0.084,0.149,0.065,0.084,0.333,0.249,0.089,0.25,0.161,0.092,0.144,0.052,0.092,0.167,0.075,0.097,0.248,0.151,0.094,0.268,0.174,0.087,0.255,0.168,0.069,0.123,0.054,0.079,0.38,0.301,0.081,0.133,0.052,0.079,0.123,0.044,0.081,0.245,0.164,0.071
0.1,0.162,0.062,0.084,0.099,0.015,0.076,0.286,0.21,0.085,0.108,0.023,0.081,0.219,0.138,0.074,0.185,0.111,0.087,0.105,0.018,0.081,0.296,0.215,0.056,0.315,0.259,0.092,0.274,0.182,0.084,0.239,0.155,0.061,0.154,0.093,0.079,0.478,0.399,0.082,0.108,0.026,0.073,0.125,0.052,0.063,0.232,0.169,0.068
0.092,0.167,0.075,0.095,0.076,-0.019,0.082,0.315,0.233,0.082,0.17,0.088,0.081,0.234,0.153,0.09,0.152,0.062,0.092,0.11,0.018,0.087,0.219,0.132,0.1,0.248,0.148,0.092,0.252,0.16,0.098,0.251,0.153,0.081,0.206,0.125,0.087,0.359,0.272,0.086,0.12,0.034,0.082,0.126,0.044,0.086,0.232,0.146,0.076
0.094,0.185,0.091,0.087,0.097,0.01,0.087,0.307,0.22,0.071,0.133,0.062,0.084,0.23,0.146,0.081,0.159,0.078,0.105,0.121,0.016,0.081,0.232,0.151,0.102,0.253,0.151,0.094,0.263,0.169,0.1,0.263,0.163,0.079,0.157,0.078,0.078,0.302,0.224,0.092,0.154,0.062,0.076,0.136,0.06,0.084,0.25,0.166,0.079
0.092,0.159,0.067,0.079,0.1,0.021,0.068,0.293,0.225,0.095,0.15,0.055,0.086,0.229,0.143,0.079,0.133,0.054,0.097,0.116,0.019,0.089,0.255,0.166,0.105,0.313,0.208,0.079,0.255,0.176,0.097,0.255,0.158,0.079,0.157,0.078,0.076,0.312,0.236,0.076,0.113,0.037,0.081,0.107,0.026,0.068,0.229,0.161,0.069
0.097,0.177,0.08,0.095,0.453,0.358,0.089,0.159,0.07,0.087,0.167,0.08,0.087,0.31,0.223,0.108,0.243,0.135,0.094,0.115,0.021,0.095,0.24,0.145,0.095,0.235,0.14,0.094,0.247,0.153,0.095,0.315,0.22,0.1,0.697,0.597,0.081,0.333,0.252,0.079,0.097,0.018,0.068,0.123,0.055,0.073,0.247,0.174,0.081
0.102,0.175,0.073,0.079,0.138,0.059,0.095,0.336,0.241,0.092,0.518,0.426,0.086,0.26,0.174,0.074,0.17,0.096,0.086,0.075,-0.011,0.085,0.256,0.171,0.111,0.264,0.153,0.078,0.252,0.174,0.097,0.256,0.159,0.081,0.247,0.166,0.071,0.369,0.298,0.077,0.108,0.031,0.081,0.12,0.039,0.071,0.232,0.161,0.073
0.091,0.151,0.06,0.084,0.141,0.057,0.089,0.297,0.208,0.097,0.38,0.283,0.097,0.201,0.104,0.082,0.51,0.428,0.081,0.138,0.057,0.092,0.248,0.156,0.089,0.247,0.158,0.084,0.253,0.169,0.095,0.243,0.148,0.081,0.151,0.07,0.081,0.32,0.239,0.082,0.115,0.033,0.079,0.115,0.036,0.077,0.24,0.163,0.084
0.092,0.154,0.062,0.084,0.102,0.018,0.079,0.307,0.228,0.089,0.118,0.029,0.079,0.221,0.142,0.076,0.162,0.086,0.095,0.118,0.023,0.089,0.318,0.229,0.073,0.255,0.182,0.073,0.273,0.2,0.068,0.444,0.376,0.082,0.248,0.166,0.081,0.356,0.275,0.079,0.108,0.029,0.078,0.117,0.039,0.074,0.229,0.155,0.074
0.076,0.135,0.059,0.074,0.105,0.031,0.081,0.31,0.229,0.086,0.138,0.052,0.087,0.224,0.137,0.085,0.149,0.064,0.106,0.124,0.018,0.089,0.237,0.148,0.102,0.263,0.161,0.103,0.295,0.192,0.097,0.271,0.174,0.081,0.18,0.099,0.071,0.281,0.21,0.086,0.185,0.099,0.071,0.092,0.021,0.078,0.247,0.169,0.079
0.097,0.125,0.028,0.087,0.307,0.22,0.079,0.123,0.044,0.092,0.126,0.034,0.087,0.325,0.238,0.095,0.209,0.114,0.1,0.139,0.039,0.097,0.222,0.125,0.081,0.229,0.148,0.09,0.299,0.209,0.087,0.269,0.182,0.065,0.133,0.068,0.071,0.304,0.233,0.082,0.123,0.041,0.079,0.113,0.034,0.068,0.226,0.158,0.063
0.089,0.143,0.054,0.092,0.11,0.018,0.085,0.295,0.21,0.081,0.18,0.099,0.092,0.377,0.285,0.079,0.149,0.07,0.084,0.102,0.018,0.079,0.193,0.114,0.1,0.258,0.158,0.095,0.261,0.166,0.092,0.255,0.163,0.074,0.144,0.07,0.079,0.309,0.23,0.082,0.105,0.023,0.076,0.115,0.039,0.073,0.239,0.166,0.069
0.1,0.164,0.064,0.103,0.36,0.257,0.1,0.377,0.277,0.082,0.344,0.262,0.065,0.35,0.285,0.069,0.131,0.062,0.1,0.076,-0.024,0.098,0.326,0.228,0.113,0.295,0.182,0.087,0.271,0.184,0.086,0.289,0.203,0.039,0.119,0.08,0.077,0.284,0.207,0.084,0.118,0.034,0.079,0.11,0.031,0.071,0.25,0.179,0.076
0.1,0.164,0.064,0.09,0.149,0.059,0.09,0.297,0.207,0.095,0.154,0.059,0.095,0.24,0.145,0.082,0.147,0.065,0.097,0.133,0.036,0.084,0.214,0.13,0.115,0.276,0.161,0.103,0.287,0.184,0.097,0.25,0.153,0.087,0.144,0.057,0.079,0.279,0.2,0.094,0.138,0.044,0.077,0.097,0.02,0.082,0.256,0.174,0.076
0.097,0.167,0.07,0.081,0.317,0.236,0.085,0.147,0.062,0.081,0.112,0.031,0.084,0.294,0.21,0.095,0.331,0.236,0.076,0.105,0.029,0.089,0.247,0.158,0.084,0.24,0.156,0.087,0.255,0.168,0.079,0.263,0.184,0.055,0.099,0.044,0.069,0.263,0.194,0.082,0.128,0.046,0.066,0.102,0.036,0.061,0.208,0.147,0.069
0.089,0.174,0.085,0.092,0.168,0.076,0.092,0.636,0.544,0.092,0.235,0.143,0.087,0.258,0.171,0.092,0.164,0.072,0.079,0.098,0.019,0.089,0.237,0.148,0.089,0.242,0.153,0.095,0.274,0.179,0.081,0.271,0.19,0.07,0.161,0.091,0.079,0.289,0.21,0.081,0.115,0.034,0.076,0.113,0.037,0.073,0.231,0.158,0.066
0.105,0.164,0.059,0.09,0.331,0.241,0.076,0.13,0.054,0.087,0.118,0.031,0.082,0.396,0.314,0.087,0.162,0.075,0.081,0.099,0.018,0.087,0.287,0.2,0.084,0.221,0.137,0.082,0.268,0.186,0.082,0.261,0.179,0.073,0.182,0.109,0.079,0.287,0.208,0.084,0.11,0.026,0.063,0.107,0.044,0.071,0.224,0.153,0.065
0.084,0.148,0.064,0.085,0.17,0.085,0.089,0.357,0.268,0.089,0.351,0.262,0.066,0.203,0.137,0.068,0.141,0.073,0.076,0.089,0.013,0.077,0.289,0.212,0.082,0.24,0.158,0.092,0.286,0.194,0.076,0.253,0.177,0.06,0.12,0.06,0.076,0.273,0.197,0.084,0.11,0.026,0.076,0.115,0.039,0.074,0.224,0.15,0.069
0.086,0.154,0.068,0.086,0.169,0.083,0.09,0.318,0.228,0.089,0.37,0.281,0.084,0.208,0.124,0.089,0.875,0.786,0.09,0.194,0.104,0.099,0.276,0.177,0.095,0.242,0.147,0.077,0.256,0.179,0.092,0.255,0.163,0.076,0.164,0.088,0.076,0.274,0.198,0.087,0.044,-0.043,0.08,0.259,0.179,0.073,0.244,0.171,0.074
0.092,0.175,0.083,0.092,0.377,0.285,0.092,0.17,0.078,0.084,0.11,0.026,0.097,0.33,0.233,0.108,0.274,0.166,0.103,0.17,0.067,0.092,0.279,0.187,0.089,0.237,0.148,0.087,0.266,0.179,0.084,0.255,0.171,0.058,0.118,0.06,0.073,0.273,0.2,0.089,0.133,0.044,0.066,0.102,0.036,0.074,0.214,0.14,0.068
0.094,0.169,0.075,0.082,0.167,0.085,0.092,0.315,0.223,0.092,0.157,0.065,0.087,0.237,0.15,0.084,0.18,0.096,0.098,0.137,0.039,0.081,0.226,0.145,0.084,0.235,0.151,0.087,0.26,0.173,0.074,0.245,0.171,0.063,0.125,0.062,0.082,0.284,0.202,0.084,0.12,0.036,0.064,0.095,0.031,0.081,0.229,0.148,0.068
0.102,0.169,0.067,0.09,0.129,0.039,0.105,0.336,0.231,0.094,0.247,0.153,0.082,0.253,0.171,0.089,0.175,0.086,0.105,0.175,0.07,0.1,0.315,0.215,0.095,0.24,0.145,0.079,0.281,0.202,0.106,0.334,0.228,0.079,0.232,0.153,0.092,0.286,0.194,0.092,0.128,0.036,0.072,0.105,0.033,0.076,0.216,0.14,0.071
0.102,0.172,0.07,0.087,0.115,0.028,0.082,0.297,0.215,0.079,0.126,0.047,0.091,0.258,0.167,0.099,0.252,0.153,0.098,0.269,0.171,0.1,0.31,0.21,0.1,0.274,0.174,0.057,0.249,0.192,0.087,0.281,0.194,0.077,0.142,0.065,0.079,0.263,0.184,0.084,0.151,0.067,0.055,0.097,0.042,0.084,0.242,0.158,0.071
0.1,0.169,0.069,0.093,0.071,-0.022,0.093,0.308,0.215,0.084,0.112,0.028,0.095,0.245,0.15,0.09,0.163,0.073,0.079,0.091,0.012,0.082,0.313,0.231,0.097,0.271,0.174,0.079,0.299,0.22,0.071,0.248,0.177,0.06,0.145,0.085,0.071,0.258,0.187,0.084,0.131,0.047,0.071,0.099,0.028,0.071,0.237,0.166,0.061
0.094,0.172,0.078,0.089,0.177,0.088,0.087,0.352,0.265,0.071,0.125,0.054,0.082,0.326,0.244,0.084,0.164,0.08,0.073,0.102,0.029,0.082,0.258,0.176,0.1,0.255,0.155,0.103,0.284,0.181,0.09,0.284,0.194,0.069,0.167,0.098,0.066,0.271,0.205,0.081,0.123,0.042,0.081,0.102,0.021,0.076,0.229,0.153,0.071
0.089,0.156,0.067,0.074,0.123,0.049,0.111,0.326,0.215,0.092,0.206,0.114,0.082,0.24,0.158,0.1,0.216,0.116,0.093,0.124,0.031,0.086,0.239,0.153,0.108,0.261,0.153,0.09,0.284,0.194,0.082,0.26,0.178,0.069,0.126,0.057,0.076,0.291,0.215,0.084,0.146,0.062,0.077,0.149,0.072,0.074,0.237,0.163,0.084
0.081,0.187,0.106,0.082,0.37,0.288,0.081,0.167,0.086,0.089,0.123,0.034,0.073,0.335,0.262,0.087,0.183,0.096,0.071,0.089,0.018,0.084,0.297,0.213,0.081,0.229,0.148,0.081,0.279,0.198,0.065,0.267,0.202,0.079,0.175,0.096,0.071,0.32,0.249,0.084,0.149,0.065,0.063,0.092,0.029,0.089,0.247,0.158,0.074
0.1,0.182,0.082,0.095,0.136,0.041,0.079,0.307,0.228,0.082,0.175,0.093,0.085,0.24,0.155,0.082,0.196,0.114,0.079,0.099,0.02,0.082,0.439,0.357,0.095,0.243,0.148,0.076,0.26,0.184,0.087,0.248,0.161,0.074,0.146,0.072,0.082,0.261,0.179,0.086,0.125,0.039,0.066,0.102,0.036,0.071,0.222,0.151,0.065
0.094,0.167,0.073,0.092,0.11,0.018,0.097,0.346,0.249,0.092,0.23,0.138,0.076,0.247,0.171,0.079,0.196,0.117,0.078,0.125,0.047,0.087,0.279,0.192,0.1,0.245,0.145,0.076,0.258,0.182,0.081,0.26,0.179,0.074,0.201,0.127,0.073,0.27,0.197,0.087,0.147,0.06,0.063,0.088,0.025,0.074,0.232,0.158,0.082
0.089,0.143,0.054,0.079,0.785,0.706,0.087,0.154,0.067,0.087,0.11,0.023,0.089,0.333,0.244,0.082,0.219,0.137,0.084,0.102,0.018,0.09,0.333,0.243,0.079,0.232,0.153,0.077,0.274,0.197,0.086,0.252,0.166,0.071,0.159,0.088,0.082,0.326,0.244,0.086,0.123,0.037,0.076,0.11,0.034,0.081,0.224,0.143,0.079
0.097,0.182,0.085,0.103,0.147,0.044,0.087,0.299,0.212,0.087,0.243,0.156,0.089,0.221,0.132,0.087,0.193,0.106,0.077,0.095,0.018,0.078,0.291,0.213,0.098,0.243,0.145,0.086,0.294,0.208,0.081,0.247,0.166,0.071,0.141,0.07,0.082,0.274,0.192,0.094,0.131,0.037,0.078,0.107,0.029,0.076,0.229,0.153,0.079
0.091,0.18,0.089,0.128,0.816,0.688,0.087,0.162,0.075,0.063,0.109,0.046,0.108,0.35,0.242,0.084,0.133,0.049,0.079,0.097,0.018,0.092,0.279,0.187,0.049,0.27,0.221,0.055,0.247,0.192,0.092,0.255,0.163,0.071,0.151,0.08,0.085,0.284,0.199,0.087,0.118,0.031,0.079,0.139,0.06,0.081,0.234,0.153,0.074
0.102,0.164,0.062,0.093,0.648,0.555,0.084,0.154,0.07,0.076,0.117,0.041,0.092,0.31,0.218,0.087,0.165,0.078,0.079,0.097,0.018,0.081,0.25,0.169,0.071,0.239,0.168,0.09,0.266,0.176,0.082,0.26,0.178,0.058,0.118,0.06,0.071,0.296,0.225,0.074,0.105,0.031,0.068,0.107,0.039,0.068,0.232,0.164,0.079
0.089,0.211,0.122,0.115,0.255,0.14,0.098,0.417,0.319,0.092,0.19,0.098,0.09,0.258,0.168,0.087,0.149,0.062,0.069,0.1,0.031,0.089,0.268,0.179,0.076,0.239,0.163,0.085,0.284,0.199,0.079,0.256,0.177,0.063,0.135,0.072,0.076,0.297,0.221,0.073,0.107,0.034,0.058,0.115,0.057,0.071,0.234,0.163,0.066
0.086,0.182,0.096,0.084,0.429,0.345,0.079,0.152,0.073,0.068,0.102,0.034,0.086,0.341,0.255,0.099,0.26,0.161,0.082,0.1,0.018,0.089,0.25,0.161,0.087,0.229,0.142,0.069,0.237,0.168,0.074,0.243,0.169,0.068,0.125,0.057,0.076,0.291,0.215,0.084,0.131,0.047,0.071,0.089,0.018,0.074,0.224,0.15,0.074
0.086,0.166,0.08,0.093,0.438,0.345,0.071,0.167,0.096,0.068,0.14,0.072,0.069,0.299,0.23,0.085,0.29,0.205,0.079,0.094,0.015,0.084,0.224,0.14,0.089,0.24,0.151,0.084,0.242,0.158,0.087,0.273,0.186,0.077,0.175,0.098,0.084,0.292,0.208,0.087,0.107,0.02,0.074,0.11,0.036,0.071,0.219,0.148,0.081
0.089,0.161,0.072,0.087,0.323,0.236,0.082,0.154,0.072,0.084,0.147,0.063,0.086,0.611,0.525,0.073,0.117,0.044,0.1,0.118,0.018,0.082,0.235,0.153,0.065,0.216,0.151,0.079,0.268,0.189,0.087,0.237,0.15,0.071,0.151,0.08,0.071,0.271,0.2,0.087,0.12,0.033,0.071,0.113,0.042,0.068,0.216,0.148,0.084
0.089,0.174,0.085,0.079,0.326,0.247,0.076,0.164,0.088,0.076,0.102,0.026,0.087,0.31,0.223,0.089,0.297,0.208,0.086,0.141,0.055,0.092,0.193,0.101,0.084,0.232,0.148,0.079,0.263,0.184,0.082,0.237,0.155,0.066,0.146,0.08,0.076,0.489,0.413,0.089,0.157,0.068,0.071,0.088,0.017,0.072,0.235,0.163,0.087
0.086,0.148,0.062,0.079,0.248,0.169,0.076,0.183,0.107,0.071,0.088,0.017,0.085,0.367,0.282,0.085,0.152,0.067,0.097,0.121,0.024,0.084,0.252,0.168,0.09,0.258,0.168,0.092,0.263,0.171,0.09,0.235,0.145,0.076,0.131,0.055,0.078,0.265,0.187,0.082,0.123,0.041,0.076,0.115,0.039,0.066,0.232,0.166,0.076
0.089,0.151,0.062,0.09,0.284,0.194,0.082,0.164,0.082,0.077,0.095,0.018,0.081,0.328,0.247,0.084,0.154,0.07,0.087,0.105,0.018,0.081,0.245,0.164,0.107,0.268,0.161,0.092,0.276,0.184,0.087,0.274,0.187,0.071,0.177,0.106,0.074,0.297,0.223,0.076,0.125,0.049,0.076,0.1,0.024,0.076,0.218,0.142,0.074
0.099,0.229,0.13,0.087,0.266,0.179,0.086,0.175,0.089,0.078,0.099,0.021,0.095,0.341,0.246,0.084,0.159,0.075,0.071,0.095,0.024,0.086,0.224,0.138,0.092,0.237,0.145,0.087,0.289,0.202,0.077,0.247,0.17,0.066,0.185,0.119,0.079,0.336,0.257,0.071,0.123,0.052,0.055,0.099,0.044,0.068,0.216,0.148,0.061
0.078,0.115,0.037,0.071,0.423,0.352,0.071,0.139,0.068,0.071,0.665,0.594,0.076,0.374,0.298,0.082,0.128,0.046,0.087,0.105,0.018,0.082,0.206,0.124,0.082,0.276,0.194,0.05,0.247,0.197,0.084,0.32,0.236,0.084,0.18,0.096,0.082,0.305,0.223,0.079,0.143,0.064,0.071,0.105,0.034,0.074,0.229,0.155,0.071
0.081,0.133,0.052,0.081,0.268,0.187,0.081,0.157,0.076,0.086,0.128,0.042,0.081,0.382,0.301,0.082,0.165,0.083,0.076,0.094,0.018,0.079,0.224,0.145,0.092,0.292,0.2,0.055,0.239,0.184,0.103,0.263,0.16,0.079,0.147,0.068,0.081,0.273,0.192,0.084,0.11,0.026,0.081,0.136,0.055,0.092,0.237,0.145,0.082
0.073,0.12,0.047,0.081,0.268,0.187,0.079,0.164,0.085,0.087,0.25,0.163,0.082,0.51,0.428,0.068,0.146,0.078,0.089,0.078,-0.011,0.085,0.235,0.15,0.093,0.248,0.155,0.087,0.255,0.168,0.085,0.266,0.181,0.071,0.138,0.067,0.077,0.328,0.251,0.079,0.113,0.034,0.06,0.107,0.047,0.073,0.221,0.148,0.074
0.036,0.096,0.06,0.079,0.312,0.233,0.079,0.152,0.073,0.078,0.117,0.039,0.09,0.258,0.168,0.074,0.113,0.039,0.097,0.115,0.018,0.087,0.216,0.129,0.111,0.277,0.166,0.097,0.276,0.179,0.087,0.85,0.763,0.031,0.184,0.153,0.076,0.336,0.26,0.087,0.097,0.01,0.068,0.128,0.06,0.071,0.226,0.155,0.077
0.073,0.133,0.06,0.078,0.322,0.244,0.077,0.152,0.075,0.073,0.135,0.062,0.098,0.341,0.243,0.08,0.142,0.062,0.086,0.104,0.018,0.085,0.227,0.142,0.103,0.264,0.161,0.089,0.263,0.174,0.081,0.258,0.177,0.081,0.18,0.099,0.081,0.348,0.267,0.071,0.102,0.031,0.071,0.123,0.052,0.068,0.221,0.153,0.066
0.081,0.146,0.065,0.081,0.354,0.273,0.097,0.268,0.171,0.084,0.18,0.096,0.09,0.336,0.246,0.087,0.245,0.158,0.079,0.089,0.01,0.071,0.201,0.13,0.092,0.242,0.15,0.087,0.261,0.174,0.089,0.255,0.166,0.079,0.247,0.168,0.077,0.315,0.238,0.079,0.102,0.023,0.071,0.123,0.052,0.066,0.219,0.153,0.068
0.07,0.133,0.063,0.089,0.291,0.202,0.077,0.165,0.088,0.078,0.161,0.083,0.085,0.442,0.357,0.085,0.136,0.051,0.087,0.105,0.018,0.087,0.224,0.137,0.106,0.267,0.161,0.092,0.289,0.197,0.086,0.25,0.164,0.068,0.143,0.075,0.079,0.32,0.241,0.079,0.123,0.044,0.071,0.12,0.049,0.092,0.663,0.571,0.098
0.071,0.125,0.054,0.084,0.284,0.2,0.076,0.156,0.08,0.074,0.128,0.054,0.09,0.274,0.184,0.076,0.154,0.078,0.089,0.107,0.018,0.082,0.224,0.142,0.1,0.253,0.153,0.087,0.274,0.187,0.081,0.247,0.166,0.069,0.139,0.07,0.076,0.296,0.22,0.079,0.131,0.052,0.068,0.112,0.044,0.079,0.237,0.158,0.074
0.076,0.122,0.046,0.079,0.284,0.205,0.076,0.162,0.086,0.081,0.136,0.055,0.087,0.395,0.308,0.079,0.146,0.067,0.087,0.105,0.018,0.082,0.256,0.174,0.079,0.237,0.158,0.081,0.275,0.194,0.082,0.251,0.169,0.063,0.127,0.064,0.082,0.494,0.412,0.082,0.115,0.033,0.072,0.118,0.046,0.076,0.232,0.156,0.071
0.073,0.102,0.029,0.086,0.286,0.2,0.073,0.141,0.068,0.081,0.128,0.047,0.084,0.328,0.244,0.084,0.175,0.091,0.097,0.078,-0.019,0.093,0.256,0.163,0.105,0.266,0.161,0.087,0.302,0.215,0.092,0.328,0.236,0.077,0.136,0.059,0.074,0.32,0.246,0.082,0.102,0.02,0.079,0.134,0.055,0.073,0.221,0.148,0.079
0.094,0.221,0.127,0.108,0.495,0.387,0.086,0.154,0.068,0.078,0.32,0.242,0.082,0.663,0.581,0.089,0.211,0.122,0.081,0.102,0.021,0.092,0.38,0.288,0.092,0.243,0.151,0.084,0.26,0.176,0.089,0.258,0.169,0.068,0.11,0.042,0.081,0.328,0.247,0.078,0.133,0.055,0.071,0.133,0.062,0.079,0.232,0.153,0.079
0.06,0.119,0.059,0.074,0.258,0.184,0.076,0.128,0.052,0.074,0.154,0.08,0.087,0.398,0.311,0.076,0.149,0.073,0.084,0.107,0.023,0.089,0.253,0.164,0.076,0.234,0.158,0.077,0.282,0.205,0.086,0.341,0.255,0.081,0.356,0.275,0.076,0.447,0.371,0.079,0.126,0.047,0.07,0.156,0.086,0.079,0.287,0.208,0.081
0.089,0.159,0.07,0.097,0.346,0.249,0.1,0.204,0.104,0.103,0.214,0.111,0.066,0.307,0.241,0.102,0.201,0.099,0.089,0.115,0.026,0.092,0.243,0.151,0.086,0.226,0.14,0.087,0.261,0.174,0.089,0.242,0.153,0.066,0.128,0.062,0.084,0.333,0.249,0.079,0.095,0.016,0.071,0.151,0.08,0.071,0.211,0.14,0.076
0.081,0.138,0.057,0.092,0.268,0.176,0.082,0.16,0.078,0.079,0.146,0.067,0.087,0.463,0.376,0.097,0.237,0.14,0.095,0.149,0.054,0.09,0.227,0.137,0.074,0.211,0.137,0.082,0.276,0.194,0.076,0.248,0.172,0.084,0.133,0.049,0.081,0.284,0.203,0.084,0.118,0.034,0.073,0.112,0.039,0.076,0.229,0.153,0.077
0.078,0.151,0.073,0.082,0.19,0.108,0.074,0.344,0.27,0.086,0.159,0.073,0.089,0.344,0.255,0.076,0.159,0.083,0.079,0.118,0.039,0.081,0.239,0.158,0.082,0.219,0.137,0.084,0.263,0.179,0.087,0.253,0.166,0.081,0.146,0.065,0.082,0.491,0.409,0.085,0.123,0.038,0.077,0.118,0.041,0.081,0.235,0.154,0.07
0.081,0.174,0.093,0.105,0.445,0.34,0.074,0.133,0.059,0.077,0.136,0.059,0.09,0.305,0.215,0.084,0.211,0.127,0.095,0.129,0.034,0.094,0.276,0.182,0.084,0.255,0.171,0.095,0.328,0.233,0.084,0.26,0.176,0.077,0.292,0.215,0.076,0.494,0.418,0.095,0.255,0.16,0.082,0.123,0.041,0.082,0.292,0.21,0.087
0.076,0.13,0.054,0.09,0.377,0.287,0.082,0.147,0.065,0.071,0.109,0.038,0.087,0.3,0.213,0.089,0.172,0.083,0.079,0.097,0.018,0.081,0.245,0.164,0.089,0.253,0.164,0.079,0.26,0.181,0.084,0.25,0.166,0.061,0.175,0.114,0.089,0.463,0.374,0.081,0.13,0.049,0.061,0.108,0.047,0.076,0.255,0.179,0.071
0.086,0.164,0.078,0.079,0.131,0.052,0.084,0.307,0.223,0.071,0.149,0.078,0.081,0.237,0.156,0.073,0.164,0.091,0.089,0.175,0.086,0.1,0.6,0.5,0.09,0.256,0.166,0.071,0.299,0.228,0.074,0.271,0.197,0.063,0.107,0.044,0.076,0.309,0.233,0.084,0.116,0.032,0.068,0.12,0.052,0.076,0.265,0.189,0.074
0.102,0.177,0.075,0.095,0.632,0.537,0.089,0.177,0.088,0.079,0.123,0.044,0.092,0.287,0.195,0.089,0.253,0.164,0.092,0.157,0.065,0.086,0.226,0.14,0.082,0.237,0.155,0.084,0.274,0.19,0.079,0.289,0.21,0.076,0.151,0.075,0.084,0.486,0.402,0.084,0.128,0.044,0.066,0.134,0.068,0.078,0.231,0.153,0.074
