hold time 'F',down to down 'F' => 'L',up to down 'F' => 'L',hold time 'L',down to down 'L' => 'Y',up to down 'L' => 'Y',hold time 'Y',down to down 'Y' => 'I',up to down 'Y' => 'I',hold time 'I',down to down 'I' => 'N',up to down 'I' => 'N',hold time 'N',down to down 'N' => 'G',up to down 'N' => 'G',hold time 'G',down to down 'G' => '#SPACE#',up to down 'G' => '#SPACE#',hold time '#SPACE#',down to down '#SPACE#' => 'A',up to down '#SPACE#' => 'A',hold time 'A',down to down 'A' => 'U',up to down 'A' => 'U',hold time 'U',down to down 'U' => 'T',up to down 'U' => 'T',hold time 'T',down to down 'T' => 'O',up to down 'T' => 'O',hold time 'O',down to down 'O' => 'M',up to down 'O' => 'M',hold time 'M',down to down 'M' => 'A',up to down 'M' => 'A',hold time 'A',down to down 'A' => 'T',up to down 'A' => 'T',hold time 'T',down to down 'T' => 'I',up to down 'T' => 'I',hold time 'I',down to down 'I' => 'C',up to down 'I' => 'C',hold time 'C',down to down 'C' => '#SPACE#',up to down 'C' => '#SPACE#',hold time '#SPACE#',down to down '#SPACE#' => 'M',up to down '#SPACE#' => 'M',hold time 'M',down to down 'M' => 'O',up to down 'M' => 'O',hold time 'O',down to down 'O' => 'N',up to down 'O' => 'N',hold time 'N',down to down 'N' => 'S',up to down 'N' => 'S',hold time 'S',down to down 'S' => 'T',up to down 'S' => 'T',hold time 'T',down to down 'T' => 'E',up to down 'T' => 'E',hold time 'E',down to down 'E' => 'R',up to down 'E' => 'R',hold time 'R',down to down 'R' => '#ENTER#',up to down 'R' => '#ENTER#',hold time '#ENTER#'
0.107,0.085,-0.022,0.129,0.484,0.355,0.089,0.107,0.018,0.131,0.089,-0.042,0.086,0.06,-0.026,0.105,0.112,0.007,0.089,0.06,-0.029,0.119,0.082,-0.037,0.121,0.065,-0.056,0.097,0.079,-0.018,0.123,0.097,-0.026,0.11,0.068,-0.042,0.124,0.079,-0.045,0.081,0.065,-0.016,0.102,0.12,0.018,0.098,0.05,-0.048,0.079,0.159,0.08,0.091,0.109,0.018,0.084,0.091,0.007,0.084,0.052,-0.032,0.081,0.099,0.018,0.087,0.114,0.027,0.129,0.076,-0.053,0.1,0.086,-0.014,0.09
0.068,0.085,0.017,0.119,0.076,-0.043,0.081,0.099,0.018,0.105,0.068,-0.037,0.085,0.094,0.009,0.089,0.097,0.008,0.086,0.07,-0.016,0.115,0.091,-0.024,0.101,0.061,-0.04,0.1,0.076,-0.024,0.123,0.097,-0.026,0.12,0.081,-0.039,0.116,0.068,-0.048,0.089,0.068,-0.021,0.089,0.112,0.023,0.1,0.068,-0.032,0.063,0.158,0.095,0.086,0.07,-0.016,0.092,0.11,0.018,0.102,0.083,-0.019,0.087,0.1,0.013,0.062,0.104,0.042,0.136,0.07,-0.066,0.108,0.091,-0.017,0.087
0.07,0.088,0.018,0.104,0.075,-0.029,0.061,0.081,0.02,0.123,0.099,-0.024,0.084,0.104,0.02,0.095,0.078,-0.017,0.1,0.086,-0.014,0.129,0.147,0.018,0.166,0.073,-0.093,0.084,0.1,0.016,0.088,0.106,0.018,0.144,0.1,-0.044,0.128,0.083,-0.045,0.087,0.099,0.012,0.073,0.102,0.029,0.084,0.055,-0.029,0.06,0.145,0.085,0.089,0.101,0.012,0.084,0.096,0.012,0.082,0.019,-0.063,0.095,0.113,0.018,0.067,0.093,0.026,0.124,0.063,-0.061,0.115,0.096,-0.019,0.1
0.057,0.075,0.018,0.107,0.07,-0.037,0.086,0.078,-0.008,0.139,0.11,-0.029,0.076,0.094,0.018,0.108,0.081,-0.027,0.118,0.097,-0.021,0.128,0.117,-0.011,0.1,0.063,-0.037,0.115,0.094,-0.021,0.121,0.102,-0.019,0.116,0.066,-0.05,0.12,0.146,0.026,0.09,0.058,-0.032,0.12,0.154,0.034,0.071,0.049,-0.022,0.09,0.203,0.113,0.109,0.137,0.028,0.097,0.115,0.018,0.123,0.091,-0.032,0.113,0.128,0.015,0.087,0.102,0.015,0.124,0.065,-0.059,0.103,0.076,-0.027,0.115
0.086,0.109,0.023,0.11,0.073,-0.037,0.087,0.094,0.007,0.094,0.063,-0.031,0.075,0.067,-0.008,0.081,0.099,0.018,0.073,0.054,-0.019,0.106,0.074,-0.032,0.087,0.053,-0.034,0.109,0.096,-0.013,0.108,0.086,-0.022,0.14,0.108,-0.032,0.081,0.05,-0.031,0.081,0.094,0.013,0.092,0.096,0.004,0.123,0.079,-0.044,0.075,0.153,0.078,0.099,0.145,0.046,0.105,0.078,-0.027,0.113,0.071,-0.042,0.108,0.074,-0.034,0.076,0.127,0.051,0.134,0.065,-0.069,0.111,0.097,-0.014,0.09
0.094,0.101,0.007,0.107,0.081,-0.026,0.11,0.093,-0.017,0.133,0.08,-0.053,0.089,0.075,-0.014,0.074,0.092,0.018,0.094,0.063,-0.031,0.113,0.081,-0.032,0.097,0.065,-0.032,0.129,0.097,-0.032,0.131,0.115,-0.016,0.15,0.11,-0.04,0.124,0.069,-0.055,0.105,0.115,0.01,0.11,0.153,0.043,0.139,0.239,0.1,0.097,0.2,0.103,0.096,0.065,-0.031,0.099,0.117,0.018,0.098,0.039,-0.059,0.1,0.118,0.018,0.063,0.091,0.028,0.139,0.071,-0.068,0.118,0.099,-0.019,0.102
0.081,0.106,0.025,0.127,0.065,-0.062,0.106,0.079,-0.027,0.129,0.084,-0.045,0.082,0.063,-0.019,0.089,0.102,0.013,0.089,0.057,-0.032,0.095,0.063,-0.032,0.105,0.083,-0.022,0.1,0.074,-0.026,0.131,0.094,-0.037,0.121,0.082,-0.039,0.133,0.122,-0.011,0.097,0.118,0.021,0.117,0.093,-0.024,0.108,0.116,0.008,0.062,0.142,0.08,0.086,0.094,0.008,0.086,0.099,0.013,0.094,0.031,-0.063,0.126,0.105,-0.021,0.079,0.115,0.036,0.137,0.06,-0.077,0.116,0.131,0.015,0.099
0.072,0.09,0.018,0.118,0.074,-0.044,0.086,0.101,0.015,0.105,0.068,-0.037,0.079,0.065,-0.014,0.079,0.094,0.015,0.097,0.063,-0.034,0.089,0.063,-0.026,0.105,0.073,-0.032,0.105,0.096,-0.009,0.119,0.079,-0.04,0.145,0.103,-0.042,0.113,0.078,-0.035,0.103,0.12,0.017,0.102,0.086,-0.016,0.128,0.112,-0.016,0.079,0.167,0.088,0.099,0.08,-0.019,0.09,0.113,0.023,0.097,0.054,-0.043,0.09,0.1,0.01,0.07,0.096,0.026,0.139,0.065,-0.074,0.108,0.121,0.013,0.081
0.081,0.093,0.012,0.118,0.084,-0.034,0.087,0.096,0.009,0.111,0.061,-0.05,0.084,0.07,-0.014,0.076,0.094,0.018,0.087,0.058,-0.029,0.094,0.075,-0.019,0.092,0.076,-0.016,0.1,0.071,-0.029,0.121,0.084,-0.037,0.142,0.083,-0.059,0.119,0.077,-0.042,0.089,0.107,0.018,0.09,0.095,0.005,0.104,0.072,-0.032,0.076,0.153,0.077,0.107,0.076,-0.031,0.089,0.115,0.026,0.105,0.049,-0.056,0.095,0.113,0.018,0.078,0.101,0.023,0.123,0.094,-0.029,0.068,0.099,0.031,0.115
0.08,0.103,0.023,0.14,0.079,-0.061,0.121,0.109,-0.012,0.174,0.147,-0.027,0.134,0.118,-0.016,0.126,0.164,0.038,0.123,0.197,0.074,0.092,0.073,-0.019,0.1,0.055,-0.045,0.108,0.123,0.015,0.118,0.079,-0.039,0.142,0.076,-0.066,0.13,0.079,-0.051,0.087,0.079,-0.008,0.102,0.114,0.012,0.116,0.091,-0.025,0.082,0.172,0.09,0.088,0.075,-0.013,0.089,0.105,0.016,0.111,0.031,-0.08,0.111,0.119,0.008,0.057,0.098,0.041,0.132,0.06,-0.072,0.108,0.126,0.018,0.104
0.078,0.109,0.031,0.124,0.047,-0.077,0.113,0.097,-0.016,0.126,0.084,-0.042,0.089,0.067,-0.022,0.09,0.1,0.01,0.099,0.075,-0.024,0.137,0.12,-0.017,0.122,0.061,-0.061,0.108,0.118,0.01,0.105,0.073,-0.032,0.11,0.076,-0.034,0.127,0.074,-0.053,0.089,0.102,0.013,0.089,0.106,0.017,0.1,0.073,-0.027,0.066,0.143,0.077,0.102,0.071,-0.031,0.086,0.112,0.026,0.113,0.033,-0.08,0.104,0.119,0.015,0.075,0.101,0.026,0.137,0.078,-0.059,0.103,0.121,0.018,0.086
0.083,0.101,0.018,0.133,0.114,-0.019,0.121,0.102,-0.019,0.127,0.082,-0.045,0.081,0.094,0.013,0.089,0.077,-0.012,0.101,0.108,0.007,0.115,0.084,-0.031,0.089,0.049,-0.04,0.098,0.115,0.017,0.123,0.105,-0.018,0.144,0.092,-0.052,0.128,0.321,0.193,0.065,0.106,0.041,0.097,0.105,0.008,0.094,0.062,-0.032,0.076,0.158,0.082,0.076,0.057,-0.019,0.095,0.116,0.021,0.1,0.028,-0.072,0.111,0.121,0.01,0.089,0.106,0.017,0.135,0.058,-0.077,0.113,0.099,-0.014,0.108
0.077,0.095,0.018,0.118,0.081,-0.037,0.094,0.086,-0.008,0.111,0.063,-0.048,0.079,0.097,0.018,0.075,0.057,-0.018,0.113,0.082,-0.031,0.131,0.057,-0.074,0.108,0.089,-0.019,0.09,0.063,-0.027,0.113,0.092,-0.021,0.123,0.078,-0.045,0.129,0.082,-0.047,0.081,0.101,0.02,0.087,0.097,0.01,0.097,0.08,-0.017,0.074,0.156,0.082,0.113,0.079,-0.034,0.094,0.112,0.018,0.1,0.052,-0.048,0.103,0.115,0.012,0.068,0.099,0.031,0.115,0.065,-0.05,0.121,0.139,0.018,0.083
0.088,0.106,0.018,0.108,0.073,-0.035,0.1,0.091,-0.009,0.135,0.084,-0.051,0.093,0.074,-0.019,0.081,0.099,0.018,0.094,0.062,-0.032,0.103,0.063,-0.04,0.105,0.079,-0.026,0.097,0.085,-0.012,0.13,0.105,-0.025,0.119,0.061,-0.058,0.121,0.399,0.278,0.072,0.103,0.031,0.089,0.107,0.018,0.097,0.068,-0.029,0.068,0.148,0.08,0.083,0.059,-0.024,0.095,0.113,0.018,0.082,0.01,-0.072,0.103,0.123,0.02,0.081,0.115,0.034,0.134,0.068,-0.066,0.105,0.115,0.01,0.073
0.078,0.096,0.018,0.136,0.07,-0.066,0.098,0.084,-0.014,0.127,0.066,-0.061,0.092,0.083,-0.009,0.084,0.066,-0.018,0.164,0.092,-0.072,0.103,0.052,-0.051,0.132,0.108,-0.024,0.09,0.078,-0.012,0.153,0.103,-0.05,0.124,0.068,-0.056,0.127,0.077,-0.05,0.089,0.107,0.018,0.095,0.099,0.004,0.099,0.073,-0.026,0.073,0.143,0.07,0.091,0.07,-0.021,0.084,0.12,0.036,0.105,0.05,-0.055,0.086,0.104,0.018,0.068,0.111,0.043,0.129,0.071,-0.058,0.089,0.125,0.036,0.079
0.073,0.091,0.018,0.146,0.07,-0.076,0.103,0.094,-0.009,0.106,0.064,-0.042,0.073,0.091,0.018,0.078,0.059,-0.019,0.15,0.098,-0.052,0.09,0.038,-0.052,0.093,0.109,0.016,0.088,0.077,-0.011,0.135,0.097,-0.038,0.14,0.074,-0.066,0.121,0.084,-0.037,0.071,0.099,0.028,0.089,0.107,0.018,0.102,0.078,-0.024,0.076,0.153,0.077,0.094,0.083,-0.011,0.076,0.105,0.029,0.086,0.057,-0.029,0.094,0.125,0.031,0.107,0.125,0.018,0.161,0.065,-0.096,0.132,0.113,-0.019,0.124
0.087,0.091,0.004,0.136,0.119,-0.017,0.093,0.121,0.028,0.144,0.109,-0.035,0.118,0.386,0.268,0.123,0.212,0.089,0.118,0.272,0.154,0.123,0.149,0.026,0.079,0.054,-0.025,0.105,0.172,0.067,0.069,0.073,0.004,0.142,0.1,-0.042,0.142,0.089,-0.053,0.092,0.11,0.018,0.091,0.114,0.023,0.118,0.104,-0.014,0.079,0.138,0.059,0.102,0.115,0.013,0.07,0.088,0.018,0.116,0.034,-0.082,0.14,0.152,0.012,0.081,0.11,0.029,0.126,0.07,-0.056,0.128,0.115,-0.013,0.113
0.07,0.093,0.023,0.107,0.071,-0.036,0.091,0.08,-0.011,0.119,0.082,-0.037,0.076,0.064,-0.012,0.08,0.095,0.015,0.084,0.057,-0.027,0.092,0.06,-0.032,0.09,0.094,0.004,0.087,0.097,0.01,0.058,0.062,0.004,0.137,0.089,-0.048,0.158,0.087,-0.071,0.113,0.175,0.062,0.135,0.122,-0.013,0.11,0.128,0.018,0.076,0.164,0.088,0.083,0.101,0.018,0.096,0.075,-0.021,0.097,0.04,-0.057,0.081,0.099,0.018,0.068,0.099,0.031,0.126,0.065,-0.061,0.124,0.084,-0.04,0.1
0.072,0.091,0.019,0.117,0.075,-0.042,0.095,0.076,-0.019,0.131,0.097,-0.034,0.076,0.083,0.007,0.072,0.076,0.004,0.084,0.052,-0.032,0.108,0.077,-0.031,0.083,0.069,-0.014,0.097,0.086,-0.011,0.111,0.094,-0.017,0.119,0.087,-0.032,0.1,0.055,-0.045,0.081,0.07,-0.011,0.087,0.105,0.018,0.115,0.07,-0.045,0.079,0.149,0.07,0.071,0.026,-0.045,0.123,0.162,0.039,0.091,0.052,-0.039,0.099,0.091,-0.008,0.079,0.099,0.02,0.153,0.06,-0.093,0.124,0.082,-0.042,0.137
0.094,0.106,0.012,0.124,0.081,-0.043,0.098,0.105,0.007,0.107,0.083,-0.024,0.071,0.079,0.008,0.084,0.094,0.01,0.08,0.067,-0.013,0.111,0.058,-0.053,0.095,0.102,0.007,0.092,0.068,-0.024,0.115,0.084,-0.031,0.123,0.078,-0.045,0.124,0.066,-0.058,0.092,0.076,-0.016,0.084,0.102,0.018,0.12,0.062,-0.058,0.087,0.149,0.062,0.094,0.063,-0.031,0.104,0.122,0.018,0.098,0.039,-0.059,0.1,0.092,-0.008,0.1,0.112,0.012,0.135,0.066,-0.069,0.134,0.087,-0.047,0.094
0.07,0.085,0.015,0.108,0.073,-0.035,0.116,0.09,-0.026,0.147,0.096,-0.051,0.087,0.076,-0.011,0.081,0.097,0.016,0.088,0.067,-0.021,0.103,0.074,-0.029,0.094,0.073,-0.021,0.113,0.091,-0.022,0.105,0.081,-0.024,0.121,0.087,-0.034,0.123,0.055,-0.068,0.095,0.081,-0.014,0.087,0.105,0.018,0.123,0.058,-0.065,0.086,0.14,0.054,0.097,0.083,-0.014,0.11,0.097,-0.013,0.105,0.06,-0.045,0.079,0.1,0.021,0.083,0.101,0.018,0.129,0.079,-0.05,0.11,0.096,-0.014,0.084
0.083,0.101,0.018,0.12,0.084,-0.036,0.075,0.093,0.018,0.107,0.079,-0.028,0.089,0.077,-0.012,0.09,0.105,0.015,0.081,0.06,-0.021,0.116,0.071,-0.045,0.097,0.08,-0.017,0.1,0.086,-0.014,0.108,0.126,0.018,0.126,0.06,-0.066,0.14,0.092,-0.048,0.079,0.105,0.026,0.099,0.109,0.01,0.092,0.058,-0.034,0.073,0.155,0.082,0.081,0.055,-0.026,0.084,0.102,0.018,0.099,0.085,-0.014,0.098,0.105,0.007,0.058,0.109,0.051,0.118,0.084,-0.034,0.091,0.067,-0.024,0.082
0.075,0.093,0.018,0.136,0.078,-0.058,0.082,0.095,0.013,0.099,0.063,-0.036,0.073,0.059,-0.014,0.071,0.087,0.016,0.099,0.057,-0.042,0.116,0.079,-0.037,0.127,0.018,-0.109,0.098,0.137,0.039,0.118,0.084,-0.034,0.137,0.057,-0.08,0.112,0.061,-0.051,0.087,0.068,-0.019,0.079,0.115,0.036,0.1,0.041,-0.059,0.09,0.154,0.064,0.123,0.096,-0.027,0.076,0.094,0.018,0.103,0.063,-0.04,0.097,0.063,-0.034,0.097,0.135,0.038,0.127,0.042,-0.085,0.116,0.132,0.016,0.062
0.08,0.098,0.018,0.121,0.076,-0.045,0.097,0.073,-0.024,0.119,0.087,-0.032,0.063,0.076,0.013,0.063,0.067,0.004,0.127,0.076,-0.051,0.098,0.055,-0.043,0.106,0.082,-0.024,0.107,0.088,-0.019,0.111,0.066,-0.045,0.153,0.089,-0.064,0.125,0.072,-0.053,0.084,0.076,-0.008,0.083,0.101,0.018,0.113,0.058,-0.055,0.084,0.151,0.067,0.092,0.06,-0.032,0.094,0.12,0.026,0.121,0.044,-0.077,0.134,0.105,-0.029,0.087,0.113,0.026,0.134,0.062,-0.072,0.103,0.111,0.008,0.06
0.083,0.069,-0.014,0.129,0.113,-0.016,0.079,0.055,-0.024,0.113,0.079,-0.034,0.083,0.091,0.008,0.086,0.065,-0.021,0.11,0.084,-0.026,0.1,0.044,-0.056,0.113,0.097,-0.016,0.087,0.105,0.018,0.107,0.508,0.401,0.103,0.066,-0.037,0.147,0.115,-0.032,0.099,0.08,-0.019,0.108,0.142,0.034,0.122,0.177,0.055,0.08,0.181,0.101,0.115,0.093,-0.022,0.084,0.102,0.018,0.093,0.026,-0.067,0.095,0.111,0.016,0.062,0.103,0.041,0.137,0.063,-0.074,0.129,0.098,-0.031,0.104
0.091,0.106,0.015,0.124,0.076,-0.048,0.113,0.091,-0.022,0.124,0.095,-0.029,0.089,0.078,-0.011,0.094,0.102,0.008,0.092,0.06,-0.032,0.11,0.06,-0.05,0.1,0.079,-0.021,0.102,0.11,0.008,0.115,0.091,-0.024,0.132,0.071,-0.061,0.127,0.074,-0.053,0.089,0.073,-0.016,0.1,0.118,0.018,0.112,0.062,-0.05,0.095,0.141,0.046,0.089,0.099,0.01,0.089,0.107,0.018,0.097,0.049,-0.048,0.1,0.084,-0.016,0.092,0.123,0.031,0.137,0.06,-0.077,0.14,0.108,-0.032,0.084
0.062,0.075,0.013,0.121,0.079,-0.042,0.086,0.075,-0.011,0.129,0.092,-0.037,0.071,0.083,0.012,0.084,0.065,-0.019,0.129,0.087,-0.042,0.113,0.063,-0.05,0.11,0.089,-0.021,0.129,0.109,-0.02,0.143,0.111,-0.032,0.128,0.094,-0.034,0.132,0.071,-0.061,0.11,0.097,-0.013,0.1,0.13,0.03,0.139,0.102,-0.037,0.113,0.537,0.424,0.121,0.134,0.013,0.081,0.099,0.018,0.073,0.034,-0.039,0.086,0.101,0.015,0.068,0.104,0.036,0.129,0.058,-0.071,0.128,0.11,-0.018,0.078
0.08,0.101,0.021,0.12,0.076,-0.044,0.097,0.08,-0.017,0.108,0.077,-0.031,0.081,0.069,-0.012,0.08,0.092,0.012,0.103,0.05,-0.053,0.121,0.071,-0.05,0.102,0.086,-0.016,0.097,0.071,-0.026,0.132,0.092,-0.04,0.113,0.065,-0.048,0.127,0.066,-0.061,0.095,0.084,-0.011,0.074,0.097,0.023,0.134,0.078,-0.056,0.087,0.133,0.046,0.083,0.065,-0.018,0.097,0.115,0.018,0.103,0.039,-0.064,0.118,0.099,-0.019,0.09,0.118,0.028,0.145,0.06,-0.085,0.121,0.1,-0.021,0.092
0.081,0.091,0.01,0.131,0.083,-0.048,0.1,0.071,-0.029,0.145,0.095,-0.05,0.086,0.068,-0.018,0.089,0.08,-0.009,0.108,0.082,-0.026,0.108,0.052,-0.056,0.096,0.099,0.003,0.116,0.097,-0.019,0.116,0.084,-0.032,0.163,0.087,-0.076,0.147,0.113,-0.034,0.099,0.091,-0.008,0.095,0.12,0.025,0.11,0.06,-0.05,0.082,0.151,0.069,0.1,0.07,-0.03,0.108,0.126,0.018,0.092,0.034,-0.058,0.092,0.105,0.013,0.08,0.104,0.024,0.142,0.057,-0.085,0.122,0.102,-0.02,0.074
0.073,0.093,0.02,0.139,0.086,-0.053,0.092,0.081,-0.011,0.092,0.063,-0.029,0.076,0.094,0.018,0.073,0.062,-0.011,0.108,0.074,-0.034,0.097,0.055,-0.042,0.1,0.088,-0.012,0.111,0.087,-0.024,0.105,0.088,-0.017,0.135,0.074,-0.061,0.133,0.072,-0.061,0.087,0.105,0.018,0.08,0.091,0.011,0.113,0.068,-0.045,0.076,0.14,0.064,0.088,0.072,-0.016,0.09,0.115,0.025,0.1,0.04,-0.06,0.128,0.115,-0.013,0.084,0.117,0.033,0.145,0.05,-0.095,0.132,0.105,-0.027,0.079
0.08,0.106,0.026,0.113,0.081,-0.032,0.118,0.101,-0.017,0.124,0.087,-0.037,0.089,0.076,-0.013,0.11,0.091,-0.019,0.121,0.084,-0.037,0.119,0.087,-0.032,0.107,0.063,-0.044,0.1,0.104,0.004,0.126,0.084,-0.042,0.138,0.071,-0.067,0.124,0.071,-0.053,0.079,0.098,0.019,0.104,0.082,-0.022,0.119,0.087,-0.032,0.074,0.14,0.066,0.11,0.086,-0.024,0.108,0.096,-0.012,0.117,0.056,-0.061,0.1,0.091,-0.009,0.076,0.118,0.042,0.131,0.067,-0.064,0.137,0.178,0.041,0.11
0.087,0.09,0.003,0.129,0.095,-0.034,0.11,0.096,-0.014,0.132,0.084,-0.048,0.087,0.066,-0.021,0.105,0.086,-0.019,0.134,0.092,-0.042,0.108,0.076,-0.032,0.105,0.074,-0.031,0.096,0.109,0.013,0.123,0.096,-0.027,0.124,0.069,-0.055,0.129,0.073,-0.056,0.087,0.11,0.023,0.097,0.112,0.015,0.108,0.076,-0.032,0.073,0.15,0.077,0.1,0.081,-0.019,0.087,0.104,0.017,0.103,0.058,-0.045,0.115,0.096,-0.019,0.09,0.126,0.036,0.139,0.065,-0.074,0.105,0.131,0.026,0.086
0.086,0.104,0.018,0.128,0.086,-0.042,0.081,0.099,0.018,0.126,0.078,-0.048,0.082,0.07,-0.012,0.09,0.076,-0.014,0.117,0.084,-0.033,0.109,0.058,-0.051,0.132,0.105,-0.027,0.1,0.083,-0.017,0.116,0.102,-0.014,0.132,0.071,-0.061,0.14,0.082,-0.058,0.087,0.104,0.017,0.09,0.1,0.01,0.112,0.073,-0.039,0.078,0.166,0.088,0.112,0.075,-0.037,0.098,0.126,0.028,0.116,0.047,-0.069,0.108,0.118,0.01,0.086,0.104,0.018,0.142,0.071,-0.071,0.12,0.113,-0.007,0.109
0.083,0.101,0.018,0.123,0.086,-0.037,0.099,0.091,-0.008,0.105,0.079,-0.026,0.081,0.096,0.015,0.074,0.086,0.012,0.092,0.058,-0.034,0.12,0.094,-0.026,0.11,0.071,-0.039,0.11,0.128,0.018,0.117,0.081,-0.036,0.118,0.073,-0.045,0.129,0.071,-0.058,0.087,0.105,0.018,0.083,0.098,0.015,0.108,0.076,-0.032,0.092,0.179,0.087,0.113,0.079,-0.034,0.097,0.127,0.03,0.1,0.063,-0.037,0.1,0.115,0.015,0.081,0.114,0.033,0.113,0.073,-0.04,0.095,0.118,0.023,0.086
0.099,0.114,0.015,0.131,0.119,-0.012,0.103,0.121,0.018,0.118,0.07,-0.048,0.08,0.097,0.017,0.091,0.07,-0.021,0.105,0.084,-0.021,0.113,0.081,-0.032,0.113,0.084,-0.029,0.092,0.107,0.015,0.112,0.098,-0.014,0.133,0.069,-0.064,0.132,0.082,-0.05,0.079,0.086,0.007,0.084,0.102,0.018,0.118,0.076,-0.042,0.078,0.155,0.077,0.099,0.078,-0.021,0.092,0.107,0.015,0.103,0.053,-0.05,0.115,0.107,-0.008,0.099,0.12,0.021,0.136,0.081,-0.055,0.11,0.099,-0.011,0.11
0.086,0.104,0.018,0.12,0.135,0.015,0.116,0.12,0.004,0.11,0.065,-0.045,0.077,0.087,0.01,0.107,0.083,-0.024,0.113,0.12,0.007,0.092,0.034,-0.058,0.116,0.126,0.01,0.084,0.058,-0.026,0.154,0.133,-0.021,0.136,0.105,-0.031,0.143,0.161,0.018,0.099,0.123,0.024,0.12,0.108,-0.012,0.127,0.119,-0.008,0.07,0.155,0.085,0.097,0.068,-0.029,0.097,0.112,0.015,0.116,0.058,-0.058,0.087,0.097,0.01,0.063,0.098,0.035,0.14,0.071,-0.069,0.126,0.149,0.023,0.086
0.065,0.083,0.018,0.123,0.073,-0.05,0.121,0.097,-0.024,0.144,0.128,-0.016,0.074,0.089,0.015,0.087,0.091,0.004,0.091,0.083,-0.008,0.108,0.071,-0.037,0.113,0.084,-0.029,0.105,0.081,-0.024,0.126,0.089,-0.037,0.126,0.076,-0.05,0.127,0.068,-0.059,0.095,0.076,-0.019,0.105,0.121,0.016,0.11,0.07,-0.04,0.079,0.166,0.087,0.092,0.07,-0.022,0.087,0.105,0.018,0.11,0.055,-0.055,0.086,0.112,0.026,0.105,0.123,0.018,0.123,0.07,-0.053,0.098,0.105,0.007,0.107
0.08,0.09,0.01,0.108,0.082,-0.026,0.12,0.104,-0.016,0.123,0.081,-0.042,0.075,0.079,0.004,0.065,0.078,0.013,0.107,0.068,-0.039,0.112,0.073,-0.039,0.108,0.088,-0.02,0.093,0.108,0.015,0.118,0.079,-0.039,0.147,0.089,-0.058,0.147,0.084,-0.063,0.095,0.107,0.012,0.089,0.102,0.013,0.123,0.084,-0.039,0.07,0.166,0.096,0.099,0.07,-0.029,0.097,0.122,0.025,0.143,0.034,-0.109,0.095,0.132,0.037,0.083,0.101,0.018,0.147,0.086,-0.061,0.116,0.095,-0.021,0.112
0.078,0.093,0.015,0.121,0.089,-0.032,0.089,0.11,0.021,0.123,0.086,-0.037,0.076,0.083,0.007,0.079,0.094,0.015,0.102,0.065,-0.037,0.113,0.079,-0.034,0.102,0.078,-0.024,0.084,0.094,0.01,0.124,0.084,-0.04,0.113,0.063,-0.05,0.124,0.076,-0.048,0.079,0.097,0.018,0.078,0.096,0.018,0.118,0.081,-0.037,0.076,0.158,0.082,0.097,0.073,-0.024,0.092,0.128,0.036,0.107,0.063,-0.044,0.102,0.123,0.021,0.094,0.111,0.017,0.142,0.094,-0.048,0.108,0.129,0.021,0.114
0.083,0.101,0.018,0.144,0.104,-0.04,0.129,0.201,0.072,0.152,0.107,-0.045,0.081,0.063,-0.018,0.094,0.109,0.015,0.108,0.078,-0.03,0.113,0.105,-0.008,0.102,0.081,-0.021,0.1,0.118,0.018,0.112,0.091,-0.021,0.139,0.078,-0.061,0.148,0.087,-0.061,0.132,0.115,-0.017,0.126,0.237,0.111,0.123,0.156,0.033,0.078,0.179,0.101,0.099,0.078,-0.021,0.097,0.11,0.013,0.11,0.041,-0.069,0.14,0.108,-0.032,0.081,0.125,0.044,0.131,0.078,-0.053,0.113,0.131,0.018,0.089
0.062,0.085,0.023,0.126,0.091,-0.035,0.092,0.11,0.018,0.11,0.058,-0.052,0.086,0.072,-0.014,0.085,0.103,0.018,0.094,0.065,-0.029,0.123,0.104,-0.019,0.087,0.058,-0.029,0.084,0.102,0.018,0.126,0.083,-0.043,0.138,0.063,-0.075,0.135,0.093,-0.042,0.073,0.096,0.023,0.107,0.093,-0.014,0.124,0.098,-0.026,0.084,0.174,0.09,0.08,0.059,-0.021,0.1,0.121,0.021,0.097,0.039,-0.058,0.089,0.135,0.046,0.081,0.109,0.028,0.137,0.065,-0.072,0.13,0.158,0.028,0.115
0.078,0.101,0.023,0.131,0.091,-0.04,0.071,0.092,0.021,0.104,0.062,-0.042,0.081,0.07,-0.011,0.092,0.11,0.018,0.113,0.079,-0.034,0.11,0.081,-0.029,0.102,0.075,-0.027,0.098,0.11,0.012,0.11,0.098,-0.012,0.128,0.077,-0.051,0.127,0.069,-0.058,0.092,0.109,0.017,0.092,0.11,0.018,0.115,0.083,-0.032,0.089,0.566,0.477,0.075,0.054,-0.021,0.097,0.12,0.023,0.113,0.034,-0.079,0.098,0.116,0.018,0.07,0.101,0.031,0.147,0.068,-0.079,0.118,0.134,0.016,0.094
0.082,0.1,0.018,0.12,0.078,-0.042,0.084,0.102,0.018,0.103,0.055,-0.048,0.079,0.087,0.008,0.091,0.075,-0.016,0.108,0.076,-0.032,0.131,0.081,-0.05,0.11,0.089,-0.021,0.121,0.126,0.005,0.131,0.154,0.023,0.115,0.076,-0.039,0.131,0.097,-0.034,0.094,0.109,0.015,0.092,0.102,0.01,0.12,0.081,-0.039,0.081,0.166,0.085,0.11,0.078,-0.032,0.094,0.118,0.024,0.105,0.054,-0.051,0.09,0.108,0.018,0.094,0.112,0.018,0.131,0.08,-0.051,0.106,0.123,0.017,0.089
0.08,0.104,0.024,0.107,0.078,-0.029,0.092,0.107,0.015,0.107,0.065,-0.042,0.079,0.062,-0.017,0.103,0.111,0.008,0.102,0.078,-0.024,0.097,0.075,-0.022,0.103,0.076,-0.027,0.09,0.107,0.017,0.118,0.087,-0.031,0.128,0.07,-0.058,0.127,0.077,-0.05,0.081,0.089,0.008,0.086,0.106,0.02,0.113,0.086,-0.027,0.076,0.159,0.083,0.086,0.099,0.013,0.096,0.082,-0.014,0.143,0.035,-0.108,0.127,0.097,-0.03,0.103,0.121,0.018,0.142,0.071,-0.071,0.103,0.11,0.007,0.089
0.072,0.091,0.019,0.117,0.083,-0.034,0.086,0.078,-0.008,0.119,0.069,-0.05,0.081,0.088,0.007,0.081,0.07,-0.011,0.111,0.084,-0.027,0.119,0.061,-0.058,0.115,0.089,-0.026,0.099,0.083,-0.016,0.132,0.074,-0.058,0.148,0.085,-0.063,0.126,0.07,-0.056,0.098,0.113,0.015,0.097,0.11,0.013,0.102,0.073,-0.029,0.076,0.168,0.092,0.1,0.078,-0.022,0.103,0.091,-0.012,0.122,0.059,-0.063,0.108,0.081,-0.027,0.092,0.133,0.041,0.129,0.073,-0.056,0.142,0.157,0.015,0.084
0.08,0.096,0.016,0.118,0.088,-0.03,0.103,0.11,0.007,0.108,0.074,-0.034,0.089,0.07,-0.019,0.092,0.099,0.007,0.097,0.066,-0.031,0.115,0.073,-0.042,0.102,0.073,-0.029,0.108,0.081,-0.027,0.124,0.082,-0.042,0.137,0.068,-0.069,0.114,0.057,-0.057,0.093,0.111,0.018,0.097,0.086,-0.011,0.132,0.081,-0.051,0.089,0.151,0.062,0.118,0.126,0.008,0.083,0.101,0.018,0.097,0.055,-0.042,0.134,0.11,-0.024,0.091,0.117,0.026,0.14,0.073,-0.067,0.108,0.123,0.015,0.089
0.091,0.109,0.018,0.099,0.075,-0.024,0.093,0.1,0.007,0.105,0.065,-0.04,0.074,0.084,0.01,0.076,0.086,0.01,0.094,0.062,-0.032,0.111,0.082,-0.029,0.099,0.073,-0.026,0.097,0.104,0.007,0.111,0.074,-0.037,0.142,0.084,-0.058,0.134,0.079,-0.055,0.086,0.104,0.018,0.089,0.097,0.008,0.123,0.086,-0.037,0.068,0.153,0.085,0.086,0.065,-0.021,0.091,0.117,0.026,0.108,0.039,-0.069,0.098,0.116,0.018,0.099,0.117,0.018,0.123,0.071,-0.052,0.102,0.112,0.01,0.112
0.088,0.101,0.013,0.126,0.094,-0.032,0.105,0.078,-0.027,0.127,0.082,-0.045,0.078,0.125,0.047,0.063,0.031,-0.032,0.129,0.097,-0.032,0.123,0.079,-0.044,0.113,0.594,0.481,0.039,0.057,0.018,0.091,0.487,0.396,0.105,0.084,-0.021,0.147,0.12,-0.027,0.1,0.108,0.008,0.089,0.112,0.023,0.128,0.057,-0.071,0.087,0.164,0.077,0.089,0.057,-0.032,0.09,0.126,0.036,0.123,0.049,-0.074,0.101,0.116,0.015,0.075,0.096,0.021,0.134,0.073,-0.061,0.1,0.081,-0.019,0.115
0.086,0.093,0.007,0.113,0.096,-0.017,0.087,0.068,-0.019,0.127,0.079,-0.048,0.084,0.068,-0.016,0.11,0.089,-0.021,0.115,0.195,0.08,0.115,0.098,-0.017,0.098,0.067,-0.031,0.133,0.094,-0.039,0.121,0.133,0.012,0.124,0.079,-0.045,0.142,0.081,-0.061,0.092,0.102,0.01,0.089,0.102,0.013,0.126,0.065,-0.061,0.092,0.167,0.075,0.123,0.086,-0.037,0.107,0.131,0.024,0.118,0.073,-0.045,0.11,0.102,-0.008,0.091,0.125,0.034,0.131,0.065,-0.066,0.113,0.099,-0.014,0.106
0.096,0.08,-0.016,0.131,0.105,-0.026,0.118,0.104,-0.014,0.121,0.071,-0.05,0.087,0.075,-0.012,0.093,0.103,0.01,0.099,0.073,-0.026,0.115,0.089,-0.026,0.097,0.068,-0.029,0.112,0.101,-0.011,0.134,0.115,-0.019,0.145,0.108,-0.037,0.148,0.084,-0.064,0.111,0.123,0.012,0.089,0.107,0.018,0.123,0.083,-0.04,0.072,0.161,0.089,0.084,0.06,-0.024,0.1,0.125,0.025,0.103,0.055,-0.048,0.1,0.118,0.018,0.096,0.114,0.018,0.129,0.076,-0.053,0.1,0.069,-0.031,0.086
0.093,0.082,-0.011,0.132,0.103,-0.029,0.083,0.067,-0.016,0.127,0.079,-0.048,0.079,0.092,0.013,0.086,0.07,-0.016,0.11,0.091,-0.019,0.142,0.111,-0.031,0.086,0.055,-0.031,0.117,0.101,-0.016,0.126,0.102,-0.024,0.119,0.066,-0.053,0.121,0.076,-0.045,0.079,0.097,0.018,0.097,0.104,0.007,0.123,0.094,-0.029,0.097,0.19,0.093,0.11,0.073,-0.037,0.099,0.125,0.026,0.113,0.044,-0.069,0.101,0.121,0.02,0.086,0.117,0.031,0.14,0.07,-0.07,0.132,0.118,-0.014,0.108
0.088,0.106,0.018,0.115,0.092,-0.023,0.075,0.117,0.042,0.152,0.101,-0.051,0.079,0.097,0.018,0.081,0.065,-0.016,0.11,0.118,0.008,0.091,0.063,-0.028,0.107,0.093,-0.014,0.115,0.102,-0.013,0.126,0.177,0.051,0.137,0.092,-0.045,0.155,0.136,-0.019,0.099,0.128,0.029,0.102,0.132,0.03,0.116,0.096,-0.02,0.071,0.177,0.106,0.123,0.086,-0.037,0.1,0.146,0.046,0.105,0.044,-0.061,0.092,0.111,0.019,0.072,0.106,0.034,0.131,0.063,-0.068,0.113,0.125,0.012,0.089
0.088,0.106,0.018,0.113,0.084,-0.029,0.094,0.112,0.018,0.121,0.068,-0.053,0.084,0.091,0.007,0.089,0.07,-0.019,0.129,0.108,-0.021,0.11,0.079,-0.031,0.107,0.096,-0.011,0.113,0.091,-0.022,0.121,0.152,0.031,0.113,0.063,-0.05,0.134,0.084,-0.05,0.095,0.118,0.023,0.07,0.103,0.033,0.121,0.063,-0.058,0.084,0.184,0.1,0.105,0.081,-0.024,0.1,0.118,0.018,0.112,0.078,-0.034,0.095,0.11,0.015,0.081,0.119,0.038,0.137,0.06,-0.077,0.127,0.105,-0.022,0.1
0.083,0.093,0.01,0.129,0.092,-0.037,0.105,0.073,-0.032,0.142,0.097,-0.045,0.087,0.097,0.01,0.097,0.083,-0.014,0.11,0.086,-0.024,0.108,0.074,-0.034,0.108,0.076,-0.032,0.113,0.076,-0.037,0.142,0.105,-0.037,0.137,0.073,-0.064,0.127,0.082,-0.045,0.076,0.099,0.023,0.081,0.099,0.018,0.129,0.068,-0.061,0.092,0.187,0.095,0.074,0.078,0.004,0.076,0.094,0.018,0.094,0.055,-0.039,0.097,0.115,0.018,0.078,0.106,0.028,0.14,0.071,-0.069,0.105,0.093,-0.012,0.09
0.078,0.085,0.007,0.126,0.089,-0.037,0.092,0.11,0.018,0.107,0.076,-0.031,0.07,0.054,-0.016,0.087,0.105,0.018,0.107,0.078,-0.029,0.099,0.078,-0.021,0.084,0.055,-0.029,0.118,0.099,-0.019,0.103,0.118,0.015,0.105,0.06,-0.045,0.124,0.071,-0.053,0.081,0.099,0.018,0.073,0.112,0.039,0.089,0.052,-0.037,0.081,0.168,0.087,0.1,0.079,-0.021,0.094,0.117,0.023,0.1,0.065,-0.035,0.098,0.115,0.017,0.094,0.112,0.018,0.145,0.076,-0.069,0.113,0.089,-0.024,0.073
0.075,0.093,0.018,0.11,0.078,-0.032,0.087,0.075,-0.012,0.116,0.072,-0.044,0.076,0.094,0.018,0.065,0.075,0.01,0.091,0.075,-0.016,0.098,0.058,-0.04,0.084,0.097,0.013,0.097,0.075,-0.022,0.127,0.087,-0.04,0.131,0.089,-0.042,0.116,0.066,-0.05,0.087,0.112,0.025,0.092,0.101,0.009,0.137,0.09,-0.047,0.075,0.165,0.09,0.088,0.092,0.004,0.07,0.096,0.026,0.105,0.049,-0.056,0.088,0.116,0.028,0.086,0.109,0.023,0.121,0.068,-0.053,0.097,0.112,0.015,0.097
0.075,0.093,0.018,0.121,0.07,-0.051,0.087,0.108,0.021,0.105,0.06,-0.045,0.078,0.088,0.01,0.08,0.084,0.004,0.129,0.089,-0.04,0.076,0.05,-0.026,0.084,0.091,0.007,0.076,0.091,0.015,0.111,0.071,-0.04,0.131,0.094,-0.037,0.14,0.076,-0.064,0.1,0.126,0.026,0.078,0.101,0.023,0.134,0.117,-0.017,0.095,0.198,0.103,0.101,0.09,-0.011,0.085,0.11,0.025,0.105,0.06,-0.045,0.113,0.139,0.026,0.089,0.112,0.023,0.129,0.062,-0.067,0.13,0.098,-0.032,0.117
0.096,0.07,-0.026,0.136,0.115,-0.021,0.095,0.112,0.017,0.1,0.068,-0.032,0.071,0.078,0.007,0.071,0.086,0.015,0.084,0.06,-0.024,0.12,0.091,-0.029,0.087,0.063,-0.024,0.103,0.11,0.007,0.094,0.078,-0.016,0.108,0.053,-0.055,0.132,0.073,-0.059,0.09,0.103,0.013,0.099,0.132,0.033,0.143,0.486,0.343,0.07,0.168,0.098,0.092,0.068,-0.024,0.086,0.109,0.023,0.098,0.042,-0.056,0.087,0.113,0.026,0.067,0.101,0.034,0.134,0.065,-0.069,0.116,0.123,0.007,0.092
0.086,0.104,0.018,0.102,0.085,-0.017,0.079,0.097,0.018,0.1,0.052,-0.048,0.074,0.092,0.018,0.071,0.075,0.004,0.094,0.073,-0.021,0.108,0.06,-0.048,0.105,0.082,-0.023,0.107,0.071,-0.036,0.118,0.086,-0.032,0.134,0.089,-0.045,0.116,0.063,-0.053,0.084,0.102,0.018,0.091,0.109,0.018,0.127,0.079,-0.048,0.079,0.161,0.082,0.091,0.099,0.008,0.084,0.101,0.017,0.11,0.034,-0.076,0.093,0.111,0.018,0.081,0.107,0.026,0.138,0.078,-0.06,0.099,0.091,-0.008,0.123
0.091,0.101,0.01,0.11,0.079,-0.031,0.096,0.112,0.016,0.115,0.067,-0.048,0.074,0.084,0.01,0.077,0.081,0.004,0.094,0.078,-0.016,0.102,0.073,-0.029,0.1,0.086,-0.014,0.098,0.103,0.005,0.091,0.079,-0.012,0.117,0.077,-0.04,0.142,0.084,-0.058,0.097,0.115,0.018,0.071,0.096,0.025,0.124,0.068,-0.056,0.087,0.169,0.082,0.103,0.076,-0.027,0.091,0.117,0.026,0.103,0.045,-0.058,0.104,0.096,-0.008,0.076,0.115,0.039,0.129,0.06,-0.069,0.105,0.097,-0.008,0.097
0.083,0.101,0.018,0.11,0.078,-0.032,0.089,0.105,0.016,0.091,0.077,-0.014,0.063,0.074,0.011,0.089,0.096,0.007,0.084,0.094,0.01,0.115,0.088,-0.027,0.084,0.068,-0.016,0.1,0.081,-0.019,0.1,0.089,-0.011,0.134,0.094,-0.04,0.122,0.061,-0.061,0.089,0.107,0.018,0.084,0.102,0.018,0.118,0.07,-0.048,0.079,0.164,0.085,0.091,0.069,-0.022,0.095,0.131,0.036,0.105,0.057,-0.048,0.126,0.113,-0.013,0.076,0.107,0.031,0.145,0.063,-0.082,0.118,0.126,0.008,0.081
0.085,0.102,0.017,0.105,0.084,-0.021,0.089,0.078,-0.011,0.105,0.083,-0.022,0.066,0.084,0.018,0.068,0.083,0.015,0.087,0.065,-0.022,0.092,0.068,-0.024,0.092,0.099,0.007,0.087,0.075,-0.012,0.103,0.089,-0.014,0.127,0.095,-0.032,0.137,0.068,-0.069,0.098,0.11,0.012,0.094,0.112,0.018,0.131,0.097,-0.034,0.073,0.169,0.096,0.085,0.302,0.217,0.094,0.158,0.064,0.102,0.09,-0.012,0.095,0.116,0.021,0.089,0.137,0.048,0.127,0.066,-0.061,0.094,0.102,0.008,0.086
0.078,0.098,0.02,0.113,0.068,-0.045,0.095,0.112,0.017,0.105,0.066,-0.039,0.071,0.078,0.007,0.076,0.086,0.01,0.105,0.088,-0.017,0.116,0.102,-0.014,0.085,0.053,-0.032,0.126,0.096,-0.03,0.106,0.123,0.017,0.108,0.071,-0.037,0.139,0.076,-0.063,0.09,0.097,0.007,0.084,0.107,0.023,0.118,0.086,-0.032,0.079,0.171,0.092,0.105,0.071,-0.034,0.097,0.127,0.03,0.124,0.053,-0.071,0.089,0.107,0.018,0.071,0.112,0.041,0.123,0.067,-0.056,0.09,0.098,0.008,0.096
0.062,0.08,0.018,0.105,0.081,-0.024,0.081,0.05,-0.031,0.126,0.084,-0.042,0.086,0.078,-0.008,0.077,0.081,0.004,0.115,0.073,-0.042,0.116,0.069,-0.047,0.105,0.065,-0.04,0.095,0.076,-0.019,0.163,0.105,-0.058,0.119,0.076,-0.043,0.093,0.048,-0.045,0.081,0.07,-0.011,0.108,0.126,0.018,0.086,0.104,0.018,0.08,0.173,0.093,0.102,0.068,-0.034,0.1,0.133,0.033,0.095,0.036,-0.059,0.103,0.087,-0.016,0.133,0.144,0.011,0.117,0.081,-0.036,0.099,0.12,0.021,0.086
0.075,0.101,0.026,0.11,0.078,-0.032,0.092,0.102,0.01,0.087,0.091,0.004,0.055,0.068,0.013,0.067,0.085,0.018,0.084,0.094,0.01,0.082,0.034,-0.048,0.092,0.099,0.007,0.095,0.078,-0.017,0.121,0.1,-0.021,0.094,0.052,-0.042,0.108,0.063,-0.045,0.076,0.095,0.019,0.084,0.088,0.004,0.079,0.094,0.015,0.065,0.134,0.069,0.089,0.065,-0.024,0.095,0.123,0.028,0.092,0.029,-0.063,0.089,0.104,0.015,0.05,0.094,0.044,0.118,0.075,-0.043,0.092,0.11,0.018,0.081
0.081,0.104,0.023,0.107,0.062,-0.045,0.09,0.097,0.007,0.068,0.083,0.015,0.064,0.068,0.004,0.055,0.085,0.03,0.095,0.063,-0.032,0.097,0.083,-0.014,0.09,0.061,-0.029,0.092,0.109,0.017,0.099,0.083,-0.016,0.1,0.061,-0.039,0.106,0.06,-0.046,0.077,0.089,0.012,0.107,0.321,0.214,0.125,0.143,0.018,0.063,0.191,0.128,0.105,0.123,0.018,0.078,0.096,0.018,0.087,0.042,-0.045,0.076,0.093,0.017,0.074,0.122,0.048,0.116,0.066,-0.05,0.097,0.107,0.01,0.094
0.083,0.114,0.031,0.112,0.065,-0.047,0.084,0.104,0.02,0.082,0.089,0.007,0.065,0.041,-0.024,0.071,0.112,0.041,0.102,0.073,-0.029,0.108,0.091,-0.017,0.084,0.068,-0.016,0.092,0.102,0.01,0.094,0.081,-0.013,0.103,0.063,-0.04,0.116,0.063,-0.053,0.084,0.105,0.021,0.078,0.101,0.023,0.104,0.078,-0.026,0.068,0.161,0.093,0.078,0.047,-0.031,0.102,0.141,0.039,0.099,0.047,-0.052,0.12,0.112,-0.008,0.076,0.12,0.044,0.125,0.067,-0.058,0.111,0.123,0.012,0.108
0.083,0.072,-0.011,0.134,0.095,-0.039,0.102,0.085,-0.017,0.114,0.076,-0.038,0.074,0.095,0.021,0.086,0.072,-0.014,0.1,0.118,0.018,0.081,0.047,-0.034,0.094,0.109,0.015,0.089,0.068,-0.021,0.105,0.097,-0.008,0.131,0.094,-0.037,0.124,0.071,-0.053,0.084,0.104,0.02,0.076,0.094,0.018,0.11,0.076,-0.034,0.071,0.163,0.092,0.084,0.067,-0.017,0.09,0.121,0.031,0.087,0.013,-0.074,0.105,0.133,0.028,0.089,0.118,0.029,0.123,0.059,-0.064,0.108,0.126,0.018,0.089
0.083,0.096,0.013,0.129,0.089,-0.04,0.097,0.115,0.018,0.123,0.091,-0.032,0.123,0.141,0.018,0.138,0.444,0.306,0.142,0.329,0.187,0.1,0.086,-0.014,0.084,0.053,-0.031,0.105,0.088,-0.017,0.153,0.119,-0.034,0.128,0.083,-0.045,0.119,0.071,-0.048,0.082,0.1,0.018,0.078,0.109,0.031,0.099,0.055,-0.044,0.076,0.171,0.095,0.097,0.068,-0.029,0.081,0.122,0.041,0.107,0.063,-0.044,0.102,0.09,-0.012,0.087,0.123,0.036,0.145,0.06,-0.085,0.135,0.104,-0.031,0.091
0.062,0.096,0.034,0.133,0.158,0.025,0.107,0.123,0.016,0.12,0.089,-0.031,0.089,0.101,0.012,0.102,0.086,-0.016,0.105,0.193,0.088,0.136,0.088,-0.048,0.121,0.095,-0.026,0.099,0.088,-0.011,0.116,0.126,0.01,0.124,0.065,-0.059,0.121,0.077,-0.044,0.086,0.096,0.01,0.074,0.102,0.028,0.118,0.06,-0.058,0.087,0.179,0.092,0.1,0.068,-0.032,0.1,0.118,0.018,0.102,0.062,-0.04,0.105,0.074,-0.031,0.07,0.129,0.059,0.145,0.063,-0.082,0.116,0.134,0.018,0.104
0.081,0.093,0.012,0.123,0.094,-0.029,0.097,0.086,-0.011,0.148,0.102,-0.046,0.085,0.108,0.023,0.073,0.09,0.017,0.108,0.64,0.532,0.121,0.081,-0.04,0.105,0.094,-0.011,0.108,0.097,-0.011,0.134,0.149,0.015,0.131,0.081,-0.05,0.116,0.068,-0.048,0.087,0.105,0.018,0.078,0.096,0.018,0.11,0.07,-0.04,0.076,0.169,0.093,0.091,0.065,-0.026,0.092,0.128,0.036,0.119,0.039,-0.08,0.116,0.102,-0.014,0.076,0.107,0.031,0.131,0.071,-0.06,0.131,0.107,-0.024,0.107
0.112,0.127,0.015,0.123,0.104,-0.019,0.108,0.888,0.78,0.136,0.091,-0.045,0.084,0.092,0.008,0.094,0.08,-0.014,0.105,0.094,-0.011,0.121,0.061,-0.06,0.113,0.079,-0.034,0.107,0.086,-0.021,0.123,0.099,-0.024,0.116,0.058,-0.058,0.129,0.077,-0.052,0.089,0.072,-0.017,0.09,0.116,0.026,0.11,0.046,-0.064,0.093,0.165,0.072,0.089,0.096,0.007,0.091,0.083,-0.008,0.098,0.053,-0.045,0.09,0.077,-0.013,0.085,0.121,0.036,0.139,0.07,-0.069,0.119,0.09,-0.029,0.107
0.075,0.106,0.031,0.145,0.079,-0.066,0.147,0.388,0.241,0.16,0.131,-0.029,0.131,0.35,0.219,0.115,0.179,0.064,0.136,0.107,-0.029,0.134,0.107,-0.027,0.114,0.06,-0.054,0.109,0.085,-0.024,0.128,0.143,0.015,0.101,0.016,-0.085,0.155,0.124,-0.031,0.149,0.164,0.015,0.134,0.151,0.017,0.149,0.206,0.057,0.086,0.161,0.075,0.088,0.069,-0.019,0.106,0.116,0.01,0.086,0.044,-0.042,0.129,0.107,-0.022,0.066,0.112,0.046,0.126,0.079,-0.047,0.115,0.128,0.013,0.097
0.091,0.109,0.018,0.128,0.078,-0.05,0.115,0.104,-0.011,0.132,0.079,-0.053,0.085,0.1,0.015,0.057,0.07,0.013,0.102,0.063,-0.039,0.137,0.076,-0.061,0.139,0.108,-0.031,0.125,0.102,-0.023,0.136,0.177,0.041,0.121,0.052,-0.069,0.148,0.095,-0.053,0.132,0.084,-0.048,0.126,0.224,0.098,0.123,0.133,0.01,0.089,0.205,0.116,0.117,0.096,-0.021,0.087,0.104,0.017,0.1,0.034,-0.066,0.103,0.081,-0.022,0.09,0.118,0.028,0.147,0.073,-0.074,0.118,0.107,-0.011,0.119
0.078,0.085,0.007,0.124,0.079,-0.045,0.105,0.12,0.015,0.105,0.073,-0.032,0.084,0.052,-0.032,0.095,0.113,0.018,0.105,0.052,-0.053,0.107,0.096,-0.011,0.082,0.048,-0.034,0.099,0.117,0.018,0.118,0.094,-0.024,0.132,0.042,-0.09,0.151,0.079,-0.072,0.109,0.095,-0.014,0.118,0.107,-0.011,0.129,0.102,-0.027,0.074,0.146,0.072,0.122,0.168,0.046,0.121,0.087,-0.034,0.11,0.06,-0.05,0.083,0.086,0.003,0.076,0.115,0.039,0.134,0.068,-0.066,0.121,0.131,0.01,0.089
0.078,0.066,-0.012,0.132,0.103,-0.029,0.094,0.075,-0.019,0.132,0.08,-0.052,0.089,0.07,-0.019,0.087,0.099,0.012,0.092,0.058,-0.034,0.11,0.081,-0.029,0.1,0.063,-0.037,0.11,0.089,-0.021,0.131,0.092,-0.039,0.134,0.065,-0.069,0.127,0.088,-0.039,0.07,0.083,0.013,0.076,0.088,0.012,0.126,0.079,-0.047,0.078,0.155,0.077,0.098,0.048,-0.05,0.136,0.146,0.01,0.116,0.034,-0.082,0.119,0.105,-0.014,0.084,0.107,0.023,0.143,0.066,-0.077,0.113,0.102,-0.011,0.089
0.1,0.104,0.004,0.115,0.091,-0.024,0.102,0.089,-0.013,0.113,0.076,-0.037,0.086,0.07,-0.016,0.105,0.097,-0.008,0.097,0.076,-0.021,0.105,0.076,-0.029,0.097,0.07,-0.027,0.092,0.063,-0.029,0.145,0.11,-0.035,0.116,0.068,-0.048,0.135,0.076,-0.059,0.095,0.087,-0.008,0.094,0.112,0.018,0.134,0.073,-0.061,0.084,0.164,0.08,0.094,0.058,-0.036,0.104,0.127,0.023,0.113,0.053,-0.06,0.1,0.107,0.007,0.086,0.109,0.023,0.137,0.066,-0.071,0.116,0.126,0.01,0.081
0.068,0.075,0.007,0.137,0.086,-0.051,0.095,0.108,0.013,0.115,0.083,-0.032,0.066,0.073,0.007,0.06,0.078,0.018,0.105,0.071,-0.034,0.097,0.083,-0.014,0.087,0.04,-0.047,0.115,0.133,0.018,0.136,0.105,-0.031,0.136,0.078,-0.058,0.135,0.09,-0.045,0.086,0.104,0.018,0.071,0.104,0.033,0.1,0.057,-0.043,0.079,0.161,0.082,0.087,0.063,-0.024,0.097,0.115,0.018,0.091,0.054,-0.037,0.113,0.102,-0.011,0.081,0.105,0.024,0.136,0.078,-0.058,0.09,0.1,0.01,0.07
0.067,0.085,0.018,0.116,0.071,-0.045,0.107,0.091,-0.016,0.113,0.081,-0.032,0.074,0.06,-0.014,0.084,0.102,0.018,0.086,0.052,-0.034,0.087,0.094,0.007,0.092,0.07,-0.022,0.09,0.1,0.01,0.115,0.099,-0.016,0.124,0.073,-0.051,0.116,0.077,-0.039,0.073,0.08,0.007,0.089,0.107,0.018,0.102,0.066,-0.036,0.07,0.147,0.077,0.1,0.068,-0.032,0.092,0.119,0.027,0.119,0.04,-0.079,0.101,0.111,0.01,0.067,0.106,0.039,0.131,0.071,-0.06,0.105,0.086,-0.019,0.087
0.081,0.091,0.01,0.121,0.073,-0.048,0.084,0.094,0.01,0.1,0.073,-0.027,0.076,0.057,-0.019,0.095,0.108,0.013,0.094,0.049,-0.045,0.089,0.066,-0.023,0.089,0.096,0.007,0.084,0.07,-0.014,0.124,0.105,-0.019,0.106,0.048,-0.058,0.118,0.076,-0.042,0.078,0.091,0.013,0.084,0.102,0.018,0.099,0.06,-0.039,0.075,0.15,0.075,0.1,0.068,-0.032,0.095,0.112,0.017,0.108,0.052,-0.056,0.095,0.113,0.018,0.071,0.096,0.025,0.134,0.065,-0.069,0.109,0.132,0.023,0.101
0.066,0.069,0.003,0.127,0.085,-0.042,0.109,0.093,-0.016,0.127,0.087,-0.04,0.076,0.062,-0.014,0.077,0.095,0.018,0.099,0.062,-0.037,0.103,0.071,-0.032,0.094,0.066,-0.028,0.102,0.117,0.015,0.104,0.091,-0.013,0.126,0.073,-0.053,0.135,0.071,-0.064,0.09,0.082,-0.008,0.086,0.104,0.018,0.11,0.073,-0.037,0.066,0.143,0.077,0.105,0.067,-0.038,0.103,0.126,0.023,0.103,0.042,-0.061,0.118,0.11,-0.008,0.076,0.101,0.025,0.145,0.079,-0.066,0.1,0.081,-0.019,0.1
0.083,0.072,-0.011,0.126,0.095,-0.031,0.089,0.077,-0.012,0.105,0.097,-0.008,0.063,0.078,0.015,0.061,0.073,0.012,0.097,0.065,-0.032,0.1,0.066,-0.034,0.1,0.076,-0.024,0.102,0.091,-0.011,0.115,0.087,-0.028,0.123,0.081,-0.042,0.121,0.071,-0.05,0.086,0.07,-0.016,0.09,0.113,0.023,0.13,0.07,-0.06,0.076,0.156,0.08,0.091,0.067,-0.024,0.085,0.11,0.025,0.111,0.06,-0.051,0.087,0.079,-0.008,0.097,0.12,0.023,0.126,0.072,-0.054,0.085,0.103,0.018,0.068
0.085,0.108,0.023,0.129,0.087,-0.042,0.073,0.091,0.018,0.1,0.066,-0.034,0.078,0.064,-0.014,0.079,0.094,0.015,0.1,0.063,-0.037,0.092,0.055,-0.037,0.102,0.078,-0.024,0.095,0.103,0.008,0.122,0.091,-0.031,0.124,0.063,-0.061,0.118,0.068,-0.05,0.079,0.087,0.008,0.073,0.091,0.018,0.105,0.07,-0.035,0.079,0.161,0.082,0.102,0.071,-0.031,0.091,0.135,0.044,0.087,0.034,-0.053,0.087,0.11,0.023,0.089,0.101,0.012,0.124,0.079,-0.045,0.094,0.068,-0.026,0.099
0.091,0.101,0.01,0.118,0.089,-0.029,0.084,0.091,0.007,0.113,0.063,-0.05,0.087,0.068,-0.019,0.079,0.094,0.015,0.108,0.052,-0.056,0.098,0.105,0.007,0.065,0.047,-0.018,0.107,0.093,-0.014,0.14,0.111,-0.029,0.118,0.047,-0.071,0.129,0.06,-0.069,0.085,0.096,0.011,0.067,0.098,0.031,0.121,0.065,-0.056,0.085,0.156,0.071,0.1,0.068,-0.032,0.1,0.12,0.02,0.1,0.058,-0.042,0.086,0.11,0.024,0.08,0.098,0.018,0.124,0.06,-0.064,0.1,0.11,0.01,0.076
0.06,0.088,0.028,0.131,0.07,-0.061,0.1,0.118,0.018,0.099,0.078,-0.021,0.071,0.052,-0.019,0.071,0.096,0.025,0.095,0.063,-0.032,0.111,0.074,-0.037,0.102,0.075,-0.027,0.1,0.108,0.008,0.104,0.083,-0.021,0.124,0.071,-0.053,0.116,0.066,-0.05,0.079,0.094,0.015,0.089,0.078,-0.011,0.126,0.076,-0.05,0.082,0.159,0.077,0.094,0.077,-0.017,0.092,0.11,0.018,0.111,0.045,-0.066,0.097,0.113,0.016,0.075,0.093,0.018,0.131,0.071,-0.06,0.102,0.115,0.013,0.076
0.08,0.095,0.015,0.119,0.074,-0.045,0.092,0.099,0.007,0.094,0.063,-0.031,0.084,0.094,0.01,0.065,0.083,0.018,0.104,0.076,-0.028,0.104,0.073,-0.031,0.094,0.073,-0.021,0.118,0.092,-0.026,0.107,0.117,0.01,0.095,0.045,-0.05,0.131,0.083,-0.048,0.069,0.082,0.013,0.081,0.101,0.02,0.116,0.063,-0.053,0.084,0.166,0.082,0.091,0.08,-0.011,0.087,0.11,0.023,0.095,0.055,-0.04,0.121,0.099,-0.022,0.081,0.112,0.031,0.129,0.068,-0.061,0.1,0.121,0.021,0.086
0.078,0.096,0.018,0.134,0.078,-0.056,0.105,0.126,0.021,0.128,0.094,-0.034,0.078,0.094,0.016,0.07,0.078,0.008,0.086,0.06,-0.026,0.123,0.091,-0.032,0.09,0.066,-0.024,0.102,0.083,-0.019,0.111,0.118,0.007,0.084,0.042,-0.042,0.121,0.063,-0.058,0.09,0.094,0.004,0.074,0.099,0.025,0.1,0.047,-0.053,0.084,0.179,0.095,0.105,0.086,-0.019,0.098,0.113,0.015,0.1,0.036,-0.064,0.103,0.113,0.01,0.083,0.101,0.018,0.145,0.081,-0.064,0.106,0.209,0.103,0.106
0.083,0.096,0.013,0.107,0.081,-0.026,0.092,0.107,0.015,0.113,0.068,-0.045,0.081,0.067,-0.014,0.077,0.095,0.018,0.12,0.06,-0.06,0.094,0.078,-0.016,0.108,0.076,-0.032,0.092,0.081,-0.011,0.112,0.096,-0.016,0.114,0.066,-0.048,0.118,0.074,-0.044,0.071,0.078,0.007,0.084,0.102,0.018,0.128,0.068,-0.06,0.081,0.158,0.077,0.092,0.063,-0.029,0.097,0.104,0.007,0.108,0.05,-0.058,0.089,0.107,0.018,0.084,0.096,0.012,0.124,0.082,-0.042,0.097,0.115,0.018,0.086
0.076,0.088,0.012,0.105,0.078,-0.027,0.09,0.094,0.004,0.113,0.074,-0.039,0.076,0.057,-0.019,0.071,0.089,0.018,0.118,0.06,-0.058,0.105,0.076,-0.029,0.097,0.073,-0.024,0.108,0.091,-0.017,0.118,0.107,-0.011,0.115,0.061,-0.054,0.121,0.058,-0.063,0.082,0.095,0.013,0.083,0.101,0.018,0.107,0.068,-0.039,0.081,0.164,0.083,0.086,0.069,-0.017,0.085,0.105,0.02,0.105,0.05,-0.055,0.092,0.11,0.018,0.091,0.109,0.018,0.124,0.065,-0.059,0.108,0.121,0.013,0.096
0.08,0.067,-0.013,0.137,0.103,-0.034,0.092,0.096,0.004,0.097,0.061,-0.036,0.073,0.08,0.007,0.068,0.081,0.013,0.102,0.07,-0.032,0.092,0.061,-0.031,0.083,0.101,0.018,0.081,0.067,-0.014,0.109,0.116,0.007,0.094,0.049,-0.045,0.124,0.071,-0.053,0.09,0.076,-0.014,0.097,0.115,0.018,0.129,0.073,-0.056,0.087,0.166,0.079,0.085,0.053,-0.032,0.105,0.128,0.023,0.1,0.042,-0.058,0.105,0.125,0.02,0.073,0.091,0.018,0.147,0.081,-0.066,0.116,0.124,0.008,0.083
0.083,0.101,0.018,0.134,0.075,-0.059,0.114,0.137,0.023,0.126,0.083,-0.043,0.081,0.073,-0.008,0.081,0.099,0.018,0.089,0.053,-0.036,0.133,0.112,-0.021,0.087,0.039,-0.048,0.121,0.113,-0.008,0.128,0.099,-0.029,0.104,0.055,-0.049,0.132,0.069,-0.063,0.1,0.081,-0.019,0.1,0.117,0.017,0.116,0.074,-0.042,0.076,0.161,0.085,0.091,0.06,-0.031,0.097,0.12,0.023,0.103,0.018,-0.085,0.121,0.113,-0.008,0.084,0.107,0.023,0.131,0.07,-0.061,0.092,0.108,0.016,0.081
0.081,0.088,0.007,0.116,0.089,-0.027,0.102,0.081,-0.021,0.126,0.079,-0.047,0.079,0.089,0.01,0.073,0.08,0.007,0.1,0.068,-0.032,0.113,0.076,-0.037,0.087,0.068,-0.019,0.11,0.091,-0.019,0.137,0.105,-0.032,0.095,0.05,-0.045,0.129,0.063,-0.066,0.103,0.084,-0.019,0.095,0.12,0.025,0.115,0.089,-0.026,0.086,0.171,0.085,0.094,0.07,-0.024,0.113,0.1,-0.013,0.119,0.052,-0.067,0.103,0.091,-0.012,0.111,0.129,0.018,0.15,0.083,-0.067,0.119,0.105,-0.014,0.113
0.073,0.094,0.021,0.117,0.069,-0.048,0.095,0.084,-0.011,0.129,0.09,-0.039,0.07,0.056,-0.014,0.085,0.089,0.004,0.103,0.071,-0.032,0.107,0.071,-0.036,0.083,0.07,-0.013,0.105,0.091,-0.014,0.121,0.097,-0.024,0.135,0.071,-0.064,0.137,0.082,-0.055,0.089,0.1,0.011,0.102,0.109,0.007,0.116,0.063,-0.053,0.084,0.156,0.072,0.094,0.065,-0.029,0.105,0.128,0.023,0.098,0.023,-0.075,0.135,0.101,-0.034,0.091,0.122,0.031,0.139,0.076,-0.063,0.11,0.089,-0.021,0.089
0.086,0.104,0.018,0.101,0.08,-0.021,0.079,0.097,0.018,0.102,0.057,-0.045,0.084,0.07,-0.014,0.084,0.103,0.019,0.094,0.06,-0.034,0.115,0.093,-0.022,0.088,0.051,-0.037,0.112,0.086,-0.026,0.118,0.101,-0.017,0.108,0.074,-0.034,0.132,0.068,-0.064,0.1,0.089,-0.011,0.1,0.108,0.008,0.117,0.067,-0.05,0.077,0.164,0.087,0.097,0.063,-0.034,0.094,0.112,0.018,0.103,0.044,-0.059,0.119,0.09,-0.029,0.076,0.117,0.041,0.145,0.07,-0.075,0.109,0.116,0.007,0.086
0.083,0.096,0.013,0.112,0.073,-0.039,0.089,0.102,0.013,0.104,0.055,-0.049,0.074,0.078,0.004,0.081,0.089,0.008,0.094,0.07,-0.024,0.105,0.086,-0.019,0.085,0.063,-0.022,0.102,0.086,-0.016,0.113,0.121,0.008,0.11,0.055,-0.055,0.131,0.073,-0.058,0.092,0.084,-0.008,0.097,0.115,0.018,0.113,0.063,-0.05,0.081,0.153,0.072,0.086,0.06,-0.026,0.102,0.122,0.02,0.103,0.045,-0.058,0.11,0.079,-0.031,0.086,0.13,0.044,0.137,0.068,-0.069,0.105,0.094,-0.011,0.076
0.078,0.103,0.025,0.105,0.071,-0.034,0.084,0.096,0.012,0.103,0.074,-0.029,0.066,0.057,-0.009,0.081,0.096,0.015,0.105,0.068,-0.037,0.094,0.066,-0.028,0.115,0.098,-0.017,0.106,0.077,-0.029,0.118,0.133,0.015,0.136,0.347,0.211,0.157,0.133,-0.024,0.099,0.12,0.021,0.094,0.104,0.01,0.102,0.088,-0.014,0.071,0.154,0.083,0.094,0.075,-0.019,0.097,0.12,0.023,0.089,0.044,-0.045,0.1,0.084,-0.016,0.086,0.12,0.034,0.142,0.083,-0.059,0.09,0.105,0.015,0.086
0.091,0.101,0.01,0.123,0.084,-0.039,0.102,0.083,-0.019,0.124,0.066,-0.058,0.08,0.084,0.004,0.066,0.086,0.02,0.099,0.06,-0.039,0.102,0.088,-0.014,0.103,0.066,-0.037,0.092,0.102,0.01,0.118,0.086,-0.032,0.116,0.071,-0.045,0.126,0.076,-0.05,0.074,0.081,0.007,0.081,0.099,0.018,0.118,0.073,-0.045,0.079,0.164,0.085,0.077,0.081,0.004,0.086,0.101,0.015,0.087,0.055,-0.032,0.092,0.078,-0.014,0.092,0.138,0.046,0.11,0.07,-0.04,0.108,0.089,-0.019,0.087
0.091,0.106,0.015,0.142,0.081,-0.061,0.097,0.086,-0.011,0.132,0.087,-0.045,0.078,0.065,-0.013,0.073,0.089,0.016,0.089,0.057,-0.032,0.094,0.081,-0.013,0.113,0.081,-0.032,0.095,0.102,0.007,0.12,0.107,-0.013,0.116,0.068,-0.048,0.145,0.092,-0.053,0.095,0.112,0.017,0.092,0.11,0.018,0.11,0.06,-0.05,0.076,0.148,0.072,0.089,0.058,-0.031,0.102,0.125,0.023,0.089,0.031,-0.058,0.092,0.105,0.013,0.102,0.109,0.007,0.129,0.081,-0.048,0.105,0.089,-0.016,0.105
0.091,0.077,-0.014,0.139,0.111,-0.028,0.096,0.104,0.008,0.118,0.076,-0.042,0.078,0.067,-0.011,0.082,0.1,0.018,0.086,0.055,-0.031,0.094,0.077,-0.017,0.106,0.079,-0.027,0.09,0.1,0.01,0.123,0.078,-0.045,0.121,0.074,-0.047,0.103,0.058,-0.045,0.078,0.086,0.008,0.078,0.109,0.031,0.113,0.057,-0.056,0.082,0.159,0.077,0.099,0.075,-0.024,0.097,0.123,0.026,0.095,0.058,-0.037,0.094,0.102,0.008,0.083,0.106,0.023,0.137,0.079,-0.058,0.089,0.107,0.018,0.091
0.094,0.103,0.009,0.113,0.082,-0.031,0.091,0.075,-0.016,0.129,0.077,-0.052,0.083,0.07,-0.013,0.074,0.091,0.017,0.095,0.061,-0.034,0.105,0.073,-0.032,0.107,0.088,-0.019,0.092,0.076,-0.016,0.11,0.089,-0.021,0.124,0.071,-0.053,0.121,0.071,-0.05,0.087,0.076,-0.011,0.081,0.112,0.031,0.112,0.081,-0.031,0.068,0.15,0.082,0.086,0.072,-0.014,0.095,0.113,0.018,0.084,0.031,-0.053,0.09,0.108,0.018,0.075,0.096,0.021,0.129,0.065,-0.064,0.124,0.102,-0.022,0.095
0.073,0.088,0.015,0.107,0.073,-0.034,0.097,0.081,-0.016,0.118,0.094,-0.024,0.066,0.083,0.017,0.079,0.086,0.007,0.105,0.076,-0.029,0.102,0.084,-0.018,0.099,0.08,-0.019,0.1,0.086,-0.014,0.119,0.102,-0.017,0.109,0.069,-0.04,0.116,0.066,-0.05,0.099,0.075,-0.024,0.105,0.131,0.026,0.113,0.091,-0.022,0.079,0.153,0.074,0.113,0.076,-0.037,0.097,0.115,0.018,0.1,0.037,-0.063,0.1,0.118,0.018,0.075,0.098,0.023,0.129,0.063,-0.066,0.121,0.129,0.008,0.094
0.062,0.075,0.013,0.131,0.141,0.01,0.123,0.136,0.013,0.123,0.083,-0.04,0.071,0.084,0.013,0.091,0.065,-0.026,0.102,0.12,0.018,0.11,0.088,-0.022,0.1,0.071,-0.029,0.115,0.133,0.018,0.102,0.177,0.075,0.115,0.06,-0.055,0.142,0.105,-0.037,0.087,0.107,0.02,0.094,0.107,0.013,0.097,0.072,-0.025,0.082,0.159,0.077,0.094,0.109,0.015,0.11,0.093,-0.017,0.077,0.046,-0.031,0.11,0.086,-0.024,0.065,0.119,0.054,0.134,0.068,-0.066,0.142,0.131,-0.011,0.123
0.096,0.114,0.018,0.123,0.081,-0.042,0.097,0.086,-0.011,0.126,0.092,-0.034,0.081,0.055,-0.026,0.086,0.104,0.018,0.121,0.068,-0.053,0.1,0.071,-0.029,0.11,0.078,-0.032,0.1,0.088,-0.012,0.116,0.101,-0.015,0.118,0.06,-0.058,0.118,0.073,-0.045,0.077,0.084,0.007,0.084,0.109,0.025,0.087,0.055,-0.032,0.092,0.171,0.079,0.081,0.06,-0.021,0.097,0.115,0.018,0.114,0.066,-0.048,0.084,0.057,-0.027,0.1,0.136,0.036,0.137,0.073,-0.064,0.106,0.165,0.059,0.112
0.07,0.088,0.018,0.112,0.07,-0.042,0.087,0.102,0.015,0.118,0.073,-0.045,0.066,0.076,0.01,0.076,0.064,-0.012,0.133,0.093,-0.04,0.095,0.06,-0.035,0.118,0.095,-0.023,0.075,0.091,0.016,0.12,0.091,-0.029,0.102,0.06,-0.042,0.129,0.087,-0.042,0.078,0.067,-0.011,0.11,0.154,0.044,0.136,0.104,-0.032,0.071,0.156,0.085,0.097,0.06,-0.037,0.103,0.123,0.02,0.108,0.057,-0.051,0.108,0.119,0.011,0.09,0.121,0.031,0.129,0.073,-0.056,0.103,0.121,0.018,0.104
0.078,0.101,0.023,0.11,0.065,-0.045,0.087,0.105,0.018,0.099,0.085,-0.014,0.069,0.05,-0.019,0.07,0.106,0.036,0.108,0.063,-0.045,0.084,0.092,0.008,0.083,0.069,-0.014,0.069,0.087,0.018,0.104,0.088,-0.016,0.125,0.061,-0.064,0.127,0.074,-0.053,0.092,0.073,-0.019,0.1,0.138,0.038,0.097,0.073,-0.024,0.074,0.151,0.077,0.091,0.07,-0.021,0.097,0.115,0.018,0.089,0.047,-0.042,0.11,0.099,-0.011,0.073,0.12,0.047,0.128,0.062,-0.066,0.098,0.116,0.018,0.093
0.081,0.114,0.033,0.116,0.055,-0.061,0.093,0.105,0.012,0.107,0.065,-0.042,0.079,0.06,-0.019,0.084,0.102,0.018,0.096,0.07,-0.026,0.094,0.063,-0.031,0.115,0.094,-0.021,0.073,0.086,0.013,0.105,0.12,0.015,0.095,0.023,-0.072,0.129,0.09,-0.039,0.118,0.099,-0.019,0.105,0.125,0.02,0.147,0.102,-0.045,0.087,0.162,0.075,0.107,0.083,-0.024,0.097,0.12,0.023,0.092,0.023,-0.069,0.106,0.124,0.018,0.07,0.101,0.031,0.131,0.07,-0.061,0.098,0.084,-0.014,0.094
0.073,0.085,0.012,0.113,0.084,-0.029,0.102,0.091,-0.011,0.126,0.087,-0.039,0.068,0.056,-0.012,0.09,0.079,-0.011,0.113,0.071,-0.042,0.116,0.084,-0.032,0.092,0.078,-0.014,0.094,0.083,-0.011,0.116,0.085,-0.031,0.123,0.07,-0.053,0.119,0.071,-0.048,0.085,0.092,0.007,0.083,0.102,0.019,0.126,0.083,-0.043,0.074,0.156,0.082,0.089,0.06,-0.029,0.102,0.12,0.018,0.124,0.049,-0.075,0.111,0.103,-0.008,0.073,0.112,0.039,0.126,0.06,-0.066,0.115,0.107,-0.008,0.092
0.093,0.104,0.011,0.12,0.089,-0.031,0.083,0.07,-0.013,0.121,0.081,-0.04,0.072,0.076,0.004,0.085,0.067,-0.018,0.121,0.09,-0.031,0.097,0.075,-0.022,0.1,0.076,-0.024,0.102,0.086,-0.016,0.106,0.069,-0.037,0.15,0.097,-0.053,0.132,0.071,-0.061,0.092,0.099,0.007,0.089,0.1,0.011,0.133,0.102,-0.031,0.07,0.155,0.085,0.128,0.106,-0.022,0.106,0.131,0.025,0.113,0.029,-0.084,0.073,0.102,0.029,0.081,0.119,0.038,0.135,0.066,-0.069,0.108,0.115,0.007,0.1
0.101,0.082,-0.019,0.135,0.106,-0.029,0.096,0.08,-0.016,0.116,0.074,-0.042,0.074,0.091,0.017,0.084,0.06,-0.024,0.118,0.102,-0.016,0.103,0.06,-0.043,0.121,0.102,-0.019,0.095,0.083,-0.012,0.106,0.114,0.008,0.11,0.07,-0.04,0.127,0.058,-0.069,0.105,0.086,-0.019,0.103,0.121,0.018,0.104,0.07,-0.034,0.068,0.171,0.103,0.11,0.07,-0.04,0.09,0.128,0.038,0.103,0.039,-0.064,0.095,0.113,0.018,0.084,0.102,0.018,0.139,0.062,-0.077,0.108,0.126,0.018,0.115
0.088,0.106,0.018,0.113,0.081,-0.032,0.092,0.105,0.013,0.107,0.073,-0.034,0.065,0.076,0.011,0.07,0.085,0.015,0.103,0.055,-0.048,0.089,0.099,0.01,0.082,0.086,0.004,0.066,0.078,0.012,0.11,0.089,-0.021,0.118,0.068,-0.05,0.134,0.081,-0.053,0.074,0.087,0.013,0.081,0.109,0.028,0.107,0.073,-0.034,0.066,0.148,0.082,0.092,0.06,-0.032,0.105,0.125,0.02,0.087,0.052,-0.035,0.092,0.11,0.018,0.081,0.099,0.018,0.142,0.081,-0.061,0.132,0.079,-0.053,0.089
0.094,0.08,-0.014,0.126,0.105,-0.021,0.104,0.083,-0.021,0.132,0.087,-0.045,0.081,0.099,0.018,0.11,0.081,-0.029,0.123,0.094,-0.029,0.126,0.105,-0.021,0.105,0.06,-0.045,0.105,0.094,-0.011,0.097,0.107,0.01,0.105,0.055,-0.05,0.127,0.077,-0.05,0.086,0.07,-0.016,0.082,0.115,0.033,0.105,0.062,-0.043,0.074,0.161,0.087,0.063,0.074,0.011,0.083,0.101,0.018,0.081,0.041,-0.04,0.082,0.1,0.018,0.075,0.098,0.023,0.142,0.073,-0.069,0.103,0.116,0.013,0.104
0.08,0.099,0.019,0.123,0.08,-0.043,0.076,0.084,0.008,0.091,0.08,-0.011,0.066,0.073,0.007,0.084,0.097,0.013,0.092,0.06,-0.032,0.116,0.084,-0.032,0.105,0.078,-0.027,0.1,0.088,-0.012,0.103,0.087,-0.016,0.114,0.071,-0.043,0.14,0.068,-0.072,0.103,0.088,-0.015,0.091,0.124,0.033,0.105,0.065,-0.04,0.074,0.156,0.082,0.09,0.044,-0.046,0.113,0.139,0.026,0.107,0.063,-0.044,0.094,0.086,-0.008,0.094,0.117,0.023,0.137,0.076,-0.061,0.092,0.11,0.018,0.086
0.088,0.106,0.018,0.128,0.092,-0.036,0.068,0.083,0.015,0.086,0.072,-0.014,0.085,0.066,-0.019,0.094,0.112,0.018,0.113,0.094,-0.019,0.11,0.086,-0.024,0.107,0.094,-0.013,0.105,0.084,-0.021,0.115,0.094,-0.021,0.108,0.058,-0.05,0.132,0.071,-0.061,0.097,0.083,-0.014,0.079,0.112,0.033,0.116,0.071,-0.045,0.076,0.156,0.08,0.094,0.075,-0.019,0.095,0.126,0.031,0.081,0.041,-0.04,0.107,0.096,-0.011,0.087,0.108,0.021,0.144,0.083,-0.061,0.09,0.103,0.013,0.088
0.086,0.103,0.017,0.113,0.096,-0.017,0.061,0.079,0.018,0.094,0.068,-0.026,0.068,0.076,0.008,0.076,0.088,0.012,0.094,0.07,-0.024,0.1,0.071,-0.029,0.105,0.086,-0.019,0.076,0.094,0.018,0.102,0.07,-0.032,0.142,0.087,-0.055,0.135,0.071,-0.064,0.095,0.113,0.018,0.078,0.088,0.01,0.115,0.084,-0.031,0.071,0.145,0.074,0.097,0.115,0.018,0.092,0.096,0.004,0.092,0.063,-0.029,0.089,0.107,0.018,0.088,0.122,0.034,0.125,0.083,-0.042,0.094,0.123,0.029,0.128
0.078,0.093,0.015,0.115,0.084,-0.031,0.089,0.099,0.01,0.105,0.078,-0.027,0.065,0.089,0.024,0.102,0.078,-0.024,0.105,0.115,0.01,0.126,0.071,-0.055,0.099,0.109,0.01,0.089,0.071,-0.018,0.133,0.125,-0.008,0.111,0.058,-0.053,0.131,0.073,-0.058,0.082,0.095,0.013,0.091,0.106,0.015,0.103,0.06,-0.043,0.072,0.143,0.071,0.089,0.073,-0.016,0.087,0.105,0.018,0.097,0.055,-0.042,0.094,0.073,-0.021,0.102,0.128,0.026,0.133,0.083,-0.05,0.116,0.128,0.012,0.102
0.068,0.08,0.012,0.123,0.092,-0.031,0.077,0.081,0.004,0.107,0.065,-0.042,0.079,0.086,0.007,0.081,0.091,0.01,0.087,0.065,-0.022,0.119,0.087,-0.032,0.095,0.063,-0.032,0.097,0.104,0.007,0.105,0.086,-0.019,0.111,0.064,-0.047,0.123,0.065,-0.058,0.089,0.076,-0.013,0.089,0.109,0.02,0.108,0.071,-0.037,0.073,0.151,0.078,0.094,0.08,-0.014,0.089,0.115,0.026,0.092,0.05,-0.042,0.105,0.081,-0.024,0.086,0.128,0.042,0.139,0.067,-0.072,0.106,0.119,0.013,0.07
0.093,0.075,-0.018,0.121,0.109,-0.012,0.077,0.058,-0.019,0.137,0.082,-0.055,0.084,0.072,-0.012,0.1,0.084,-0.016,0.11,0.076,-0.034,0.105,0.076,-0.029,0.105,0.063,-0.042,0.097,0.084,-0.013,0.113,0.086,-0.027,0.108,0.048,-0.06,0.124,0.071,-0.053,0.087,0.07,-0.017,0.092,0.11,0.018,0.123,0.068,-0.055,0.084,0.143,0.059,0.078,0.057,-0.021,0.105,0.123,0.018,0.089,0.044,-0.045,0.09,0.105,0.015,0.081,0.099,0.018,0.134,0.07,-0.064,0.101,0.113,0.012,0.094
0.083,0.101,0.018,0.115,0.083,-0.032,0.094,0.081,-0.013,0.108,0.081,-0.027,0.058,0.073,0.015,0.083,0.073,-0.01,0.105,0.073,-0.032,0.116,0.071,-0.045,0.118,0.089,-0.029,0.074,0.079,0.005,0.157,0.131,-0.026,0.119,0.041,-0.078,0.135,0.09,-0.045,0.087,0.079,-0.008,0.11,0.128,0.018,0.115,0.057,-0.058,0.089,0.161,0.072,0.097,0.068,-0.029,0.116,0.133,0.017,0.09,0.032,-0.058,0.105,0.079,-0.026,0.091,0.122,0.031,0.134,0.068,-0.066,0.097,0.115,0.018,0.105
0.078,0.066,-0.012,0.137,0.098,-0.039,0.089,0.097,0.008,0.12,0.083,-0.037,0.074,0.06,-0.014,0.082,0.097,0.015,0.097,0.065,-0.032,0.105,0.069,-0.036,0.101,0.085,-0.016,0.095,0.064,-0.031,0.13,0.114,-0.016,0.132,0.069,-0.063,0.139,0.081,-0.058,0.095,0.081,-0.014,0.087,0.11,0.023,0.115,0.078,-0.037,0.073,0.153,0.08,0.097,0.068,-0.029,0.102,0.12,0.018,0.092,0.039,-0.053,0.1,0.083,-0.017,0.085,0.119,0.034,0.139,0.072,-0.067,0.098,0.108,0.01,0.091
0.081,0.088,0.007,0.134,0.089,-0.045,0.108,0.081,-0.027,0.111,0.071,-0.04,0.092,0.073,-0.019,0.105,0.091,-0.014,0.111,0.079,-0.032,0.097,0.066,-0.031,0.107,0.088,-0.019,0.095,0.074,-0.021,0.131,0.107,-0.024,0.103,0.044,-0.059,0.122,0.077,-0.045,0.076,0.094,0.018,0.084,0.101,0.017,0.097,0.068,-0.029,0.084,0.169,0.085,0.099,0.078,-0.021,0.11,0.123,0.013,0.081,0.044,-0.037,0.087,0.097,0.01,0.07,0.098,0.028,0.131,0.089,-0.042,0.081,0.065,-0.016,0.108
0.081,0.099,0.018,0.123,0.065,-0.058,0.095,0.102,0.007,0.115,0.07,-0.045,0.079,0.063,-0.016,0.079,0.097,0.018,0.099,0.068,-0.031,0.117,0.098,-0.019,0.098,0.064,-0.034,0.102,0.09,-0.012,0.116,0.1,-0.016,0.119,0.066,-0.053,0.126,0.076,-0.05,0.087,0.076,-0.011,0.084,0.115,0.031,0.13,0.065,-0.065,0.084,0.161,0.077,0.097,0.075,-0.022,0.092,0.103,0.011,0.102,0.07,-0.032,0.081,0.094,0.013,0.073,0.111,0.038,0.129,0.068,-0.061,0.1,0.079,-0.021,0.095
0.067,0.082,0.015,0.142,0.084,-0.058,0.094,0.113,0.019,0.12,0.068,-0.052,0.086,0.072,-0.014,0.08,0.089,0.009,0.108,0.071,-0.037,0.087,0.055,-0.032,0.105,0.097,-0.008,0.086,0.072,-0.014,0.121,0.097,-0.024,0.116,0.069,-0.047,0.121,0.073,-0.048,0.079,0.097,0.018,0.081,0.101,0.02,0.1,0.073,-0.027,0.087,0.174,0.087,0.11,0.078,-0.032,0.108,0.128,0.02,0.105,0.06,-0.045,0.087,0.105,0.018,0.084,0.117,0.033,0.102,0.063,-0.039,0.094,0.107,0.013,0.094
0.073,0.106,0.033,0.121,0.065,-0.056,0.09,0.113,0.023,0.102,0.065,-0.037,0.071,0.078,0.007,0.073,0.089,0.016,0.102,0.071,-0.031,0.104,0.072,-0.032,0.103,0.113,0.01,0.044,0.245,0.201,0.078,0.48,0.402,0.094,0.072,-0.022,0.121,0.076,-0.045,0.084,0.092,0.008,0.097,0.115,0.018,0.12,0.057,-0.063,0.079,0.159,0.08,0.083,0.057,-0.026,0.11,0.099,-0.011,0.105,0.066,-0.039,0.102,0.078,-0.024,0.073,0.117,0.044,0.137,0.071,-0.066,0.103,0.11,0.007,0.107
0.081,0.091,0.01,0.115,0.067,-0.048,0.092,0.081,-0.011,0.1,0.084,-0.016,0.064,0.068,0.004,0.065,0.083,0.018,0.1,0.058,-0.042,0.094,0.065,-0.029,0.108,0.086,-0.022,0.097,0.089,-0.008,0.105,0.091,-0.014,0.119,0.082,-0.037,0.123,0.065,-0.058,0.095,0.076,-0.019,0.092,0.11,0.018,0.112,0.076,-0.036,0.068,0.145,0.077,0.099,0.078,-0.021,0.1,0.115,0.015,0.092,0.063,-0.029,0.07,0.088,0.018,0.079,0.117,0.038,0.123,0.071,-0.052,0.081,0.097,0.016,0.109
0.089,0.096,0.007,0.126,0.089,-0.037,0.092,0.101,0.009,0.111,0.071,-0.04,0.076,0.062,-0.014,0.085,0.102,0.017,0.103,0.071,-0.032,0.1,0.068,-0.032,0.105,0.083,-0.022,0.106,0.087,-0.019,0.121,0.084,-0.037,0.131,0.076,-0.055,0.142,0.074,-0.068,0.094,0.083,-0.011,0.082,0.1,0.018,0.107,0.062,-0.045,0.092,0.195,0.103,0.102,0.06,-0.042,0.105,0.128,0.023,0.118,0.068,-0.05,0.089,0.105,0.016,0.096,0.104,0.008,0.129,0.074,-0.055,0.097,0.065,-0.032,0.097
0.081,0.098,0.017,0.116,0.074,-0.042,0.081,0.096,0.015,0.097,0.065,-0.032,0.079,0.06,-0.019,0.079,0.097,0.018,0.099,0.055,-0.044,0.102,0.075,-0.027,0.098,0.068,-0.03,0.098,0.108,0.01,0.083,0.049,-0.034,0.134,0.076,-0.058,0.135,0.077,-0.058,0.084,0.092,0.008,0.128,0.143,0.015,0.123,0.141,0.018,0.109,0.341,0.232,0.104,0.088,-0.016,0.108,0.086,-0.022,0.096,0.04,-0.056,0.092,0.083,-0.009,0.084,0.118,0.034,0.121,0.076,-0.045,0.123,0.104,-0.019,0.092
0.091,0.114,0.023,0.11,0.073,-0.037,0.087,0.102,0.015,0.094,0.072,-0.022,0.063,0.055,-0.008,0.07,0.086,0.016,0.103,0.063,-0.04,0.097,0.061,-0.036,0.112,0.091,-0.021,0.091,0.08,-0.011,0.108,0.079,-0.029,0.114,0.05,-0.064,0.119,0.079,-0.04,0.071,0.084,0.013,0.068,0.096,0.028,0.102,0.063,-0.039,0.07,0.145,0.075,0.091,0.08,-0.011,0.097,0.11,0.013,0.095,0.034,-0.061,0.092,0.105,0.013,0.107,0.093,-0.014,0.143,0.082,-0.061,0.092,0.116,0.024,0.106
0.072,0.09,0.018,0.113,0.079,-0.034,0.084,0.096,0.012,0.086,0.075,-0.011,0.066,0.052,-0.014,0.09,0.107,0.017,0.087,0.053,-0.034,0.094,0.08,-0.014,0.106,0.055,-0.051,0.101,0.111,0.01,0.097,0.075,-0.022,0.106,0.048,-0.058,0.118,0.073,-0.045,0.077,0.094,0.017,0.071,0.081,0.01,0.12,0.089,-0.031,0.078,0.147,0.069,0.095,0.073,-0.022,0.095,0.113,0.018,0.103,0.023,-0.08,0.116,0.102,-0.014,0.104,0.116,0.012,0.134,0.065,-0.069,0.105,0.113,0.008,0.086
0.083,0.111,0.028,0.108,0.063,-0.045,0.089,0.118,0.029,0.073,0.077,0.004,0.071,0.062,-0.009,0.082,0.1,0.018,0.107,0.07,-0.037,0.134,0.11,-0.024,0.108,0.071,-0.037,0.097,0.105,0.008,0.104,0.093,-0.011,0.111,0.079,-0.032,0.139,0.079,-0.06,0.105,0.093,-0.012,0.098,0.116,0.018,0.099,0.065,-0.034,0.076,0.163,0.087,0.078,0.065,-0.013,0.087,0.105,0.018,0.102,0.033,-0.069,0.103,0.079,-0.024,0.071,0.133,0.062,0.129,0.071,-0.058,0.115,0.123,0.008,0.102
0.086,0.103,0.017,0.11,0.079,-0.031,0.11,0.127,0.017,0.097,0.078,-0.019,0.071,0.058,-0.013,0.089,0.101,0.012,0.084,0.058,-0.026,0.11,0.081,-0.029,0.1,0.073,-0.027,0.088,0.092,0.004,0.113,0.086,-0.027,0.103,0.05,-0.053,0.121,0.071,-0.05,0.089,0.078,-0.011,0.092,0.11,0.018,0.107,0.075,-0.032,0.095,0.144,0.049,0.102,0.073,-0.029,0.108,0.115,0.007,0.098,0.021,-0.077,0.105,0.123,0.018,0.084,0.104,0.02,0.139,0.079,-0.06,0.089,0.107,0.018,0.089
0.093,0.111,0.018,0.1,0.068,-0.032,0.092,0.107,0.015,0.1,0.058,-0.042,0.074,0.081,0.007,0.07,0.085,0.015,0.095,0.063,-0.032,0.113,0.084,-0.029,0.092,0.06,-0.032,0.092,0.105,0.013,0.096,0.075,-0.021,0.108,0.042,-0.066,0.116,0.084,-0.032,0.063,0.079,0.016,0.083,0.101,0.018,0.107,0.07,-0.037,0.068,0.151,0.083,0.086,0.062,-0.024,0.092,0.12,0.028,0.143,0.032,-0.111,0.089,0.116,0.027,0.073,0.106,0.033,0.118,0.068,-0.05,0.087,0.104,0.017,0.095
0.091,0.111,0.02,0.1,0.07,-0.03,0.095,0.105,0.01,0.074,0.081,0.007,0.068,0.051,-0.017,0.084,0.102,0.018,0.1,0.068,-0.032,0.1,0.076,-0.024,0.092,0.07,-0.022,0.098,0.105,0.007,0.115,0.091,-0.024,0.135,0.056,-0.079,0.135,0.065,-0.07,0.106,0.098,-0.008,0.099,0.114,0.015,0.111,0.066,-0.045,0.081,0.171,0.09,0.076,0.055,-0.021,0.073,0.122,0.049,0.109,0.021,-0.088,0.124,0.102,-0.022,0.092,0.131,0.039,0.128,0.075,-0.053,0.111,0.121,0.01,0.104
0.08,0.106,0.026,0.104,0.073,-0.031,0.087,0.105,0.018,0.096,0.054,-0.042,0.079,0.07,-0.009,0.079,0.095,0.016,0.102,0.07,-0.032,0.094,0.075,-0.019,0.09,0.071,-0.019,0.089,0.078,-0.011,0.118,0.087,-0.031,0.121,0.068,-0.053,0.116,0.071,-0.045,0.076,0.091,0.015,0.073,0.097,0.024,0.115,0.075,-0.04,0.071,0.158,0.087,0.086,0.07,-0.016,0.103,0.11,0.007,0.1,0.048,-0.052,0.094,0.104,0.01,0.081,0.122,0.041,0.134,0.068,-0.066,0.097,0.116,0.019,0.086
0.094,0.106,0.012,0.132,0.076,-0.056,0.1,0.107,0.007,0.119,0.071,-0.048,0.079,0.094,0.015,0.08,0.083,0.003,0.094,0.078,-0.016,0.108,0.074,-0.034,0.094,0.068,-0.026,0.1,0.088,-0.012,0.105,0.084,-0.021,0.111,0.061,-0.05,0.116,0.068,-0.048,0.081,0.065,-0.016,0.09,0.115,0.025,0.095,0.06,-0.035,0.071,0.151,0.08,0.089,0.094,0.005,0.088,0.104,0.016,0.078,0.047,-0.031,0.076,0.049,-0.027,0.089,0.141,0.052,0.123,0.078,-0.045,0.105,0.126,0.021,0.109
0.081,0.093,0.012,0.121,0.073,-0.048,0.095,0.11,0.015,0.139,0.097,-0.042,0.123,0.489,0.366,0.12,0.145,0.025,0.113,0.143,0.03,0.139,0.175,0.036,0.096,0.107,0.011,0.104,0.083,-0.021,0.12,0.141,0.021,0.155,0.083,-0.072,0.145,0.09,-0.055,0.108,0.126,0.018,0.078,0.098,0.02,0.111,0.058,-0.053,0.092,0.174,0.082,0.083,0.07,-0.013,0.102,0.094,-0.008,0.102,0.068,-0.034,0.103,0.066,-0.037,0.097,0.197,0.1,0.142,0.084,-0.058,0.123,0.141,0.018,0.131
0.085,0.116,0.031,0.116,0.068,-0.048,0.087,0.095,0.008,0.096,0.065,-0.031,0.073,0.064,-0.009,0.098,0.081,-0.017,0.121,0.077,-0.044,0.1,0.063,-0.037,0.118,0.079,-0.039,0.104,0.083,-0.021,0.132,0.087,-0.045,0.132,0.076,-0.056,0.135,0.074,-0.061,0.094,0.073,-0.021,0.097,0.115,0.018,0.113,0.055,-0.058,0.09,0.156,0.066,0.1,0.068,-0.032,0.095,0.112,0.017,0.095,0.045,-0.05,0.102,0.083,-0.019,0.095,0.116,0.021,0.139,0.073,-0.066,0.113,0.084,-0.029,0.099
0.091,0.109,0.018,0.107,0.076,-0.031,0.076,0.086,0.01,0.112,0.067,-0.045,0.082,0.07,-0.012,0.094,0.098,0.004,0.105,0.063,-0.042,0.102,0.073,-0.029,0.102,0.08,-0.022,0.1,0.086,-0.014,0.124,0.088,-0.036,0.14,0.052,-0.088,0.125,0.066,-0.059,0.09,0.1,0.01,0.084,0.097,0.013,0.107,0.075,-0.032,0.071,0.145,0.074,0.097,0.078,-0.019,0.103,0.084,-0.019,0.097,0.047,-0.05,0.121,0.087,-0.034,0.102,0.13,0.028,0.132,0.063,-0.069,0.108,0.091,-0.017,0.097
0.08,0.098,0.018,0.11,0.073,-0.037,0.095,0.11,0.015,0.086,0.052,-0.034,0.079,0.097,0.018,0.062,0.078,0.016,0.099,0.065,-0.034,0.118,0.086,-0.032,0.102,0.084,-0.018,0.105,0.091,-0.014,0.126,0.084,-0.042,0.124,0.06,-0.064,0.136,0.077,-0.059,0.105,0.118,0.013,0.133,0.282,0.149,0.121,0.172,0.051,0.073,0.153,0.08,0.096,0.08,-0.016,0.105,0.086,-0.019,0.099,0.008,-0.091,0.122,0.108,-0.014,0.071,0.105,0.034,0.128,0.073,-0.055,0.11,0.089,-0.021,0.136
0.08,0.098,0.018,0.121,0.076,-0.045,0.097,0.086,-0.011,0.131,0.087,-0.044,0.076,0.068,-0.008,0.096,0.072,-0.024,0.129,0.087,-0.042,0.1,0.078,-0.022,0.079,0.058,-0.021,0.099,0.088,-0.011,0.122,0.085,-0.037,0.129,0.052,-0.077,0.112,0.053,-0.059,0.093,0.079,-0.014,0.084,0.117,0.033,0.1,0.055,-0.045,0.076,0.15,0.074,0.097,0.086,-0.011,0.121,0.095,-0.026,0.097,0.047,-0.05,0.094,0.086,-0.008,0.076,0.107,0.031,0.131,0.062,-0.069,0.122,0.09,-0.032,0.139
0.078,0.086,0.008,0.115,0.083,-0.032,0.084,0.094,0.01,0.113,0.069,-0.044,0.081,0.062,-0.019,0.102,0.088,-0.014,0.127,0.085,-0.042,0.105,0.076,-0.029,0.099,0.075,-0.024,0.095,0.078,-0.017,0.132,0.108,-0.024,0.113,0.05,-0.063,0.121,0.082,-0.039,0.086,0.067,-0.019,0.105,0.123,0.018,0.107,0.096,-0.011,0.071,0.148,0.077,0.094,0.063,-0.031,0.107,0.099,-0.008,0.108,0.026,-0.082,0.103,0.118,0.015,0.089,0.107,0.018,0.124,0.06,-0.064,0.116,0.082,-0.034,0.123
0.073,0.096,0.023,0.126,0.075,-0.051,0.092,0.11,0.018,0.105,0.058,-0.047,0.081,0.065,-0.016,0.076,0.096,0.02,0.095,0.053,-0.042,0.102,0.086,-0.016,0.108,0.063,-0.045,0.097,0.107,0.01,0.099,0.086,-0.013,0.106,0.037,-0.069,0.121,0.087,-0.034,0.073,0.081,0.008,0.096,0.114,0.018,0.094,0.075,-0.019,0.076,0.151,0.075,0.089,0.067,-0.022,0.093,0.108,0.015,0.089,0.008,-0.081,0.098,0.108,0.01,0.067,0.096,0.029,0.126,0.065,-0.061,0.1,0.108,0.008,0.099
0.086,0.104,0.018,0.107,0.068,-0.039,0.102,0.117,0.015,0.118,0.071,-0.047,0.084,0.072,-0.012,0.08,0.114,0.034,0.085,0.056,-0.029,0.095,0.066,-0.029,0.115,0.089,-0.026,0.094,0.078,-0.016,0.121,0.094,-0.027,0.114,0.053,-0.061,0.129,0.089,-0.04,0.079,0.095,0.016,0.086,0.101,0.015,0.11,0.078,-0.032,0.079,0.148,0.069,0.082,0.086,0.004,0.094,0.073,-0.021,0.09,0.042,-0.048,0.079,0.089,0.01,0.063,0.104,0.041,0.128,0.076,-0.052,0.121,0.094,-0.027,0.12
0.094,0.077,-0.017,0.161,0.127,-0.034,0.143,0.122,-0.021,0.124,0.087,-0.037,0.068,0.086,0.018,0.078,0.06,-0.018,0.12,0.084,-0.036,0.11,0.057,-0.053,0.121,0.102,-0.019,0.106,0.074,-0.032,0.142,0.105,-0.037,0.114,0.05,-0.064,0.126,0.079,-0.047,0.08,0.084,0.004,0.083,0.101,0.018,0.113,0.06,-0.053,0.085,0.167,0.082,0.099,0.068,-0.031,0.112,0.13,0.018,0.092,0.05,-0.042,0.108,0.086,-0.022,0.087,0.12,0.033,0.131,0.073,-0.058,0.103,0.084,-0.019,0.105
0.06,0.072,0.012,0.126,0.089,-0.037,0.124,0.105,-0.019,0.134,0.081,-0.053,0.087,0.073,-0.014,0.09,0.081,-0.009,0.127,0.079,-0.048,0.103,0.066,-0.037,0.115,0.091,-0.024,0.092,0.102,0.01,0.131,0.094,-0.037,0.136,0.055,-0.081,0.149,0.085,-0.064,0.095,0.081,-0.014,0.095,0.102,0.007,0.124,0.076,-0.048,0.081,0.161,0.08,0.094,0.063,-0.031,0.113,0.125,0.012,0.095,0.034,-0.061,0.119,0.092,-0.027,0.087,0.117,0.03,0.145,0.074,-0.071,0.105,0.097,-0.008,0.104
0.088,0.074,-0.014,0.151,0.098,-0.053,0.102,0.091,-0.011,0.121,0.09,-0.031,0.075,0.059,-0.016,0.098,0.108,0.01,0.099,0.07,-0.029,0.113,0.06,-0.053,0.108,0.095,-0.013,0.115,0.073,-0.042,0.121,0.136,0.015,0.087,0.044,-0.043,0.129,0.082,-0.047,0.089,0.072,-0.017,0.098,0.126,0.028,0.107,0.071,-0.036,0.083,0.202,0.119,0.057,0.015,-0.042,0.11,0.177,0.067,0.11,0.081,-0.029,0.123,0.102,-0.021,0.079,0.12,0.041,0.131,0.068,-0.063,0.095,0.113,0.018,0.091
0.088,0.101,0.013,0.139,0.078,-0.061,0.103,0.113,0.01,0.107,0.099,-0.008,0.058,0.036,-0.022,0.105,0.094,-0.011,0.113,0.082,-0.031,0.105,0.071,-0.034,0.104,0.088,-0.016,0.102,0.078,-0.024,0.132,0.115,-0.017,0.129,0.079,-0.05,0.151,0.071,-0.08,0.114,0.092,-0.022,0.1,0.118,0.018,0.129,0.068,-0.061,0.092,0.162,0.07,0.099,0.078,-0.021,0.097,0.107,0.01,0.094,0.057,-0.037,0.087,0.105,0.018,0.081,0.098,0.017,0.145,0.084,-0.061,0.097,0.079,-0.018,0.115
0.096,0.116,0.02,0.113,0.081,-0.032,0.089,0.076,-0.013,0.134,0.076,-0.058,0.087,0.075,-0.012,0.08,0.09,0.01,0.097,0.054,-0.043,0.106,0.079,-0.027,0.102,0.079,-0.023,0.11,0.088,-0.022,0.121,0.105,-0.016,0.113,0.055,-0.058,0.134,0.077,-0.057,0.076,0.094,0.018,0.081,0.096,0.015,0.126,0.06,-0.066,0.089,0.167,0.078,0.083,0.069,-0.014,0.111,0.092,-0.019,0.1,0.056,-0.044,0.102,0.12,0.018,0.078,0.096,0.018,0.139,0.065,-0.074,0.116,0.137,0.021,0.12
0.091,0.079,-0.012,0.124,0.09,-0.034,0.105,0.086,-0.019,0.14,0.095,-0.045,0.081,0.062,-0.019,0.082,0.097,0.015,0.108,0.073,-0.035,0.119,0.071,-0.048,0.116,0.079,-0.037,0.113,0.068,-0.045,0.132,0.136,0.004,0.114,0.058,-0.056,0.11,0.071,-0.039,0.092,0.078,-0.014,0.092,0.11,0.018,0.126,0.062,-0.064,0.085,0.162,0.077,0.078,0.067,-0.011,0.089,0.102,0.013,0.105,0.063,-0.042,0.084,0.097,0.013,0.075,0.101,0.026,0.12,0.078,-0.042,0.079,0.097,0.018,0.115
0.091,0.109,0.018,0.134,0.073,-0.061,0.095,0.11,0.015,0.102,0.06,-0.042,0.084,0.076,-0.008,0.081,0.088,0.007,0.1,0.058,-0.042,0.116,0.086,-0.03,0.113,0.084,-0.029,0.1,0.107,0.007,0.118,0.104,-0.014,0.114,0.061,-0.053,0.134,0.071,-0.063,0.096,0.1,0.004,0.089,0.107,0.018,0.113,0.057,-0.056,0.087,0.172,0.085,0.099,0.075,-0.024,0.097,0.125,0.028,0.122,0.037,-0.085,0.121,0.103,-0.018,0.094,0.112,0.018,0.126,0.073,-0.053,0.084,0.102,0.018,0.094
0.091,0.109,0.018,0.126,0.073,-0.053,0.108,0.097,-0.011,0.126,0.073,-0.053,0.082,0.089,0.007,0.079,0.068,-0.011,0.11,0.079,-0.031,0.107,0.078,-0.029,0.107,0.089,-0.018,0.107,0.089,-0.018,0.107,0.115,0.008,0.092,0.042,-0.05,0.134,0.071,-0.063,0.095,0.107,0.012,0.092,0.11,0.018,0.096,0.07,-0.026,0.084,0.161,0.077,0.099,0.083,-0.016,0.095,0.11,0.015,0.097,0.042,-0.055,0.089,0.099,0.01,0.084,0.109,0.025,0.121,0.076,-0.045,0.09,0.097,0.007,0.089
0.091,0.116,0.025,0.11,0.079,-0.031,0.104,0.093,-0.011,0.14,0.1,-0.04,0.071,0.084,0.013,0.078,0.088,0.01,0.121,0.097,-0.024,0.112,0.096,-0.016,0.105,0.12,0.015,0.097,0.105,0.008,0.105,0.112,0.007,0.123,0.068,-0.055,0.132,0.082,-0.05,0.081,0.109,0.028,0.097,0.083,-0.014,0.131,0.105,-0.026,0.094,0.2,0.106,0.128,0.089,-0.039,0.11,0.141,0.031,0.099,0.054,-0.045,0.111,0.097,-0.014,0.079,0.117,0.038,0.129,0.079,-0.05,0.112,0.447,0.335,0.031
0.065,0.08,0.015,0.094,0.075,-0.019,0.089,0.081,-0.008,0.111,0.068,-0.043,0.074,0.087,0.013,0.075,0.064,-0.011,0.105,0.076,-0.029,0.106,0.069,-0.037,0.105,0.083,-0.022,0.1,0.068,-0.032,0.142,0.12,-0.022,0.106,0.071,-0.035,0.14,0.071,-0.069,0.095,0.079,-0.016,0.076,0.107,0.031,0.108,0.055,-0.053,0.089,0.169,0.08,0.086,0.07,-0.016,0.097,0.112,0.015,0.092,0.055,-0.037,0.076,0.094,0.018,0.078,0.099,0.021,0.142,0.076,-0.066,0.11,0.099,-0.011,0.11
0.073,0.081,0.008,0.109,0.083,-0.026,0.085,0.089,0.004,0.107,0.071,-0.036,0.075,0.059,-0.016,0.089,0.105,0.016,0.089,0.055,-0.034,0.099,0.114,0.015,0.098,0.05,-0.048,0.092,0.125,0.033,0.115,0.131,0.016,0.14,0.233,0.093,0.12,0.154,0.034,0.091,0.112,0.021,0.094,0.101,0.007,0.107,0.083,-0.024,0.082,0.164,0.082,0.112,0.093,-0.019,0.133,0.085,-0.048,0.095,0.055,-0.04,0.116,0.076,-0.04,0.113,0.131,0.018,0.134,0.075,-0.059,0.098,0.087,-0.011,0.092
0.075,0.093,0.018,0.1,0.068,-0.032,0.105,0.096,-0.009,0.14,0.092,-0.048,0.079,0.065,-0.014,0.079,0.089,0.01,0.095,0.05,-0.045,0.137,0.084,-0.053,0.108,0.071,-0.037,0.105,0.088,-0.017,0.129,0.105,-0.024,0.122,0.061,-0.061,0.142,0.079,-0.063,0.084,0.102,0.018,0.091,0.078,-0.013,0.11,0.096,-0.014,0.069,0.164,0.095,0.115,0.086,-0.029,0.099,0.117,0.018,0.092,0.063,-0.029,0.123,0.107,-0.016,0.105,0.143,0.038,0.14,0.06,-0.08,0.122,0.157,0.035,0.1
0.099,0.08,-0.019,0.131,0.11,-0.021,0.092,0.08,-0.012,0.133,0.085,-0.048,0.079,0.092,0.013,0.091,0.067,-0.024,0.121,0.092,-0.029,0.105,0.076,-0.029,0.099,0.068,-0.031,0.107,0.083,-0.024,0.155,0.118,-0.037,0.124,0.061,-0.063,0.115,0.079,-0.036,0.068,0.078,0.01,0.086,0.104,0.018,0.108,0.055,-0.053,0.089,0.166,0.077,0.097,0.081,-0.016,0.1,0.117,0.017,0.077,0.04,-0.037,0.112,0.099,-0.013,0.086,0.119,0.033,0.129,0.074,-0.055,0.115,0.133,0.018,0.11
0.088,0.072,-0.016,0.129,0.102,-0.027,0.084,0.094,0.01,0.11,0.071,-0.039,0.071,0.081,0.01,0.086,0.067,-0.019,0.132,0.084,-0.048,0.108,0.087,-0.021,0.1,0.071,-0.029,0.12,0.096,-0.024,0.121,0.102,-0.019,0.135,0.079,-0.056,0.129,0.074,-0.055,0.081,0.094,0.013,0.086,0.104,0.018,0.092,0.065,-0.027,0.076,0.153,0.077,0.102,0.078,-0.024,0.1,0.118,0.018,0.089,0.034,-0.055,0.116,0.084,-0.032,0.086,0.132,0.046,0.121,0.079,-0.042,0.087,0.102,0.015,0.091
0.093,0.122,0.029,0.112,0.075,-0.037,0.09,0.079,-0.011,0.131,0.092,-0.039,0.068,0.083,0.015,0.081,0.067,-0.014,0.121,0.087,-0.034,0.11,0.084,-0.026,0.105,0.073,-0.032,0.108,0.115,0.007,0.107,0.091,-0.016,0.114,0.058,-0.056,0.121,0.071,-0.05,0.082,0.089,0.007,0.089,0.107,0.018,0.112,0.086,-0.026,0.089,0.176,0.087,0.107,0.084,-0.023,0.11,0.128,0.018,0.1,0.052,-0.048,0.095,0.113,0.018,0.099,0.112,0.013,0.115,0.065,-0.05,0.092,0.107,0.015,0.089
0.086,0.109,0.023,0.102,0.078,-0.024,0.081,0.091,0.01,0.118,0.071,-0.047,0.081,0.065,-0.016,0.084,0.102,0.018,0.112,0.065,-0.047,0.113,0.087,-0.026,0.102,0.073,-0.029,0.094,0.11,0.016,0.109,0.098,-0.011,0.117,0.048,-0.069,0.126,0.084,-0.042,0.074,0.089,0.015,0.081,0.099,0.018,0.105,0.073,-0.032,0.12,0.197,0.077,0.126,0.1,-0.026,0.099,0.125,0.026,0.115,0.063,-0.052,0.089,0.107,0.018,0.096,0.114,0.018,0.132,0.068,-0.064,0.095,0.103,0.008,0.067
0.077,0.095,0.018,0.115,0.076,-0.039,0.084,0.101,0.017,0.105,0.079,-0.026,0.076,0.084,0.008,0.091,0.077,-0.014,0.113,0.082,-0.031,0.097,0.06,-0.037,0.107,0.083,-0.024,0.098,0.102,0.004,0.102,0.081,-0.021,0.113,0.055,-0.058,0.135,0.074,-0.061,0.093,0.097,0.004,0.089,0.11,0.021,0.123,0.078,-0.045,0.076,0.158,0.082,0.081,0.06,-0.021,0.102,0.128,0.026,0.09,0.026,-0.064,0.11,0.099,-0.011,0.079,0.115,0.036,0.131,0.078,-0.053,0.09,0.116,0.026,0.091
0.07,0.083,0.013,0.107,0.076,-0.031,0.102,0.112,0.01,0.097,0.057,-0.04,0.066,0.089,0.023,0.086,0.055,-0.031,0.136,0.105,-0.031,0.094,0.067,-0.027,0.111,0.082,-0.029,0.105,0.115,0.01,0.11,0.125,0.015,0.121,0.068,-0.053,0.15,0.081,-0.069,0.108,0.139,0.031,0.089,0.107,0.018,0.105,0.109,0.004,0.068,0.161,0.093,0.083,0.067,-0.016,0.095,0.113,0.018,0.105,0.057,-0.048,0.092,0.081,-0.011,0.092,0.123,0.031,0.139,0.081,-0.058,0.094,0.086,-0.008,0.097
0.088,0.106,0.018,0.1,0.076,-0.024,0.078,0.091,0.013,0.11,0.071,-0.039,0.07,0.083,0.013,0.078,0.067,-0.011,0.108,0.069,-0.039,0.102,0.071,-0.031,0.094,0.609,0.515,0.107,0.07,-0.037,0.108,0.136,0.028,0.116,0.057,-0.059,0.145,0.103,-0.042,0.093,0.096,0.003,0.092,0.12,0.028,0.103,0.068,-0.035,0.066,0.15,0.084,0.1,0.086,-0.014,0.089,0.108,0.019,0.081,0.044,-0.037,0.105,0.073,-0.032,0.081,0.13,0.049,0.147,0.076,-0.071,0.102,0.089,-0.013,0.092
0.092,0.096,0.004,0.118,0.086,-0.032,0.087,0.097,0.01,0.099,0.039,-0.06,0.087,0.102,0.015,0.071,0.076,0.005,0.123,0.067,-0.056,0.106,0.074,-0.032,0.102,0.078,-0.024,0.097,0.086,-0.011,0.132,0.115,-0.017,0.101,0.045,-0.056,0.119,0.074,-0.045,0.076,0.094,0.018,0.084,0.099,0.015,0.107,0.06,-0.047,0.079,0.145,0.066,0.108,0.089,-0.019,0.1,0.107,0.007,0.098,0.037,-0.061,0.097,0.089,-0.008,0.07,0.114,0.044,0.134,0.068,-0.066,0.108,0.1,-0.008,0.102
0.078,0.093,0.015,0.118,0.076,-0.042,0.084,0.092,0.008,0.102,0.062,-0.04,0.071,0.078,0.007,0.074,0.092,0.018,0.086,0.054,-0.032,0.113,0.087,-0.026,0.089,0.067,-0.022,0.1,0.078,-0.022,0.116,0.105,-0.011,0.103,0.05,-0.053,0.135,0.071,-0.064,0.092,0.105,0.013,0.073,0.091,0.018,0.113,0.071,-0.042,0.073,0.16,0.087,0.082,0.086,0.004,0.097,0.115,0.018,0.097,0.031,-0.066,0.103,0.094,-0.009,0.1,0.131,0.031,0.137,0.086,-0.051,0.089,0.078,-0.011,0.129
0.078,0.121,0.043,0.105,0.066,-0.039,0.071,0.101,0.03,0.115,0.084,-0.031,0.068,0.054,-0.014,0.074,0.091,0.017,0.127,0.066,-0.061,0.108,0.081,-0.027,0.092,0.063,-0.029,0.113,0.089,-0.024,0.118,0.107,-0.011,0.111,0.061,-0.05,0.107,0.068,-0.039,0.076,0.086,0.01,0.084,0.101,0.017,0.111,0.068,-0.043,0.079,0.156,0.077,0.082,0.086,0.004,0.084,0.102,0.018,0.083,0.052,-0.031,0.081,0.099,0.018,0.091,0.112,0.021,0.131,0.083,-0.048,0.092,0.066,-0.026,0.105
0.059,0.077,0.018,0.116,0.079,-0.037,0.081,0.088,0.007,0.113,0.079,-0.034,0.065,0.075,0.01,0.082,0.065,-0.017,0.121,0.079,-0.042,0.118,0.089,-0.029,0.113,0.086,-0.027,0.113,0.092,-0.021,0.105,0.172,0.067,0.126,0.081,-0.045,0.139,0.097,-0.042,0.102,0.123,0.021,0.112,0.166,0.054,0.115,0.204,0.089,0.081,0.192,0.111,0.076,0.062,-0.014,0.092,0.107,0.015,0.097,0.029,-0.068,0.095,0.086,-0.009,0.069,0.125,0.056,0.134,0.073,-0.061,0.108,0.118,0.01,0.112
0.083,0.096,0.013,0.11,0.078,-0.032,0.097,0.073,-0.024,0.124,0.082,-0.042,0.073,0.091,0.018,0.081,0.062,-0.019,0.116,0.089,-0.027,0.111,0.077,-0.034,0.107,0.083,-0.024,0.098,0.102,0.004,0.099,0.107,0.008,0.113,0.071,-0.042,0.137,0.078,-0.059,0.09,0.115,0.025,0.084,0.102,0.018,0.094,0.075,-0.019,0.071,0.158,0.087,0.087,0.06,-0.027,0.092,0.11,0.018,0.097,0.052,-0.045,0.105,0.074,-0.031,0.091,0.132,0.041,0.132,0.068,-0.064,0.095,0.11,0.015,0.107
0.091,0.109,0.018,0.11,0.07,-0.04,0.094,0.081,-0.013,0.105,0.091,-0.014,0.066,0.052,-0.014,0.082,0.089,0.007,0.108,0.061,-0.047,0.107,0.078,-0.029,0.095,0.068,-0.027,0.087,0.107,0.02,0.118,0.086,-0.032,0.116,0.076,-0.04,0.124,0.068,-0.056,0.092,0.081,-0.011,0.095,0.115,0.02,0.118,0.084,-0.034,0.065,0.148,0.083,0.083,0.064,-0.019,0.1,0.118,0.018,0.087,0.024,-0.063,0.092,0.073,-0.019,0.066,0.115,0.049,0.142,0.065,-0.077,0.123,0.115,-0.008,0.11
0.083,0.101,0.018,0.118,0.086,-0.032,0.066,0.083,0.017,0.076,0.06,-0.016,0.063,0.076,0.013,0.068,0.078,0.01,0.089,0.062,-0.027,0.108,0.055,-0.053,0.098,0.115,0.017,0.092,0.102,0.01,0.123,0.141,0.018,0.128,0.298,0.17,0.141,0.125,-0.016,0.131,0.149,0.018,0.133,0.151,0.018,0.115,0.096,-0.019,0.066,0.158,0.092,0.068,0.057,-0.011,0.087,0.113,0.026,0.104,0.033,-0.071,0.085,0.055,-0.03,0.09,0.131,0.041,0.14,0.068,-0.072,0.111,0.089,-0.022,0.105
0.067,0.085,0.018,0.119,0.071,-0.048,0.094,0.083,-0.011,0.113,0.063,-0.05,0.082,0.092,0.01,0.094,0.063,-0.031,0.112,0.248,0.136,0.139,0.122,-0.017,0.08,0.087,0.007,0.141,0.185,0.044,0.112,0.246,0.134,0.129,0.076,-0.053,0.139,0.084,-0.055,0.118,0.102,-0.016,0.102,0.13,0.028,0.102,0.133,0.031,0.076,0.186,0.11,0.076,0.064,-0.012,0.088,0.105,0.017,0.095,0.055,-0.04,0.087,0.058,-0.029,0.092,0.148,0.056,0.137,0.086,-0.051,0.105,0.074,-0.031,0.117
0.091,0.08,-0.011,0.123,0.107,-0.016,0.056,0.066,0.01,0.102,0.062,-0.04,0.071,0.084,0.013,0.078,0.065,-0.013,0.105,0.073,-0.032,0.1,0.058,-0.042,0.112,0.101,-0.011,0.092,0.068,-0.024,0.105,0.113,0.008,0.095,0.031,-0.064,0.122,0.071,-0.051,0.088,0.095,0.007,0.092,0.104,0.012,0.102,0.078,-0.024,0.079,0.141,0.062,0.086,0.101,0.015,0.076,0.083,0.007,0.09,0.029,-0.061,0.094,0.083,-0.011,0.082,0.126,0.044,0.129,0.06,-0.069,0.113,0.092,-0.021,0.118
0.067,0.08,0.013,0.11,0.083,-0.027,0.072,0.076,0.004,0.108,0.063,-0.045,0.076,0.091,0.015,0.061,0.068,0.007,0.099,0.068,-0.031,0.11,0.071,-0.039,0.086,0.072,-0.014,0.1,0.087,-0.013,0.104,0.096,-0.008,0.106,0.04,-0.066,0.103,0.05,-0.053,0.084,0.102,0.018,0.078,0.107,0.029,0.102,0.08,-0.022,0.071,0.146,0.075,0.094,0.07,-0.024,0.1,0.125,0.025,0.098,0.042,-0.056,0.087,0.102,0.015,0.097,0.12,0.023,0.123,0.076,-0.047,0.092,0.117,0.025,0.097
0.083,0.109,0.026,0.107,0.065,-0.042,0.084,0.099,0.015,0.102,0.068,-0.034,0.07,0.062,-0.008,0.074,0.091,0.017,0.111,0.061,-0.05,0.131,0.086,-0.045,0.124,0.092,-0.032,0.102,0.076,-0.026,0.134,0.112,-0.022,0.108,0.053,-0.055,0.121,0.073,-0.048,0.08,0.092,0.012,0.076,0.093,0.017,0.103,0.066,-0.037,0.086,0.164,0.078,0.078,0.086,0.008,0.088,0.099,0.011,0.092,0.02,-0.072,0.108,0.097,-0.011,0.077,0.11,0.033,0.142,0.078,-0.064,0.129,0.137,0.008,0.099
0.075,0.093,0.018,0.105,0.078,-0.027,0.076,0.084,0.008,0.099,0.07,-0.029,0.071,0.089,0.018,0.084,0.07,-0.014,0.118,0.079,-0.039,0.115,0.081,-0.034,0.115,0.097,-0.018,0.092,0.06,-0.032,0.113,0.12,0.007,0.095,0.045,-0.05,0.129,0.068,-0.061,0.087,0.1,0.013,0.076,0.088,0.012,0.127,0.086,-0.041,0.097,0.19,0.093,0.063,0.225,0.162,0.133,0.176,0.043,0.089,0.071,-0.018,0.118,0.087,-0.031,0.094,0.132,0.038,0.134,0.068,-0.066,0.102,0.089,-0.013,0.102
0.088,0.101,0.013,0.112,0.091,-0.021,0.066,0.079,0.013,0.104,0.057,-0.047,0.074,0.087,0.013,0.075,0.064,-0.011,0.121,0.084,-0.037,0.108,0.076,-0.032,0.11,0.079,-0.031,0.102,0.078,-0.024,0.102,0.086,-0.016,0.106,0.053,-0.053,0.116,0.068,-0.048,0.076,0.086,0.01,0.068,0.089,0.021,0.118,0.075,-0.043,0.092,0.19,0.098,0.118,0.135,0.017,0.079,0.097,0.018,0.081,0.036,-0.045,0.111,0.123,0.012,0.086,0.122,0.036,0.134,0.071,-0.063,0.105,0.081,-0.024,0.131
0.073,0.091,0.018,0.094,0.069,-0.025,0.092,0.081,-0.011,0.103,0.079,-0.024,0.055,0.086,0.031,0.086,0.057,-0.029,0.121,0.099,-0.022,0.1,0.058,-0.042,0.1,0.118,0.018,0.089,0.067,-0.022,0.158,0.126,-0.032,0.165,0.186,0.021,0.157,0.12,-0.037,0.112,0.156,0.044,0.09,0.094,0.004,0.099,0.091,-0.008,0.071,0.153,0.082,0.089,0.067,-0.022,0.095,0.111,0.016,0.107,0.041,-0.066,0.095,0.084,-0.011,0.081,0.13,0.049,0.132,0.076,-0.056,0.097,0.107,0.01,0.104
0.083,0.101,0.018,0.126,0.084,-0.042,0.073,0.088,0.015,0.097,0.068,-0.029,0.06,0.073,0.013,0.086,0.07,-0.016,0.126,0.097,-0.029,0.102,0.071,-0.031,0.118,0.125,0.007,0.115,0.156,0.041,0.136,0.249,0.113,0.121,0.066,-0.055,0.152,0.115,-0.037,0.089,0.107,0.018,0.089,0.107,0.018,0.094,0.065,-0.029,0.079,0.161,0.082,0.102,0.075,-0.027,0.111,0.128,0.017,0.093,0.045,-0.048,0.102,0.078,-0.024,0.081,0.128,0.047,0.139,0.076,-0.063,0.089,0.107,0.018,0.088
0.088,0.106,0.018,0.121,0.081,-0.04,0.094,0.083,-0.011,0.105,0.089,-0.016,0.061,0.052,-0.009,0.105,0.086,-0.019,0.113,0.082,-0.031,0.121,0.084,-0.037,0.113,0.086,-0.027,0.102,0.073,-0.029,0.121,0.1,-0.021,0.129,0.081,-0.048,0.119,0.066,-0.053,0.084,0.102,0.018,0.078,0.096,0.018,0.094,0.052,-0.042,0.081,0.163,0.082,0.097,0.083,-0.014,0.108,0.097,-0.011,0.111,0.079,-0.032,0.136,0.105,-0.031,0.094,0.133,0.039,0.134,0.073,-0.061,0.105,0.086,-0.019,0.105
0.086,0.101,0.015,0.105,0.076,-0.029,0.094,0.075,-0.019,0.095,0.071,-0.024,0.06,0.091,0.031,0.086,0.055,-0.031,0.123,0.106,-0.017,0.109,0.058,-0.051,0.103,0.118,0.015,0.087,0.055,-0.032,0.139,0.108,-0.031,0.139,0.073,-0.066,0.129,0.085,-0.044,0.075,0.093,0.018,0.089,0.112,0.023,0.12,0.13,0.01,0.066,0.377,0.311,0.111,0.115,0.004,0.076,0.117,0.041,0.091,0.067,-0.024,0.108,0.089,-0.019,0.082,0.12,0.038,0.134,0.068,-0.066,0.116,0.082,-0.034,0.094
0.088,0.106,0.018,0.126,0.07,-0.056,0.101,0.116,0.015,0.108,0.062,-0.046,0.082,0.068,-0.014,0.1,0.086,-0.014,0.121,0.077,-0.044,0.123,0.073,-0.05,0.126,0.102,-0.024,0.118,0.107,-0.011,0.129,0.095,-0.034,0.121,0.055,-0.066,0.129,0.082,-0.047,0.073,0.091,0.018,0.086,0.094,0.008,0.102,0.08,-0.022,0.077,0.141,0.064,0.094,0.067,-0.027,0.108,0.115,0.007,0.098,0.055,-0.043,0.111,0.082,-0.029,0.089,0.125,0.036,0.136,0.078,-0.058,0.105,0.074,-0.031,0.091
0.102,0.107,0.005,0.125,0.083,-0.042,0.108,0.121,0.013,0.112,0.073,-0.039,0.076,0.062,-0.014,0.089,0.102,0.013,0.113,0.079,-0.034,0.118,0.086,-0.032,0.121,0.058,-0.063,0.11,0.091,-0.019,0.13,0.095,-0.035,0.097,0.05,-0.047,0.1,0.066,-0.034,0.065,0.083,0.018,0.11,0.115,0.005,0.11,0.088,-0.022,0.087,0.166,0.079,0.103,0.071,-0.032,0.092,0.112,0.02,0.11,0.062,-0.048,0.108,0.077,-0.031,0.091,0.158,0.067,0.142,0.092,-0.05,0.118,0.13,0.012,0.074
0.086,0.103,0.017,0.124,0.092,-0.032,0.126,0.102,-0.024,0.129,0.092,-0.037,0.086,0.104,0.018,0.094,0.07,-0.024,0.108,0.091,-0.017,0.129,0.09,-0.039,0.121,0.081,-0.04,0.108,0.076,-0.032,0.126,0.104,-0.022,0.122,0.072,-0.05,0.121,0.066,-0.055,0.091,0.072,-0.019,0.116,0.131,0.015,0.118,0.104,-0.014,0.082,0.169,0.087,0.108,0.081,-0.027,0.092,0.12,0.028,0.103,0.053,-0.05,0.086,0.065,-0.021,0.078,0.13,0.052,0.142,0.06,-0.082,0.114,0.129,0.015,0.086
0.083,0.101,0.018,0.104,0.073,-0.031,0.086,0.075,-0.011,0.098,0.105,0.007,0.054,0.043,-0.011,0.074,0.092,0.018,0.108,0.065,-0.043,0.111,0.084,-0.027,0.113,0.076,-0.037,0.102,0.094,-0.008,0.123,0.094,-0.029,0.116,0.063,-0.053,0.129,0.084,-0.045,0.105,0.074,-0.031,0.104,0.143,0.039,0.11,0.128,0.018,0.093,0.189,0.096,0.12,0.153,0.033,0.076,0.099,0.023,0.091,0.222,0.131,0.118,0.146,0.028,0.102,0.133,0.031,0.134,0.068,-0.066,0.115,0.097,-0.018,0.125
0.078,0.101,0.023,0.126,0.062,-0.064,0.1,0.118,0.018,0.116,0.063,-0.053,0.089,0.071,-0.018,0.089,0.096,0.007,0.105,0.089,-0.016,0.11,0.068,-0.042,0.116,0.086,-0.03,0.105,0.084,-0.021,0.115,0.087,-0.028,0.121,0.06,-0.061,0.126,0.077,-0.049,0.082,0.086,0.004,0.097,0.115,0.018,0.094,0.099,0.005,0.073,0.145,0.072,0.091,0.065,-0.026,0.102,0.146,0.044,0.089,0.067,-0.022,0.094,0.086,-0.008,0.084,0.123,0.039,0.137,0.065,-0.072,0.11,0.102,-0.008,0.1
0.075,0.091,0.016,0.131,0.076,-0.055,0.092,0.099,0.007,0.1,0.057,-0.043,0.074,0.087,0.013,0.091,0.07,-0.021,0.129,0.109,-0.02,0.104,0.069,-0.035,0.11,0.084,-0.026,0.102,0.076,-0.026,0.131,0.091,-0.04,0.116,0.063,-0.053,0.121,0.071,-0.05,0.095,0.105,0.01,0.102,0.12,0.018,0.115,0.128,0.013,0.062,0.137,0.075,0.115,0.081,-0.034,0.092,0.11,0.018,0.097,0.031,-0.066,0.092,0.105,0.013,0.078,0.109,0.031,0.142,0.062,-0.08,0.114,0.103,-0.011,0.094
0.093,0.074,-0.019,0.151,0.108,-0.043,0.121,0.095,-0.026,0.126,0.084,-0.042,0.086,0.102,0.016,0.107,0.083,-0.024,0.136,0.196,0.06,0.135,0.156,0.021,0.107,0.095,-0.012,0.116,0.085,-0.031,0.144,0.172,0.028,0.131,0.071,-0.06,0.123,0.079,-0.044,0.091,0.099,0.008,0.089,0.107,0.018,0.105,0.06,-0.045,0.078,0.161,0.083,0.117,0.093,-0.024,0.111,0.099,-0.012,0.117,0.061,-0.056,0.11,0.094,-0.016,0.097,0.123,0.026,0.142,0.065,-0.077,0.119,0.095,-0.024,0.089
0.088,0.098,0.01,0.134,0.095,-0.039,0.097,0.078,-0.019,0.137,0.087,-0.05,0.092,0.102,0.01,0.131,0.146,0.015,0.118,0.403,0.285,0.126,0.089,-0.037,0.113,0.084,-0.029,0.113,0.076,-0.037,0.141,0.125,-0.016,0.151,0.084,-0.067,0.125,0.077,-0.048,0.079,0.087,0.008,0.075,0.093,0.018,0.118,0.065,-0.053,0.084,0.159,0.075,0.099,0.085,-0.014,0.103,0.089,-0.014,0.132,0.093,-0.039,0.096,0.07,-0.026,0.092,0.128,0.036,0.157,0.08,-0.077,0.111,0.095,-0.016,0.102
0.083,0.093,0.01,0.116,0.081,-0.035,0.089,0.068,-0.021,0.142,0.097,-0.045,0.079,0.062,-0.017,0.092,0.084,-0.008,0.121,0.074,-0.047,0.116,0.081,-0.035,0.11,0.076,-0.034,0.105,0.079,-0.026,0.133,0.097,-0.036,0.115,0.078,-0.037,0.116,0.061,-0.055,0.091,0.078,-0.013,0.102,0.12,0.018,0.108,0.065,-0.043,0.095,0.19,0.095,0.086,0.07,-0.016,0.097,0.115,0.018,0.142,0.063,-0.079,0.103,0.12,0.017,0.087,0.128,0.041,0.139,0.068,-0.071,0.123,0.089,-0.034,0.086
0.089,0.099,0.01,0.136,0.089,-0.047,0.089,0.107,0.018,0.126,0.083,-0.043,0.079,0.055,-0.024,0.105,0.094,-0.011,0.135,0.09,-0.045,0.11,0.091,-0.019,0.087,0.065,-0.022,0.105,0.086,-0.019,0.121,0.092,-0.029,0.127,0.063,-0.064,0.14,0.082,-0.058,0.084,0.073,-0.011,0.089,0.107,0.018,0.105,0.071,-0.034,0.078,0.155,0.077,0.079,0.06,-0.019,0.097,0.113,0.016,0.096,0.065,-0.031,0.094,0.06,-0.034,0.081,0.138,0.057,0.136,0.065,-0.071,0.121,0.09,-0.031,0.104
0.078,0.086,0.008,0.123,0.091,-0.032,0.095,0.073,-0.022,0.142,0.095,-0.047,0.076,0.096,0.02,0.081,0.063,-0.018,0.11,0.088,-0.022,0.116,0.066,-0.05,0.105,0.086,-0.019,0.111,0.087,-0.024,0.152,0.115,-0.037,0.127,0.058,-0.069,0.145,0.077,-0.068,0.097,0.086,-0.011,0.114,0.118,0.004,0.113,0.091,-0.022,0.068,0.146,0.078,0.104,0.075,-0.029,0.1,0.115,0.015,0.114,0.052,-0.062,0.098,0.084,-0.014,0.086,0.123,0.037,0.139,0.081,-0.058,0.11,0.081,-0.029,0.102
0.078,0.088,0.01,0.123,0.092,-0.031,0.094,0.075,-0.019,0.111,0.087,-0.024,0.081,0.099,0.018,0.089,0.077,-0.012,0.113,0.082,-0.031,0.115,0.084,-0.031,0.105,0.078,-0.027,0.1,0.069,-0.031,0.147,0.11,-0.037,0.113,0.07,-0.043,0.118,0.066,-0.052,0.068,0.086,0.018,0.084,0.107,0.023,0.105,0.073,-0.032,0.081,0.158,0.077,0.077,0.081,0.004,0.076,0.107,0.031,0.084,0.039,-0.045,0.083,0.102,0.019,0.086,0.104,0.018,0.128,0.062,-0.066,0.103,0.089,-0.014,0.113
0.088,0.074,-0.014,0.127,0.103,-0.024,0.076,0.062,-0.014,0.119,0.082,-0.037,0.071,0.081,0.01,0.073,0.061,-0.012,0.127,0.08,-0.047,0.116,0.066,-0.05,0.105,0.086,-0.019,0.102,0.073,-0.029,0.153,0.095,-0.058,0.124,0.039,-0.085,0.119,0.077,-0.042,0.074,0.092,0.018,0.075,0.093,0.018,0.094,0.07,-0.024,0.079,0.148,0.069,0.102,0.086,-0.016,0.098,0.105,0.007,0.102,0.047,-0.055,0.092,0.073,-0.019,0.079,0.12,0.041,0.139,0.07,-0.069,0.087,0.103,0.016,0.078
0.096,0.114,0.018,0.11,0.083,-0.027,0.074,0.089,0.015,0.073,0.083,0.01,0.039,0.05,0.011,0.07,0.088,0.018,0.118,0.073,-0.045,0.1,0.071,-0.029,0.092,0.096,0.004,0.081,0.095,0.014,0.122,0.091,-0.031,0.121,0.073,-0.048,0.124,0.079,-0.045,0.097,0.085,-0.012,0.093,0.118,0.025,0.105,0.066,-0.039,0.078,0.155,0.077,0.118,0.079,-0.039,0.125,0.141,0.016,0.107,0.023,-0.084,0.106,0.094,-0.012,0.083,0.121,0.038,0.108,0.063,-0.045,0.096,0.083,-0.013,0.089
0.065,0.075,0.01,0.11,0.084,-0.026,0.091,0.08,-0.011,0.124,0.071,-0.053,0.082,0.1,0.018,0.089,0.059,-0.03,0.116,0.102,-0.014,0.119,0.053,-0.066,0.097,0.656,0.559,0.129,0.076,-0.053,0.123,0.154,0.031,0.127,0.06,-0.067,0.122,0.071,-0.051,0.095,0.087,-0.008,0.104,0.13,0.026,0.121,0.081,-0.04,0.071,0.153,0.082,0.076,0.057,-0.019,0.092,0.105,0.013,0.094,0.034,-0.06,0.097,0.078,-0.019,0.089,0.128,0.039,0.139,0.06,-0.079,0.116,0.097,-0.019,0.1
0.088,0.106,0.018,0.108,0.079,-0.029,0.078,0.096,0.018,0.089,0.068,-0.021,0.065,0.078,0.013,0.075,0.059,-0.016,0.116,0.079,-0.037,0.111,0.06,-0.051,0.124,0.11,-0.014,0.124,0.1,-0.024,0.157,0.126,-0.031,0.134,0.081,-0.053,0.145,0.082,-0.063,0.099,0.117,0.018,0.076,0.094,0.018,0.11,0.071,-0.039,0.072,0.15,0.078,0.086,0.062,-0.024,0.095,0.115,0.02,0.132,0.058,-0.074,0.089,0.078,-0.011,0.071,0.118,0.047,0.145,0.06,-0.085,0.126,0.102,-0.024,0.097
0.093,0.082,-0.011,0.132,0.105,-0.027,0.084,0.092,0.008,0.092,0.049,-0.043,0.084,0.097,0.013,0.081,0.065,-0.016,0.11,0.073,-0.037,0.124,0.09,-0.034,0.105,0.078,-0.027,0.113,0.086,-0.027,0.129,0.11,-0.019,0.092,0.037,-0.055,0.132,0.076,-0.056,0.092,0.105,0.013,0.096,0.115,0.019,0.104,0.07,-0.034,0.071,0.145,0.074,0.105,0.073,-0.032,0.094,0.081,-0.013,0.127,0.071,-0.056,0.092,0.073,-0.019,0.079,0.128,0.049,0.129,0.052,-0.077,0.108,0.124,0.016,0.088
0.078,0.095,0.017,0.11,0.079,-0.031,0.089,0.072,-0.017,0.119,0.087,-0.032,0.081,0.097,0.016,0.084,0.064,-0.02,0.106,0.074,-0.032,0.124,0.068,-0.056,0.116,0.082,-0.034,0.118,0.081,-0.037,0.134,0.102,-0.032,0.119,0.05,-0.069,0.122,0.077,-0.045,0.076,0.086,0.01,0.092,0.102,0.01,0.113,0.076,-0.037,0.076,0.173,0.097,0.074,0.079,0.005,0.096,0.085,-0.011,0.1,0.061,-0.039,0.081,0.057,-0.024,0.082,0.125,0.043,0.129,0.065,-0.064,0.119,0.1,-0.019,0.102
0.101,0.09,-0.011,0.135,0.098,-0.037,0.089,0.104,0.015,0.089,0.065,-0.024,0.061,0.073,0.012,0.081,0.094,0.013,0.094,0.055,-0.039,0.112,0.081,-0.031,0.105,0.078,-0.027,0.1,0.074,-0.026,0.137,0.097,-0.04,0.111,0.053,-0.058,0.11,0.071,-0.039,0.071,0.089,0.018,0.083,0.091,0.008,0.102,0.083,-0.019,0.071,0.161,0.09,0.086,0.072,-0.014,0.095,0.113,0.018,0.097,0.034,-0.063,0.094,0.105,0.011,0.065,0.09,0.025,0.132,0.073,-0.059,0.132,0.12,-0.012,0.109
0.083,0.101,0.018,0.123,0.104,-0.019,0.105,0.091,-0.014,0.139,0.095,-0.044,0.084,0.112,0.028,0.094,0.07,-0.024,0.121,0.094,-0.027,0.134,0.092,-0.042,0.113,0.074,-0.039,0.118,0.091,-0.027,0.118,0.092,-0.026,0.147,0.094,-0.053,0.153,0.092,-0.061,0.103,0.113,0.01,0.089,0.107,0.018,0.115,0.081,-0.034,0.076,0.156,0.08,0.08,0.069,-0.011,0.1,0.118,0.018,0.087,0.037,-0.05,0.094,0.083,-0.011,0.079,0.12,0.041,0.134,0.071,-0.063,0.104,0.088,-0.016,0.118
0.11,0.114,0.004,0.147,0.121,-0.026,0.12,0.108,-0.012,0.143,0.077,-0.066,0.088,0.092,0.004,0.089,0.073,-0.016,0.121,0.089,-0.032,0.113,0.094,-0.019,0.108,0.071,-0.037,0.115,0.081,-0.034,0.147,0.162,0.015,0.139,0.089,-0.05,0.14,0.095,-0.045,0.078,0.096,0.018,0.086,0.102,0.016,0.115,0.065,-0.05,0.087,0.174,0.087,0.115,0.083,-0.032,0.111,0.121,0.01,0.094,0.063,-0.031,0.115,0.083,-0.032,0.095,0.138,0.043,0.148,0.079,-0.069,0.128,0.102,-0.026,0.092
0.075,0.09,0.015,0.139,0.125,-0.014,0.129,0.103,-0.026,0.144,0.091,-0.053,0.077,0.084,0.007,0.084,0.065,-0.019,0.121,0.089,-0.032,0.137,0.074,-0.063,0.118,0.079,-0.039,0.113,0.076,-0.037,0.128,0.102,-0.026,0.14,0.065,-0.075,0.14,0.083,-0.057,0.079,0.087,0.008,0.078,0.088,0.01,0.11,0.068,-0.042,0.091,0.171,0.08,0.112,0.096,-0.016,0.134,0.098,-0.036,0.102,0.068,-0.034,0.104,0.093,-0.011,0.079,0.105,0.026,0.126,0.063,-0.063,0.105,0.177,0.072,0.034
