3,2,0.11,0.114,0.004,0.073,0.174,0.101,0.208,0.109,-0.099,0.155,0.064,-0.091,0.122,0.271,0.149,0.096,0.48,0.384,0.134,0.065,-0.069,0.132,0.165,0.033,0.136
3,3,0.091,0.046,-0.045,0.103,0.247,0.144,0.208,0.094,-0.114,0.165,0.064,-0.101,0.124,0.217,0.093,0.083,0.168,0.085,0.135,0.044,-0.091,0.119,0.14,0.021,0.125
3,4,0.039,0.936,0.897,0.053,0.691,0.638,0.253,0.125,-0.128,0.189,0.098,-0.091,0.122,0.217,0.095,0.107,0.197,0.09,0.15,0.071,-0.079,0.116,0.136,0.02,0.144
3,5,0.109,0.13,0.021,0.057,0.175,0.118,0.21,0.079,-0.131,0.162,0.071,-0.091,0.112,0.212,0.1,0.081,0.176,0.095,0.142,0.05,-0.092,0.124,0.208,0.084,0.128
3,7,0.099,0.117,0.018,0.089,0.186,0.097,0.157,0.486,0.329,0.166,0.073,-0.093,0.119,0.363,0.244,0.113,0.285,0.172,0.145,0.057,-0.088,0.121,0.176,0.055,0.148
3,8,0.093,0.199,0.106,0.104,0.215,0.111,0.204,0.083,-0.121,0.179,0.064,-0.115,0.144,0.239,0.095,0.099,0.207,0.108,0.124,0.034,-0.09,0.121,0.193,0.072,0.128
3,9,0.112,0.15,0.038,0.087,0.194,0.107,0.237,0.128,-0.109,0.176,0.077,-0.099,0.13,0.235,0.105,0.102,0.161,0.059,0.148,0.073,-0.075,0.121,0.145,0.024,0.117
3,10,0.124,0.161,0.037,0.104,0.22,0.116,0.214,0.081,-0.133,0.178,0.085,-0.093,0.13,0.243,0.113,0.109,0.326,0.217,0.194,0.083,-0.111,0.143,0.186,0.043,0.134
6,2,0.083,0.273,0.19,0.071,0.119,0.048,0.089,0.217,0.128,0.16,0.102,-0.058,0.087,0.283,0.196,0.086,0.207,0.121,0.136,0.054,-0.082,0.137,0.147,0.01,0.131
6,3,0.109,0.279,0.17,0.107,0.557,0.45,0.126,0.378,0.252,0.167,0.115,-0.052,0.094,0.32,0.226,0.102,0.215,0.113,0.137,0.055,-0.082,0.132,0.15,0.018,0.149
6,4,0.093,0.878,0.785,0.065,0.33,0.265,0.112,0.251,0.139,0.126,0.079,-0.047,0.084,0.279,0.195,0.112,0.269,0.157,0.168,0.086,-0.082,0.124,0.103,-0.021,0.151
6,5,0.109,0.279,0.17,0.083,0.191,0.108,0.12,0.246,0.126,0.147,0.084,-0.063,0.092,1.121,1.029,0.094,0.284,0.19,0.182,0.113,-0.069,0.123,0.978,0.855,0.151
6,7,0.096,0.307,0.211,0.094,0.349,0.255,0.14,0.297,0.157,0.145,0.076,-0.069,0.105,0.296,0.191,0.096,0.212,0.116,0.137,0.055,-0.082,0.129,0.142,0.013,0.141
6,8,0.104,0.194,0.09,0.099,0.31,0.211,0.12,0.241,0.121,0.157,0.091,-0.066,0.1,0.316,0.216,0.107,0.233,0.126,0.155,0.091,-0.064,0.122,0.291,0.169,0.141
6,9,0.098,1.089,0.991,0.102,0.427,0.325,0.093,0.211,0.118,0.131,0.073,-0.058,0.095,0.28,0.185,0.073,0.173,0.1,0.137,0.058,-0.079,0.118,0.129,0.011,0.143
6,10,0.101,0.209,0.108,0.089,0.289,0.2,0.173,0.286,0.113,0.155,0.076,-0.079,0.105,0.259,0.154,0.06,0.158,0.098,0.137,0.055,-0.082,0.126,0.11,-0.016,0.133
9,2,0.075,0.283,0.208,0.079,0.23,0.151,0.104,0.256,0.152,0.16,0.136,-0.024,0.11,0.249,0.139,0.115,0.148,0.033,0.17,0.133,-0.037,0.118,0.144,0.026,0.106
9,3,0.086,0.358,0.272,0.084,0.253,0.169,0.105,0.259,0.154,0.143,0.172,0.029,0.091,0.238,0.147,0.125,0.174,0.049,0.149,0.114,-0.035,0.1,0.419,0.319,0.07
9,4,0.096,0.258,0.162,0.076,0.367,0.291,0.104,0.263,0.159,0.117,0.136,0.019,0.177,0.308,0.131,0.119,0.151,0.032,0.175,0.12,-0.055,0.15,0.71,0.56,0.066
9,5,0.062,0.347,0.285,0.079,0.204,0.125,0.105,0.244,0.139,0.122,0.099,-0.023,0.11,0.241,0.131,0.104,0.14,0.036,0.196,0.458,0.262,0.107,0.215,0.108,0.105
9,7,0.096,0.253,0.157,0.081,0.191,0.11,0.094,0.23,0.136,0.119,0.123,0.004,0.139,0.254,0.115,0.123,0.148,0.025,0.174,0.126,-0.048,0.121,0.167,0.046,0.096
9,8,0.083,0.289,0.206,0.107,0.263,0.156,0.105,0.29,0.185,0.13,0.148,0.018,0.118,0.249,0.131,0.107,0.143,0.036,0.165,0.125,-0.04,0.126,0.226,0.1,0.083
9,9,0.078,0.335,0.257,0.076,0.215,0.139,0.101,0.258,0.157,0.128,0.141,0.013,0.107,0.225,0.118,0.11,0.151,0.041,0.178,0.156,-0.022,0.103,0.19,0.087,0.105
9,10,0.091,0.245,0.154,0.083,0.212,0.129,0.099,0.238,0.139,0.225,0.206,-0.019,0.147,0.425,0.278,0.107,0.235,0.128,0.138,0.125,-0.013,0.11,0.275,0.165,0.091
12,2,0.081,0.503,0.422,0.074,0.206,0.132,0.11,0.23,0.12,0.034,0.42,0.386,0.1,0.149,0.049,0.087,0.149,0.062,0.108,0.201,0.093,0.087,0.128,0.041,0.121
12,3,0.094,0.337,0.243,0.085,0.396,0.311,0.1,0.266,0.166,0.097,0.231,0.134,0.084,0.152,0.068,0.086,0.125,0.039,0.116,0.199,0.083,0.084,0.112,0.028,0.113
12,4,0.084,0.369,0.285,0.076,0.501,0.425,0.113,0.284,0.171,0.063,0.154,0.091,0.094,0.182,0.088,0.087,0.116,0.029,0.113,0.203,0.09,0.089,0.131,0.042,0.1
12,5,0.078,0.309,0.231,0.071,0.431,0.36,0.089,0.252,0.163,0.069,0.162,0.093,0.082,0.177,0.095,0.085,0.118,0.033,0.1,0.191,0.091,0.097,0.192,0.095,0.103
12,7,0.081,0.355,0.274,0.082,0.295,0.213,0.107,0.206,0.099,0.089,0.177,0.088,0.081,0.1,0.019,0.073,0.146,0.073,0.094,0.177,0.083,0.097,0.16,0.063,0.105
12,8,0.081,0.28,0.199,0.064,0.139,0.075,0.1,0.226,0.126,0.106,0.196,0.09,0.079,0.136,0.057,0.087,0.133,0.046,0.087,0.18,0.093,0.092,0.154,0.062,0.108
12,9,0.084,0.294,0.21,0.07,0.148,0.078,0.116,0.225,0.109,0.1,0.193,0.093,0.071,0.13,0.059,0.079,0.118,0.039,0.097,0.198,0.101,0.092,0.134,0.042,0.094
12,10,0.079,0.281,0.202,0.071,0.114,0.043,0.116,0.23,0.114,0.097,0.196,0.099,0.079,0.156,0.077,0.081,0.123,0.042,0.113,0.196,0.083,0.097,0.154,0.057,0.1
15,2,0.078,0.293,0.215,0.082,0.1,0.018,0.089,0.159,0.07,0.076,0.366,0.29,0.095,0.186,0.091,0.097,0.075,-0.022,0.077,0.142,0.065,0.087,0.12,0.033,0.116
15,3,0.091,0.296,0.205,0.084,0.112,0.028,0.106,0.207,0.101,0.086,0.156,0.07,0.092,0.121,0.029,0.097,0.075,-0.022,0.066,0.139,0.073,0.06,0.115,0.055,0.108
15,4,0.11,0.24,0.13,0.089,0.376,0.287,0.095,0.193,0.098,0.071,0.152,0.081,0.094,0.109,0.015,0.074,0.092,0.018,0.066,0.144,0.078,0.034,0.075,0.041,0.116
15,5,0.062,0.234,0.172,0.084,0.112,0.028,0.079,0.182,0.103,0.077,0.167,0.09,0.076,0.102,0.026,0.087,0.102,0.015,0.061,0.128,0.067,0.053,0.096,0.043,0.111
15,7,0.081,0.223,0.142,0.079,0.113,0.034,0.084,0.169,0.085,0.066,0.133,0.067,0.108,0.136,0.028,0.098,0.076,-0.022,0.101,0.142,0.041,0.089,0.144,0.055,0.107
15,8,0.07,0.236,0.166,0.079,0.138,0.059,0.095,0.178,0.083,0.094,0.172,0.078,0.1,0.494,0.394,0.121,0.157,0.036,0.103,0.154,0.051,0.084,0.209,0.125,0.1
15,9,0.073,0.247,0.174,0.092,0.11,0.018,0.076,0.174,0.098,0.098,0.162,0.064,0.084,0.105,0.021,0.079,0.102,0.023,0.079,0.149,0.07,0.055,0.151,0.096,0.123
15,10,0.076,0.223,0.147,0.092,0.406,0.314,0.081,0.167,0.086,0.084,0.164,0.08,0.084,0.131,0.047,0.081,0.099,0.018,0.097,0.16,0.063,0.07,0.122,0.052,0.124
18,2,0.121,0.276,0.155,0.121,0.201,0.08,0.142,0.277,0.135,0.193,0.126,-0.067,0.154,0.33,0.176,0.094,0.113,0.019,0.198,0.118,-0.08,0.143,0.27,0.127,0.079
18,3,0.076,0.28,0.204,0.098,0.237,0.139,0.116,0.248,0.132,0.203,0.181,-0.022,0.146,0.348,0.202,0.126,0.199,0.073,0.182,0.105,-0.077,0.143,0.265,0.122,0.092
18,4,0.065,0.267,0.202,0.093,0.217,0.124,0.129,0.315,0.186,0.22,0.161,-0.059,0.145,0.36,0.215,0.092,0.118,0.026,0.223,0.139,-0.084,0.16,0.292,0.132,0.116
18,5,0.105,0.299,0.194,0.081,0.26,0.179,0.116,0.245,0.129,0.203,0.169,-0.034,0.156,0.236,0.08,0.118,0.149,0.031,0.215,0.118,-0.097,0.173,1.132,0.959,0.064
18,7,0.073,0.272,0.199,0.09,0.176,0.086,0.123,0.26,0.137,0.179,0.134,-0.045,0.167,0.395,0.228,0.11,0.131,0.021,0.207,0.103,-0.104,0.172,0.258,0.086,0.081
18,8,0.094,0.296,0.202,0.092,0.209,0.117,0.121,0.237,0.116,0.185,0.132,-0.053,0.172,0.288,0.116,0.113,0.102,-0.011,0.21,0.13,-0.08,0.169,0.325,0.156,0.065
18,9,0.113,0.328,0.215,0.089,0.162,0.073,0.131,0.248,0.117,0.221,0.173,-0.048,0.183,0.833,0.65,0.121,0.163,0.042,0.252,0.131,-0.121,0.205,0.9,0.695,0.06
18,10,0.149,0.647,0.498,0.092,0.393,0.301,0.123,0.263,0.14,0.212,0.137,-0.075,0.18,0.302,0.122,0.105,0.123,0.018,0.186,0.092,-0.094,0.181,0.37,0.189,0.102
21,2,0.106,0.261,0.155,0.088,0.242,0.154,0.092,0.213,0.121,0.078,0.212,0.134,0.083,0.162,0.079,0.097,0.133,0.036,0.088,0.184,0.096,0.088,0.191,0.103,0.115
21,3,0.102,0.253,0.151,0.099,0.184,0.085,0.083,0.183,0.1,0.105,0.215,0.11,0.086,0.133,0.047,0.13,0.158,0.028,0.115,0.624,0.509,0.107,0.156,0.049,0.141
21,4,0.101,0.253,0.152,0.084,0.348,0.264,0.115,0.223,0.108,0.102,0.215,0.113,0.109,0.171,0.062,0.099,0.117,0.018,0.091,0.191,0.1,0.086,0.14,0.054,0.126
21,5,0.088,0.237,0.149,0.084,0.205,0.121,0.086,0.198,0.112,0.1,0.208,0.108,0.101,0.176,0.075,0.096,0.127,0.031,0.102,0.207,0.105,0.094,0.202,0.108,0.089
21,7,0.093,0.297,0.204,0.075,0.155,0.08,0.073,0.191,0.118,0.104,0.192,0.088,0.076,0.119,0.043,0.104,0.135,0.031,0.084,0.187,0.103,0.093,0.163,0.07,0.107
21,8,0.099,0.258,0.159,0.081,0.127,0.046,0.099,0.194,0.095,0.11,0.21,0.1,0.099,0.199,0.1,0.099,0.138,0.039,0.105,0.194,0.089,0.084,0.161,0.077,0.094
21,9,0.091,0.289,0.198,0.086,0.148,0.062,0.107,0.194,0.087,0.112,0.264,0.152,0.083,0.17,0.087,0.094,0.135,0.041,0.11,0.182,0.072,0.112,0.158,0.046,0.11
21,10,0.088,0.247,0.159,0.092,0.133,0.041,0.086,0.199,0.113,0.096,0.212,0.116,0.081,0.189,0.108,0.091,0.155,0.064,0.102,0.207,0.105,0.105,0.732,0.627,0.102
24,2,0.088,0.062,-0.026,0.068,0.163,0.095,0.068,0.135,0.067,0.11,0.052,-0.058,0.089,0.174,0.085,0.073,0.119,0.046,0.116,0.05,-0.066,0.087,0.102,0.015,0.086
24,3,0.092,0.096,0.004,0.06,0.16,0.1,0.071,0.137,0.066,0.105,0.04,-0.065,0.084,0.166,0.082,0.073,0.107,0.034,0.126,0.044,-0.082,0.113,0.099,-0.014,0.079
24,4,0.086,0.458,0.372,0.079,0.238,0.159,0.086,0.148,0.062,0.11,0.042,-0.068,0.1,0.182,0.082,0.088,0.129,0.041,0.114,0.05,-0.064,0.092,0.11,0.018,0.089
24,5,0.099,0.178,0.079,0.094,0.197,0.103,0.078,0.142,0.064,0.113,0.045,-0.068,0.089,0.179,0.09,0.081,0.133,0.052,0.11,0.054,-0.056,0.087,0.108,0.021,0.091
24,7,0.08,0.332,0.252,0.084,0.271,0.187,0.095,0.159,0.064,0.115,0.036,-0.079,0.1,0.185,0.085,0.073,0.109,0.036,0.15,0.063,-0.087,0.113,0.105,-0.008,0.081
24,8,0.088,0.106,0.018,0.081,0.189,0.108,0.07,0.137,0.067,0.108,0.047,-0.061,0.092,0.172,0.08,0.078,0.119,0.041,0.129,0.047,-0.082,0.103,0.128,0.025,0.092
24,9,0.091,0.106,0.015,0.076,0.176,0.1,0.073,0.137,0.064,0.116,0.047,-0.069,0.095,0.175,0.08,0.078,0.121,0.043,0.143,0.053,-0.09,0.116,0.126,0.01,0.073
24,10,0.086,0.072,-0.014,0.063,0.171,0.108,0.086,0.171,0.085,0.118,0.052,-0.066,0.095,0.187,0.092,0.081,0.122,0.041,0.132,0.065,-0.067,0.098,0.111,0.013,0.07
27,2,0.08,0.284,0.204,0.062,0.286,0.224,0.091,0.189,0.098,0.107,0.068,-0.039,0.099,0.189,0.09,0.071,0.099,0.028,0.126,0.073,-0.053,0.097,0.28,0.183,0.078
27,3,0.086,0.582,0.496,0.07,0.338,0.268,0.094,0.215,0.121,0.123,0.073,-0.05,0.102,0.233,0.131,0.068,0.089,0.021,0.125,0.073,-0.052,0.105,0.256,0.151,0.079
27,4,0.086,0.263,0.177,0.076,0.202,0.126,0.096,0.233,0.137,0.099,0.052,-0.047,0.097,0.197,0.1,0.071,0.089,0.018,0.128,0.078,-0.05,0.11,0.342,0.232,0.081
27,5,0.08,0.314,0.234,0.073,0.392,0.319,0.105,0.246,0.141,0.129,0.079,-0.05,0.102,0.215,0.113,0.078,0.096,0.018,0.129,0.071,-0.058,0.118,0.303,0.185,0.081
27,7,0.072,0.271,0.199,0.062,0.402,0.34,0.094,0.197,0.103,0.128,0.083,-0.045,0.105,0.19,0.085,0.07,0.096,0.026,0.12,0.068,-0.052,0.113,0.347,0.234,0.078
27,8,0.072,0.378,0.306,0.071,0.392,0.321,0.089,0.179,0.09,0.123,0.078,-0.045,0.105,0.216,0.111,0.075,0.127,0.052,0.118,0.057,-0.061,0.111,0.414,0.303,0.07
27,9,0.067,0.6,0.533,0.068,0.279,0.211,0.083,0.188,0.105,0.121,0.076,-0.045,0.1,0.275,0.175,0.081,0.099,0.018,0.123,0.075,-0.048,0.103,0.293,0.19,0.078
27,10,0.073,0.263,0.19,0.06,0.253,0.193,0.099,0.202,0.103,0.128,0.088,-0.04,0.092,0.213,0.121,0.073,0.143,0.07,0.139,0.072,-0.067,0.124,0.441,0.317,0.086
30,2,0.081,0.457,0.376,0.084,0.436,0.352,0.076,0.172,0.096,0.076,0.146,0.07,0.071,0.244,0.173,0.087,0.229,0.142,0.085,0.144,0.059,0.087,0.195,0.108,0.114
30,3,0.091,0.467,0.376,0.06,0.478,0.418,0.079,0.164,0.085,0.076,0.169,0.093,0.071,0.571,0.5,0.079,0.232,0.153,0.081,0.159,0.078,0.071,0.14,0.069,0.108
30,4,0.089,0.247,0.158,0.068,0.405,0.337,0.073,0.775,0.702,0.082,0.17,0.088,0.074,0.421,0.347,0.068,0.208,0.14,0.084,0.156,0.072,0.079,0.136,0.057,0.111
30,5,0.11,0.374,0.264,0.071,0.424,0.353,0.076,0.177,0.101,0.081,0.169,0.088,0.061,0.449,0.388,0.076,0.24,0.164,0.076,0.151,0.075,0.081,0.205,0.124,0.132
30,7,0.113,0.281,0.168,0.079,0.47,0.391,0.073,0.177,0.104,0.076,0.172,0.096,0.081,0.299,0.218,0.074,0.206,0.132,0.073,0.145,0.072,0.079,0.131,0.052,0.113
30,8,0.084,0.247,0.163,0.073,0.415,0.342,0.084,0.177,0.093,0.079,0.175,0.096,0.079,0.33,0.251,0.076,0.255,0.179,0.089,0.185,0.096,0.087,0.18,0.093,0.11
30,9,0.099,0.698,0.599,0.113,0.807,0.694,0.071,0.18,0.109,0.082,0.182,0.1,0.069,0.258,0.189,0.078,0.203,0.125,0.084,0.169,0.085,0.071,0.123,0.052,0.142
30,10,0.031,0.378,0.347,0.063,0.426,0.363,0.068,0.156,0.088,0.079,0.175,0.096,0.065,0.34,0.275,0.068,0.197,0.129,0.082,0.154,0.072,0.077,0.146,0.069,0.166
33,2,0.094,0.138,0.044,0.082,0.399,0.317,0.11,0.228,0.118,0.139,0.06,-0.079,0.108,0.206,0.098,0.101,0.178,0.077,0.111,0.068,-0.043,0.095,7.909,7.814,0.105
33,3,0.127,0.315,0.188,0.055,0.618,0.563,0.126,0.617,0.491,0.149,0.365,0.216,0.104,0.603,0.499,0.128,0.357,0.229,0.159,0.288,0.129,0.101,0.317,0.216,0.097
33,4,0.107,0.261,0.154,0.099,0.125,0.026,0.101,0.222,0.121,0.125,0.063,-0.062,0.074,0.143,0.069,0.109,0.138,0.029,0.133,0.093,-0.04,0.084,0.061,-0.023,0.105
33,5,0.133,0.23,0.097,0.084,0.254,0.17,0.107,0.294,0.187,0.124,0.04,-0.084,0.107,0.21,0.103,0.107,0.136,0.029,0.139,0.067,-0.072,0.124,0.105,-0.019,0.1
33,7,0.114,0.22,0.106,0.078,0.368,0.29,0.094,0.285,0.191,0.118,0.033,-0.085,0.148,0.235,0.087,0.099,0.197,0.098,0.119,0.042,-0.077,0.108,0.141,0.033,0.139
33,8,0.099,0.199,0.1,0.12,0.269,0.149,0.104,0.241,0.137,0.089,0.036,-0.053,0.123,0.231,0.108,0.11,0.195,0.085,0.129,0.055,-0.074,0.11,0.102,-0.008,0.115
33,9,0.122,0.261,0.139,0.091,0.23,0.139,0.112,0.246,0.134,0.121,0.023,-0.098,0.156,0.251,0.095,0.107,0.215,0.108,0.11,0.049,-0.061,0.092,0.116,0.024,0.128
33,10,0.151,0.325,0.174,0.11,0.277,0.167,0.102,0.228,0.126,0.146,0.034,-0.112,0.143,0.263,0.12,0.092,0.177,0.085,0.097,0.036,-0.061,0.103,0.136,0.033,0.104
36,2,0.088,0.281,0.193,0.089,0.207,0.118,0.18,0.073,-0.107,0.165,0.077,-0.088,0.135,0.287,0.152,0.091,0.152,0.061,0.126,0.068,-0.058,0.111,0.509,0.398,0.071
36,3,0.083,0.253,0.17,0.096,0.251,0.155,0.181,0.094,-0.087,0.13,0.055,-0.075,0.145,0.395,0.25,0.078,0.15,0.072,0.126,0.078,-0.048,0.103,0.591,0.488,0.105
36,4,0.078,0.276,0.198,0.104,0.207,0.103,0.182,0.086,-0.096,0.141,0.066,-0.075,0.145,0.534,0.389,0.075,0.163,0.088,0.118,0.06,-0.058,0.094,0.408,0.314,0.086
36,5,0.08,0.291,0.211,0.071,0.176,0.105,0.213,0.12,-0.093,0.146,0.061,-0.085,0.122,0.258,0.136,0.086,0.153,0.067,0.123,0.06,-0.063,0.1,0.393,0.293,0.083
36,7,0.096,0.25,0.154,0.097,0.205,0.108,0.169,0.078,-0.091,0.13,0.061,-0.069,0.127,0.281,0.154,0.078,0.158,0.08,0.102,0.047,-0.055,0.089,0.277,0.188,0.109
36,8,0.072,0.157,0.085,0.084,0.166,0.082,0.182,0.089,-0.093,0.143,0.061,-0.082,0.132,0.299,0.167,0.068,0.153,0.085,0.11,0.049,-0.061,0.126,0.43,0.304,0.088
36,9,0.078,0.235,0.157,0.085,0.196,0.111,0.174,0.078,-0.096,0.16,0.067,-0.093,0.148,0.284,0.136,0.094,0.158,0.064,0.118,0.068,-0.05,0.087,0.521,0.434,0.097
36,10,0.075,0.214,0.139,0.104,0.163,0.059,0.169,0.076,-0.093,0.167,0.074,-0.093,0.13,0.312,0.182,0.084,0.158,0.074,0.121,0.068,-0.053,0.087,0.511,0.424,0.073
40,2,0.091,0.327,0.236,0.099,0.187,0.088,0.122,0.223,0.101,0.091,0.109,0.018,0.112,0.241,0.129,0.12,0.174,0.054,0.109,0.402,0.293,0.115,0.223,0.108,0.196
40,3,0.117,0.315,0.198,0.088,0.12,0.032,0.112,0.209,0.097,0.084,0.102,0.018,0.107,0.214,0.107,0.12,0.17,0.05,0.096,0.142,0.046,0.115,0.359,0.244,0.1
40,4,0.104,0.325,0.221,0.097,0.112,0.015,0.107,0.209,0.102,0.084,0.115,0.031,0.114,0.258,0.144,0.134,0.164,0.03,0.107,0.156,0.049,0.107,0.339,0.232,0.104
40,5,0.109,0.263,0.154,0.084,0.181,0.097,0.128,0.241,0.113,0.079,0.122,0.043,0.097,0.212,0.115,0.11,0.362,0.252,0.094,0.333,0.239,0.089,0.467,0.378,0.104
40,7,0.101,0.32,0.219,0.096,0.117,0.021,0.107,0.209,0.102,0.087,0.099,0.012,0.084,0.197,0.113,0.11,0.246,0.136,0.104,0.168,0.064,0.089,0.447,0.358,0.101
40,8,0.109,0.474,0.365,0.092,0.109,0.017,0.1,0.218,0.118,0.091,0.112,0.021,0.107,0.21,0.103,0.098,0.135,0.037,0.096,0.132,0.036,0.133,0.864,0.731,0.128
40,9,0.104,0.364,0.26,0.086,0.314,0.228,0.113,0.221,0.108,0.086,0.165,0.079,0.094,0.212,0.118,0.102,0.12,0.018,0.094,0.112,0.018,0.076,0.629,0.553,0.08
40,10,0.101,0.287,0.186,0.093,0.463,0.37,0.116,0.205,0.089,0.105,0.135,0.03,0.099,0.259,0.16,0.099,0.143,0.044,0.091,0.137,0.046,0.086,0.47,0.384,0.112
43,2,0.122,0.369,0.247,0.083,0.215,0.132,0.248,0.109,-0.139,0.195,0.093,-0.102,0.133,0.246,0.113,0.113,0.174,0.061,0.184,0.097,-0.087,0.16,0.273,0.113,0.128
43,3,0.075,0.27,0.195,0.094,0.176,0.082,0.23,0.11,-0.12,0.218,0.138,-0.08,0.134,0.247,0.113,0.099,0.169,0.07,0.184,0.101,-0.083,0.158,0.248,0.09,0.123
43,4,0.088,0.214,0.126,0.097,0.408,0.311,0.247,0.152,-0.095,0.201,0.113,-0.088,0.15,0.413,0.263,0.107,0.287,0.18,0.186,0.104,-0.082,0.147,0.291,0.144,0.071
43,5,0.107,0.286,0.179,0.105,0.264,0.159,0.238,0.209,-0.029,0.195,0.1,-0.095,0.166,0.639,0.473,0.115,0.22,0.105,0.189,0.099,-0.09,0.153,0.202,0.049,0.12
43,7,0.12,0.343,0.223,0.091,0.187,0.096,0.227,0.117,-0.11,0.152,0.059,-0.093,0.125,0.225,0.1,0.106,0.184,0.078,0.158,0.073,-0.085,0.15,0.206,0.056,0.118
43,8,0.106,0.232,0.126,0.112,0.202,0.09,0.205,0.126,-0.079,0.151,0.068,-0.083,0.119,0.235,0.116,0.099,0.187,0.088,0.174,0.075,-0.099,0.148,0.187,0.039,0.099
43,9,0.114,0.268,0.154,0.113,0.249,0.136,0.221,0.115,-0.106,0.175,0.084,-0.091,0.123,0.241,0.118,0.107,0.199,0.092,0.169,0.071,-0.098,0.161,0.23,0.069,0.12
43,10,0.114,0.23,0.116,0.102,0.173,0.071,0.238,0.126,-0.112,0.147,0.053,-0.094,0.143,0.243,0.1,0.115,0.192,0.077,0.108,0.052,-0.056,0.129,0.237,0.108,0.07
46,2,0.067,0.636,0.569,0.076,0.256,0.18,0.088,0.189,0.101,0.065,0.106,0.041,0.078,0.199,0.121,0.099,0.173,0.074,0.073,0.114,0.041,0.082,0.367,0.285,0.086
46,3,0.078,0.428,0.35,0.083,0.175,0.092,0.079,0.171,0.092,0.073,0.107,0.034,0.078,0.191,0.113,0.091,0.135,0.044,0.075,0.116,0.041,0.076,0.4,0.324,0.091
46,4,0.075,0.486,0.411,0.079,0.182,0.103,0.096,0.176,0.08,0.078,0.137,0.059,0.073,0.186,0.113,0.086,0.119,0.033,0.071,0.125,0.054,0.075,0.358,0.283,0.089
46,5,0.075,0.425,0.35,0.081,0.256,0.175,0.083,0.17,0.087,0.065,0.111,0.046,0.076,0.194,0.118,0.097,0.146,0.049,0.068,0.119,0.051,0.091,0.379,0.288,0.099
46,7,0.075,0.358,0.283,0.081,0.212,0.131,0.086,0.171,0.085,0.07,0.122,0.052,0.073,0.196,0.123,0.094,0.13,0.036,0.073,0.119,0.046,0.075,0.353,0.278,0.097
46,8,0.081,0.348,0.267,0.083,0.289,0.206,0.094,0.264,0.17,0.08,0.165,0.085,0.086,0.657,0.571,0.081,0.163,0.082,0.071,0.104,0.033,0.091,0.752,0.661,0.105
46,9,0.08,0.461,0.381,0.089,0.173,0.084,0.081,0.521,0.44,0.089,0.197,0.108,0.085,0.248,0.163,0.083,0.124,0.041,0.068,0.132,0.064,0.083,0.369,0.286,0.094
46,10,0.073,0.574,0.501,0.084,0.186,0.102,0.084,0.182,0.098,0.08,0.101,0.021,0.075,0.199,0.124,0.093,0.147,0.054,0.076,0.112,0.036,0.086,0.739,0.653,0.102
49,2,0.094,0.082,-0.012,0.128,0.119,-0.009,0.116,0.189,0.073,0.182,0.102,-0.08,0.141,0.122,-0.019,0.161,0.114,-0.047,0.138,0.068,-0.07,0.114,0.13,0.016,0.094
49,3,0.073,0.104,0.031,0.134,0.191,0.057,0.123,0.227,0.104,0.206,0.134,-0.072,0.104,0.14,0.036,0.185,0.123,-0.062,0.171,0.088,-0.083,0.146,0.35,0.204,0.116
49,4,0.118,0.304,0.186,0.142,0.228,0.086,0.12,0.239,0.119,0.191,0.116,-0.075,0.109,0.127,0.018,0.161,0.1,-0.061,0.151,0.079,-0.072,0.122,0.098,-0.024,0.114
49,5,0.099,0.19,0.091,0.108,0.154,0.046,0.124,0.253,0.129,0.192,0.226,0.034,0.16,0.178,0.018,0.161,0.113,-0.048,0.173,0.098,-0.075,0.146,0.132,-0.014,0.117
49,7,0.099,0.19,0.091,0.129,0.154,0.025,0.124,0.21,0.086,0.19,0.099,-0.091,0.223,0.207,-0.016,0.238,0.182,-0.056,0.204,0.121,-0.083,0.17,0.18,0.01,0.111
49,8,0.089,0.205,0.116,0.113,0.144,0.031,0.145,0.23,0.085,0.21,0.1,-0.11,0.167,0.156,-0.011,0.26,0.193,-0.067,0.202,0.111,-0.091,0.196,0.227,0.031,0.087
49,9,0.083,0.215,0.132,0.134,0.173,0.039,0.108,0.185,0.077,0.18,0.09,-0.09,0.12,0.132,0.012,0.146,0.079,-0.067,0.178,0.117,-0.061,0.182,0.171,-0.011,0.066
49,10,0.105,0.174,0.069,0.108,0.142,0.034,0.113,0.19,0.077,0.201,0.124,-0.077,0.127,0.095,-0.032,0.228,0.134,-0.094,0.168,0.112,-0.056,0.122,0.088,-0.034,0.124
52,2,0.086,0.112,0.026,0.1,0.175,0.075,0.145,0.092,-0.053,0.112,0.064,-0.048,0.087,0.193,0.106,0.087,0.105,0.018,0.124,0.086,-0.038,0.08,0.048,-0.032,0.13
52,3,0.115,0.123,0.008,0.087,0.216,0.129,0.139,0.128,-0.011,0.152,0.077,-0.075,0.106,0.204,0.098,0.079,0.167,0.088,0.114,0.045,-0.069,0.114,0.248,0.134,0.142
52,4,0.099,0.133,0.034,0.087,0.195,0.108,0.158,0.144,-0.014,0.136,0.072,-0.064,0.132,0.233,0.101,0.063,0.12,0.057,0.132,0.065,-0.067,0.099,0.114,0.015,0.126
52,5,0.102,0.125,0.023,0.103,0.18,0.077,0.15,0.118,-0.032,0.183,0.098,-0.085,0.151,0.241,0.09,0.069,0.136,0.067,0.13,0.063,-0.067,0.109,0.116,0.007,0.108
52,7,0.105,0.06,-0.045,0.095,0.199,0.104,0.127,0.055,-0.072,0.164,0.087,-0.077,0.109,0.238,0.129,0.098,0.17,0.072,0.13,0.06,-0.07,0.12,0.189,0.069,0.127
52,8,0.11,0.093,-0.017,0.12,0.215,0.095,0.139,0.045,-0.094,0.15,0.061,-0.089,0.12,0.26,0.14,0.087,0.138,0.051,0.13,0.048,-0.082,0.124,0.116,-0.008,0.119
52,9,0.107,0.13,0.023,0.119,0.22,0.101,0.151,0.065,-0.086,0.164,0.054,-0.11,0.141,0.247,0.106,0.074,0.154,0.08,0.138,0.047,-0.091,0.127,0.116,-0.011,0.119
52,10,0.084,0.052,-0.032,0.1,0.172,0.072,0.149,0.074,-0.075,0.145,0.04,-0.105,0.134,0.281,0.147,0.076,0.141,0.065,0.106,0.045,-0.061,0.119,0.087,-0.032,0.134
55,2,0.07,1.07,1,0.065,0.63,0.565,0.171,0.084,-0.087,0.156,0.073,-0.083,0.115,0.739,0.624,0.06,0.155,0.095,0.155,0.07,-0.085,0.116,0.163,0.047,0.067
55,3,0.07,0.183,0.113,0.062,0.239,0.177,0.154,0.045,-0.109,0.154,0.061,-0.093,0.119,0.196,0.077,0.068,0.101,0.033,0.171,0.092,-0.079,0.11,0.167,0.057,0.08
55,4,0.072,0.201,0.129,0.06,0.276,0.216,0.161,0.049,-0.112,0.165,0.082,-0.083,0.117,1.106,0.989,0.065,0.101,0.036,0.168,0.128,-0.04,0.087,0.12,0.033,0.06
55,5,0.073,0.499,0.426,0.071,0.626,0.555,0.129,0.031,-0.098,0.146,0.072,-0.074,0.119,0.2,0.081,0.073,0.217,0.144,0.158,0.055,-0.103,0.089,0.563,0.474,0.075
55,7,0.078,0.229,0.151,0.071,0.204,0.133,0.199,0.084,-0.115,0.145,0.055,-0.09,0.104,0.338,0.234,0.062,0.147,0.085,0.19,0.097,-0.093,0.129,0.55,0.421,0.076
55,8,0.057,0.429,0.372,0.071,0.158,0.087,0.156,0.055,-0.101,0.148,0.061,-0.087,0.1,0.242,0.142,0.075,0.258,0.183,0.165,0.073,-0.092,0.121,0.501,0.38,0.071
55,9,0.075,0.281,0.206,0.07,0.17,0.1,0.149,0.047,-0.102,0.156,0.059,-0.097,0.116,0.268,0.152,0.062,0.114,0.052,0.176,0.096,-0.08,0.113,0.213,0.1,0.068
55,10,0.067,0.211,0.144,0.078,0.219,0.141,0.143,0.037,-0.106,0.146,0.066,-0.08,0.101,0.263,0.162,0.073,0.155,0.082,0.162,0.091,-0.071,0.092,0.169,0.077,0.071
58,2,0.07,0.502,0.432,0.068,0.309,0.241,0.097,0.194,0.097,0.117,0.145,0.028,0.081,0.405,0.324,0.073,0.096,0.023,0.167,0.136,-0.031,0.099,0.292,0.193,0.057
58,3,0.062,0.743,0.681,0.065,0.317,0.252,0.102,0.212,0.11,0.118,0.205,0.087,0.099,0.315,0.216,0.054,0.075,0.021,0.138,0.153,0.015,0.081,0.207,0.126,0.062
58,4,0.072,0.26,0.188,0.06,0.358,0.298,0.125,0.233,0.108,0.141,0.251,0.11,0.091,0.487,0.396,0.073,0.145,0.072,0.143,0.2,0.057,0.072,0.309,0.237,0.06
58,5,0.07,0.453,0.383,0.065,0.224,0.159,0.096,0.207,0.111,0.094,0.225,0.131,0.114,0.389,0.275,0.076,0.094,0.018,0.115,0.091,-0.024,0.11,0.292,0.182,0.06
58,7,0.073,0.347,0.274,0.068,0.263,0.195,0.097,0.199,0.102,0.11,0.177,0.067,0.091,0.479,0.388,0.062,0.101,0.039,0.133,0.179,0.046,0.099,0.264,0.165,0.067
58,8,0.075,0.339,0.264,0.073,0.264,0.191,0.104,0.212,0.108,0.099,0.178,0.079,0.107,0.392,0.285,0.081,0.112,0.031,0.149,0.127,-0.022,0.108,0.264,0.156,0.063
58,9,0.072,0.34,0.268,0.065,0.221,0.156,0.113,0.269,0.156,0.105,0.174,0.069,0.086,0.379,0.293,0.067,0.091,0.024,0.143,0.161,0.018,0.08,0.271,0.191,0.067
58,10,0.075,0.347,0.272,0.06,0.212,0.152,0.12,0.235,0.115,0.11,0.195,0.085,0.07,0.317,0.247,0.067,0.085,0.018,0.133,0.151,0.018,0.089,0.269,0.18,0.062
61,2,0.107,0.33,0.223,0.186,0.358,0.172,0.12,0.156,0.036,0.147,0.065,-0.082,0.134,0.265,0.131,0.11,0.171,0.061,0.147,0.055,-0.092,0.137,0.162,0.025,0.1
61,3,0.114,0.176,0.062,0.156,0.295,0.139,0.109,0.169,0.06,0.134,0.065,-0.069,0.129,0.29,0.161,0.115,0.174,0.059,0.132,0.047,-0.085,0.155,0.212,0.057,0.08
61,4,0.119,0.287,0.168,0.144,0.261,0.117,0.102,0.163,0.061,0.148,0.058,-0.09,0.15,0.304,0.154,0.125,0.192,0.067,0.134,0.049,-0.085,0.158,0.254,0.096,0.114
61,5,0.096,0.245,0.149,0.164,0.321,0.157,0.084,0.135,0.051,0.166,0.073,-0.093,0.14,0.296,0.156,0.131,0.205,0.074,0.137,0.047,-0.09,0.143,0.155,0.012,0.091
61,7,0.133,0.14,0.007,0.128,0.246,0.118,0.121,0.195,0.074,0.155,0.07,-0.085,0.132,0.286,0.154,0.133,0.205,0.072,0.137,0.052,-0.085,0.135,0.147,0.012,0.097
61,8,0.122,0.142,0.02,0.134,0.277,0.143,0.112,0.189,0.077,0.156,0.071,-0.085,0.184,0.344,0.16,0.114,0.183,0.069,0.153,0.052,-0.101,0.151,0.129,-0.022,0.115
61,9,0.122,0.168,0.046,0.139,0.252,0.113,0.119,0.171,0.052,0.15,0.073,-0.077,0.139,0.288,0.149,0.11,0.179,0.069,0.137,0.044,-0.093,0.13,0.148,0.018,0.093
61,10,0.114,0.173,0.059,0.141,0.244,0.103,0.102,0.135,0.033,0.151,0.102,-0.049,0.068,0.564,0.496,0.12,0.179,0.059,0.132,0.055,-0.077,0.124,0.141,0.017,0.094
64,2,0.084,0.438,0.354,0.082,0.242,0.16,0.102,0.232,0.13,0.089,0.213,0.124,0.1,0.232,0.132,0.079,0.19,0.111,0.118,0.235,0.117,0.102,1.048,0.946,0.081
64,3,0.102,0.537,0.435,0.084,0.203,0.119,0.1,0.266,0.166,0.118,0.229,0.111,0.1,0.234,0.134,0.079,0.178,0.099,0.102,0.21,0.108,0.108,0.771,0.663,0.09
64,4,0.089,0.353,0.264,0.078,0.263,0.185,0.105,0.262,0.157,0.084,0.195,0.111,0.095,0.224,0.129,0.079,0.17,0.091,0.094,0.219,0.125,0.105,0.286,0.181,0.086
64,5,0.092,0.394,0.302,0.09,0.455,0.365,0.108,0.309,0.201,0.113,0.23,0.117,0.105,0.201,0.096,0.086,0.153,0.067,0.1,0.209,0.109,0.11,0.286,0.176,0.098
64,7,0.099,0.335,0.236,0.081,0.211,0.13,0.099,0.239,0.14,0.095,0.229,0.134,0.108,0.225,0.117,0.078,0.143,0.065,0.131,0.245,0.114,0.111,0.243,0.132,0.097
64,8,0.091,0.301,0.21,0.079,0.193,0.114,0.105,0.237,0.132,0.086,0.213,0.127,0.108,0.222,0.114,0.086,0.174,0.088,0.121,0.243,0.122,0.113,0.54,0.427,0.087
64,9,0.086,0.322,0.236,0.084,0.215,0.131,0.103,0.284,0.181,0.116,0.25,0.134,0.1,0.155,0.055,0.086,0.159,0.073,0.126,0.245,0.119,0.113,0.408,0.295,0.1
64,10,0.091,0.309,0.218,0.089,0.273,0.184,0.11,0.271,0.161,0.079,0.179,0.1,0.106,0.235,0.129,0.084,0.161,0.077,0.106,0.232,0.126,0.108,0.282,0.174,0.089
67,2,0.086,0.332,0.246,0.11,0.172,0.062,0.132,0.225,0.093,0.129,0.217,0.088,0.12,0.242,0.122,0.153,0.116,-0.037,0.129,0.212,0.083,0.087,0.169,0.082,0.148
67,3,0.094,0.319,0.225,0.1,0.248,0.148,0.113,0.2,0.087,0.126,0.215,0.089,0.123,0.26,0.137,0.145,0.121,-0.024,0.113,0.196,0.083,0.076,0.175,0.099,0.126
67,4,0.094,0.335,0.241,0.084,0.167,0.083,0.118,0.219,0.101,0.115,0.208,0.093,0.135,0.223,0.088,0.139,0.117,-0.022,0.114,0.199,0.085,0.079,0.18,0.101,0.124
67,5,0.118,0.364,0.246,0.092,0.159,0.067,0.105,0.193,0.088,0.118,0.206,0.088,0.137,0.202,0.065,0.134,0.139,0.005,0.11,0.198,0.088,0.081,0.172,0.091,0.166
67,7,0.097,0.366,0.269,0.079,0.18,0.101,0.126,0.213,0.087,0.116,0.196,0.08,0.145,0.22,0.075,0.153,0.116,-0.037,0.116,0.206,0.09,0.1,0.204,0.104,0.147
67,8,0.11,0.361,0.251,0.087,0.13,0.043,0.132,0.212,0.08,0.152,0.23,0.078,0.166,0.331,0.165,0.14,0.123,-0.017,0.13,0.213,0.083,0.11,0.245,0.135,0.152
67,9,0.104,0.332,0.228,0.116,0.134,0.018,0.139,0.232,0.093,0.137,0.225,0.088,0.137,0.225,0.088,0.118,0.156,0.038,0.143,0.233,0.09,0.089,0.317,0.228,0.184
67,10,0.097,0.348,0.251,0.115,0.149,0.034,0.139,0.222,0.083,0.139,0.23,0.091,0.137,0.209,0.072,0.134,0.123,-0.011,0.124,0.212,0.088,0.089,0.195,0.106,0.147
70,2,0.078,0.407,0.329,0.08,0.296,0.216,0.125,0.236,0.111,0.147,0.073,-0.074,0.123,0.229,0.106,0.102,0.197,0.095,0.139,0.07,-0.069,0.118,0.563,0.445,0.081
70,3,0.093,0.306,0.213,0.092,0.246,0.154,0.12,0.248,0.128,0.161,0.084,-0.077,0.108,0.236,0.128,0.11,0.205,0.095,0.142,0.067,-0.075,0.121,0.196,0.075,0.125
70,4,0.08,0.201,0.121,0.094,0.343,0.249,0.131,0.274,0.143,0.173,0.125,-0.048,0.124,0.499,0.375,0.097,0.215,0.118,0.123,0.057,-0.066,0.103,0.121,0.018,0.091
70,5,0.112,0.098,-0.014,0.087,0.215,0.128,0.115,0.231,0.116,0.12,0.075,-0.045,0.097,0.236,0.139,0.099,0.215,0.116,0.118,0.062,-0.056,0.1,0.113,0.013,0.086
70,7,0.08,0.201,0.121,0.091,0.279,0.188,0.138,0.267,0.129,0.149,0.098,-0.051,0.103,0.45,0.347,0.076,0.124,0.048,0.124,0.063,-0.061,0.097,0.11,0.013,0.083
70,8,0.096,0.186,0.09,0.091,0.23,0.139,0.101,0.243,0.142,0.131,0.057,-0.074,0.129,0.317,0.188,0.088,0.158,0.07,0.107,0.057,-0.05,0.094,0.11,0.016,0.093
70,9,0.104,0.173,0.069,0.094,0.23,0.136,0.094,0.225,0.131,0.16,0.102,-0.058,0.12,0.475,0.355,0.092,0.156,0.064,0.11,0.06,-0.05,0.097,0.076,-0.021,0.109
70,10,0.083,0.119,0.036,0.089,0.232,0.143,0.102,0.217,0.115,0.132,0.084,-0.048,0.087,0.405,0.318,0.086,0.184,0.098,0.118,0.065,-0.053,0.116,0.134,0.018,0.101
73,2,0.07,0.262,0.192,0.089,0.128,0.039,0.093,0.183,0.09,0.052,0.07,0.018,0.073,0.168,0.095,0.099,0.078,-0.021,0.06,0.127,0.067,0.073,0.102,0.029,0.125
73,3,0.075,0.311,0.236,0.076,0.101,0.025,0.092,0.197,0.105,0.081,0.14,0.059,0.091,0.14,0.049,0.086,0.069,-0.017,0.095,0.139,0.044,0.088,0.16,0.072,0.091
73,4,0.075,0.278,0.203,0.084,0.274,0.19,0.101,0.186,0.085,0.06,0.145,0.085,0.078,0.145,0.067,0.094,0.06,-0.034,0.083,0.173,0.09,0.058,0.116,0.058,0.097
73,5,0.086,0.299,0.213,0.078,0.091,0.013,0.07,0.165,0.095,0.063,0.15,0.087,0.073,0.158,0.085,0.088,0.077,-0.011,0.087,0.146,0.059,0.081,0.142,0.061,0.105
73,7,0.083,0.304,0.221,0.083,0.145,0.062,0.12,0.192,0.072,0.07,0.152,0.082,0.081,0.125,0.044,0.094,0.117,0.023,0.086,0.162,0.076,0.071,0.112,0.041,0.159
73,8,0.098,0.26,0.162,0.084,0.122,0.038,0.091,0.186,0.095,0.055,0.127,0.072,0.102,0.14,0.038,0.084,0.101,0.017,0.076,0.133,0.057,0.086,0.173,0.087,0.107
73,9,0.101,0.361,0.26,0.096,0.153,0.057,0.117,0.282,0.165,0.101,0.186,0.085,0.073,0.142,0.069,0.102,0.12,0.018,0.078,0.153,0.075,0.068,0.147,0.079,0.164
73,10,0.088,0.258,0.17,0.083,0.064,-0.019,0.085,0.182,0.097,0.081,0.163,0.082,0.06,0.14,0.08,0.096,0.111,0.015,0.086,0.145,0.059,0.078,0.143,0.065,0.112
76,2,0.101,0.23,0.129,0.096,0.294,0.198,0.102,0.231,0.129,0.101,0.25,0.149,0.081,0.281,0.2,0.076,0.243,0.167,0.083,0.181,0.098,0.075,0.24,0.165,0.096
76,3,0.101,0.26,0.159,0.089,0.4,0.311,0.096,0.323,0.227,0.102,0.358,0.256,0.092,0.264,0.172,0.086,0.217,0.131,0.078,0.178,0.1,0.068,0.186,0.118,0.091
76,4,0.109,0.268,0.159,0.084,0.325,0.241,0.11,0.303,0.193,0.096,0.248,0.152,0.07,0.24,0.17,0.08,0.247,0.167,0.078,0.202,0.124,0.088,0.245,0.157,0.107
76,5,0.104,0.299,0.195,0.089,0.994,0.905,0.078,0.559,0.481,0.083,0.235,0.152,0.076,1.034,0.958,0.081,0.246,0.165,0.091,0.212,0.121,0.073,0.291,0.218,0.086
76,7,0.101,0.232,0.131,0.076,0.341,0.265,0.088,0.24,0.152,0.096,0.266,0.17,0.076,0.24,0.164,0.088,0.212,0.124,0.094,0.202,0.108,0.085,0.355,0.27,0.092
76,8,0.088,0.183,0.095,0.081,0.567,0.486,0.086,0.418,0.332,0.099,0.327,0.228,0.097,0.793,0.696,0.073,0.266,0.193,0.086,0.197,0.111,0.08,0.466,0.386,0.078
76,9,0.098,0.229,0.131,0.084,0.395,0.311,0.091,0.289,0.198,0.088,0.248,0.16,0.102,0.487,0.385,0.086,0.292,0.206,0.089,0.212,0.123,0.083,0.361,0.278,0.094
76,10,0.104,0.253,0.149,0.086,0.446,0.36,0.096,0.397,0.301,0.096,0.317,0.221,0.089,0.302,0.213,0.076,0.258,0.182,0.089,0.202,0.113,0.083,0.451,0.368,0.086
79,2,0.09,0.363,0.273,0.094,0.297,0.203,0.081,0.212,0.131,0.131,0.068,-0.063,0.1,0.315,0.215,0.089,0.171,0.082,0.121,0.042,-0.079,0.132,0.283,0.151,0.128
79,3,0.086,0.281,0.195,0.081,0.227,0.146,0.081,0.184,0.103,0.102,0.065,-0.037,0.081,0.238,0.157,0.094,0.178,0.084,0.095,0.037,-0.058,0.1,0.532,0.432,0.104
79,4,0.088,0.441,0.353,0.083,0.191,0.108,0.091,0.25,0.159,0.108,0.063,-0.045,0.086,0.295,0.209,0.086,0.206,0.12,0.09,0.045,-0.045,0.107,0.359,0.252,0.112
79,5,0.085,0.307,0.222,0.07,0.206,0.136,0.073,0.199,0.126,0.102,0.065,-0.037,0.092,0.308,0.216,0.075,0.175,0.1,0.095,0.047,-0.048,0.1,0.504,0.404,0.093
79,7,0.083,0.276,0.193,0.067,0.247,0.18,0.099,0.23,0.131,0.095,0.047,-0.048,0.1,0.336,0.236,0.076,0.178,0.102,0.106,0.053,-0.053,0.11,0.272,0.162,0.102
79,8,0.08,0.283,0.203,0.065,0.184,0.119,0.091,0.188,0.097,0.1,0.073,-0.027,0.087,0.331,0.244,0.075,0.188,0.113,0.113,0.06,-0.053,0.113,0.509,0.396,0.107
79,9,0.083,0.309,0.226,0.081,0.77,0.689,0.081,0.276,0.195,0.078,0.042,-0.036,0.081,0.292,0.211,0.072,0.16,0.088,0.086,0.044,-0.042,0.09,0.436,0.346,0.092
79,10,0.091,0.265,0.174,0.084,0.123,0.039,0.086,0.196,0.11,0.092,0.055,-0.037,0.105,0.284,0.179,0.079,0.174,0.095,0.091,0.047,-0.044,0.102,0.425,0.323,0.11
82,2,0.091,0.595,0.504,0.101,0.587,0.486,0.091,0.217,0.126,0.094,0.215,0.121,0.081,0.479,0.398,0.107,0.315,0.208,0.099,0.187,0.088,0.081,0.51,0.429,0.089
82,3,0.093,0.741,0.648,0.084,0.603,0.519,0.083,1.259,1.176,0.096,0.464,0.368,0.086,0.289,0.203,0.086,0.297,0.211,0.094,0.222,0.128,0.081,0.523,0.442,0.089
82,4,0.094,0.425,0.331,0.089,0.549,0.46,0.094,0.845,0.751,0.102,1.145,1.043,0.089,0.357,0.268,0.088,0.371,0.283,0.104,0.269,0.165,0.08,1.618,1.538,0.107
82,5,0.101,2.063,1.962,0.104,0.606,0.502,0.097,1.025,0.928,0.101,0.685,0.584,0.094,0.377,0.283,0.099,0.361,0.262,0.099,0.281,0.182,0.076,0.616,0.54,0.097
82,7,0.099,0.43,0.331,0.092,0.397,0.305,0.092,0.218,0.126,0.083,0.271,0.188,0.078,0.373,0.295,0.086,0.295,0.209,0.099,0.214,0.115,0.089,0.539,0.45,0.094
82,8,0.101,0.412,0.311,0.091,0.395,0.304,0.088,0.212,0.124,0.081,0.217,0.136,0.078,0.322,0.244,0.078,0.356,0.278,0.086,0.381,0.295,0.081,1.059,0.978,0.078
82,9,0.091,0.402,0.311,0.094,0.376,0.282,0.086,0.199,0.113,0.089,0.21,0.121,0.078,0.268,0.19,0.089,0.294,0.205,0.081,0.282,0.201,0.083,0.461,0.378,0.094
82,10,0.078,0.368,0.29,0.089,0.361,0.272,0.089,0.22,0.131,0.081,0.204,0.123,0.073,0.338,0.265,0.086,0.317,0.231,0.092,0.204,0.112,0.079,0.48,0.401,0.086
85,2,0.096,0.237,0.141,0.094,0.12,0.026,0.091,0.171,0.08,0.059,0.083,0.024,0.078,0.175,0.097,0.102,0.123,0.021,0.067,0.098,0.031,0.076,0.497,0.421,0.091
85,3,0.083,0.263,0.18,0.088,0.134,0.046,0.099,0.166,0.067,0.084,0.089,0.005,0.073,0.168,0.095,0.099,0.112,0.013,0.052,0.093,0.041,0.075,0.384,0.309,0.109
85,4,0.078,0.317,0.239,0.096,0.124,0.028,0.089,0.181,0.092,0.055,0.081,0.026,0.067,0.168,0.101,0.089,0.098,0.009,0.05,0.112,0.062,0.07,0.268,0.198,0.19
85,5,0.083,0.268,0.185,0.088,0.109,0.021,0.078,0.163,0.085,0.054,0.072,0.018,0.084,0.163,0.079,0.097,0.107,0.01,0.057,0.109,0.052,0.07,0.291,0.221,0.146
85,7,0.08,0.237,0.157,0.099,0.07,-0.029,0.092,0.177,0.085,0.052,0.08,0.028,0.075,0.163,0.088,0.099,0.082,-0.017,0.071,0.115,0.044,0.071,0.261,0.19,0.133
85,8,0.075,0.273,0.198,0.089,0.106,0.017,0.066,0.148,0.082,0.065,0.093,0.028,0.078,0.176,0.098,0.092,0.096,0.004,0.044,0.098,0.054,0.078,0.274,0.196,0.133
85,9,0.086,0.255,0.169,0.081,0.106,0.025,0.078,0.148,0.07,0.065,0.093,0.028,0.076,0.163,0.087,0.112,0.101,-0.011,0.076,0.12,0.044,0.091,0.284,0.193,0.141
85,10,0.075,0.247,0.172,0.086,0.104,0.018,0.076,0.148,0.072,0.065,0.083,0.018,0.07,0.155,0.085,0.104,0.093,-0.011,0.071,0.114,0.043,0.073,0.356,0.283,0.303
88,2,0.104,0.314,0.21,0.115,0.568,0.453,0.128,0.279,0.151,0.155,0.123,-0.032,0.152,0.733,0.581,0.131,0.277,0.146,0.152,0.11,-0.042,0.147,1.204,1.057,0.104
88,3,0.099,0.235,0.136,0.117,0.691,0.574,0.135,0.253,0.118,0.147,0.115,-0.032,0.134,0.319,0.185,0.115,0.225,0.11,0.139,0.112,-0.027,0.113,0.131,0.018,0.128
88,4,0.104,0.194,0.09,0.135,0.313,0.178,0.138,0.246,0.108,0.183,0.133,-0.05,0.16,1.24,1.08,0.141,0.272,0.131,0.144,0.099,-0.045,0.134,0.142,0.008,0.133
88,5,0.117,0.315,0.198,0.13,0.328,0.198,0.139,0.236,0.097,0.186,0.144,-0.042,0.144,0.679,0.535,0.115,0.323,0.208,0.185,0.169,-0.016,0.147,0.451,0.304,0.13
88,7,0.101,0.317,0.216,0.11,0.506,0.396,0.101,0.215,0.114,0.186,0.135,-0.051,0.15,0.384,0.234,0.115,0.233,0.118,0.125,0.081,-0.044,0.136,0.18,0.044,0.146
88,8,0.101,0.415,0.314,0.136,0.491,0.355,0.14,0.308,0.168,0.17,0.117,-0.053,0.163,0.754,0.591,0.141,0.269,0.128,0.155,0.097,-0.058,0.147,0.232,0.085,0.138
88,9,0.106,0.343,0.237,0.138,0.354,0.216,0.146,0.306,0.16,0.152,0.099,-0.053,0.144,0.355,0.211,0.042,0.695,0.653,0.149,0.096,-0.053,0.153,0.834,0.681,0.112
88,10,0.114,0.863,0.749,0.143,0.308,0.165,0.125,0.243,0.118,0.168,0.107,-0.061,0.163,0.603,0.44,0.12,0.233,0.113,0.157,0.083,-0.074,0.137,0.188,0.051,0.139
91,2,0.07,0.299,0.229,0.081,0.346,0.265,0.086,0.253,0.167,0.139,0.078,-0.061,0.129,0.314,0.185,0.034,0.057,0.023,0.144,0.112,-0.032,0.134,0.857,0.723,0.094
91,3,0.07,0.299,0.229,0.073,0.163,0.09,0.086,0.178,0.092,0.137,0.084,-0.053,0.086,0.225,0.139,0.097,0.13,0.033,0.153,0.094,-0.059,0.11,0.131,0.021,0.133
91,4,0.078,0.294,0.216,0.091,0.122,0.031,0.083,0.173,0.09,0.144,0.097,-0.047,0.079,0.254,0.175,0.08,0.152,0.072,0.124,0.068,-0.056,0.1,0.213,0.113,0.115
91,5,0.073,0.273,0.2,0.073,0.148,0.075,0.086,0.183,0.097,0.14,0.079,-0.061,0.097,0.264,0.167,0.11,0.164,0.054,0.125,0.088,-0.037,0.108,0.139,0.031,0.109
91,7,0.067,0.294,0.227,0.075,0.206,0.131,0.095,0.187,0.092,0.165,0.094,-0.071,0.118,0.273,0.155,0.083,0.135,0.052,0.086,0.392,0.306,0.081,0.17,0.089,0.139
91,8,0.065,0.466,0.401,0.075,0.117,0.042,0.101,0.158,0.057,0.263,0.099,-0.164,0.13,0.594,0.464,0.138,0.243,0.105,0.11,0.068,-0.042,0.11,0.183,0.073,0.138
91,9,0.075,0.286,0.211,0.078,0.124,0.046,0.092,0.184,0.092,0.147,0.099,-0.048,0.148,0.333,0.185,0.07,0.116,0.046,0.129,0.094,-0.035,0.105,0.175,0.07,0.104
91,10,0.072,0.342,0.27,0.092,0.161,0.069,0.102,0.215,0.113,0.134,0.086,-0.048,0.121,0.262,0.141,0.097,0.115,0.018,0.144,0.107,-0.037,0.084,0.158,0.074,0.107
92,2,0.083,0.26,0.177,0.079,0.215,0.136,0.195,0.099,-0.096,0.128,0.064,-0.064,0.09,0.241,0.151,0.124,0.068,-0.056,0.142,0.092,-0.05,0.1,0.069,-0.031,0.097
92,3,0.083,0.415,0.332,0.083,0.25,0.167,0.189,0.136,-0.053,0.135,0.087,-0.048,0.079,0.235,0.156,0.145,0.087,-0.058,0.124,0.044,-0.08,0.141,0.109,-0.032,0.118
92,4,0.122,0.282,0.16,0.083,0.307,0.224,0.196,0.159,-0.037,0.132,0.087,-0.045,0.099,0.398,0.299,0.094,0.189,0.095,0.134,0.07,-0.064,0.108,0.123,0.015,0.136
92,5,0.077,0.245,0.168,0.073,0.168,0.095,0.176,0.117,-0.059,0.156,0.111,-0.045,0.089,0.246,0.157,0.091,0.153,0.062,0.126,0.083,-0.043,0.079,0.063,-0.016,0.128
92,7,0.091,0.245,0.154,0.078,0.225,0.147,0.193,0.177,-0.016,0.111,0.076,-0.035,0.086,0.305,0.219,0.107,0.076,-0.031,0.116,0.06,-0.056,0.123,0.139,0.016,0.102
92,8,0.086,0.253,0.167,0.073,0.189,0.116,0.151,0.104,-0.047,0.15,0.11,-0.04,0.084,0.339,0.255,0.088,0.248,0.16,0.113,0.06,-0.053,0.092,0.11,0.018,0.109
92,9,0.075,0.33,0.255,0.073,0.253,0.18,0.201,0.162,-0.039,0.121,0.078,-0.043,0.079,0.311,0.232,0.131,0.094,-0.037,0.131,0.065,-0.066,0.114,0.118,0.004,0.092
92,10,0.088,0.268,0.18,0.081,0.184,0.103,0.181,0.117,-0.064,0.122,0.082,-0.04,0.084,0.352,0.268,0.135,0.109,-0.026,0.1,0.052,-0.048,0.105,0.126,0.021,0.106
95,2,0.119,0.428,0.309,0.123,0.151,0.028,0.123,0.239,0.116,0.127,0.227,0.1,0.128,0.411,0.283,0.161,0.086,-0.075,0.206,0.182,-0.024,0.149,0.334,0.185,0.107
95,3,0.138,0.354,0.216,0.117,0.483,0.366,0.104,0.212,0.108,0.197,0.099,-0.098,0.177,0.362,0.185,0.213,0.112,-0.101,0.249,0.145,-0.104,0.174,0.305,0.131,0.131
95,4,0.156,0.313,0.157,0.118,0.274,0.156,0.152,0.247,0.095,0.203,0.099,-0.104,0.193,0.385,0.192,0.208,0.113,-0.095,0.23,0.129,-0.101,0.169,0.356,0.187,0.113
95,5,0.159,0.295,0.136,0.118,0.223,0.105,0.154,0.308,0.154,0.19,0.089,-0.101,0.174,0.411,0.237,0.252,0.133,-0.119,0.296,0.187,-0.109,0.18,0.329,0.149,0.143
95,7,0.135,0.284,0.149,0.128,0.221,0.093,0.164,0.277,0.113,0.192,0.092,-0.1,0.179,0.331,0.152,0.329,0.133,-0.196,0.295,0.161,-0.134,0.165,1.056,0.891,0.127
95,8,0.112,0.48,0.368,0.08,0.186,0.106,0.167,0.314,0.147,0.241,0.167,-0.074,0.173,0.361,0.188,0.256,0.131,-0.125,0.29,0.103,-0.187,0.231,0.419,0.188,0.123
95,9,0.093,0.502,0.409,0.073,0.387,0.314,0.159,0.285,0.126,0.269,0.113,-0.156,0.219,0.389,0.17,0.245,0.102,-0.143,0.247,0.127,-0.12,0.178,0.332,0.154,0.17
95,10,0.117,0.312,0.195,0.11,0.172,0.062,0.146,0.241,0.095,0.219,0.07,-0.149,0.18,0.417,0.237,0.248,0.102,-0.146,0.231,0.111,-0.12,0.18,0.329,0.149,0.139
98,2,0.112,1.164,1.052,0.107,0.341,0.234,0.154,15.524,15.37,0.128,0.231,0.103,0.107,0.22,0.113,0.101,0.204,0.103,0.141,0.275,0.134,0.128,0.725,0.597,0.143
98,3,0.075,0.245,0.17,0.091,0.168,0.077,0.11,0.254,0.144,0.102,0.209,0.107,0.12,0.151,0.031,0.097,0.12,0.023,0.088,0.184,0.096,0.107,0.209,0.102,0.115
98,4,0.083,0.304,0.221,0.084,0.145,0.061,0.115,0.233,0.118,0.107,0.264,0.157,0.104,0.217,0.113,0.1,0.197,0.097,0.118,0.189,0.071,0.118,0.241,0.123,0.079
98,5,0.081,0.263,0.182,0.078,0.13,0.052,0.104,0.266,0.162,0.13,0.274,0.144,0.079,0.271,0.192,0.105,0.21,0.105,0.128,0.2,0.072,0.12,0.174,0.054,0.104
98,7,0.08,0.239,0.159,0.076,0.714,0.638,0.141,0.548,0.407,0.104,0.183,0.079,0.105,0.218,0.113,0.084,0.176,0.092,0.125,0.189,0.064,0.128,0.208,0.08,0.117
98,8,0.08,0.253,0.173,0.075,0.134,0.059,0.12,0.256,0.136,0.118,0.226,0.108,0.099,0.215,0.116,0.12,0.23,0.11,0.105,0.192,0.087,0.112,0.202,0.09,0.102
98,9,0.085,0.271,0.186,0.112,0.13,0.018,0.112,0.22,0.108,0.102,0.215,0.113,0.104,0.652,0.548,0.117,0.101,-0.016,0.103,0.195,0.092,0.136,0.295,0.159,0.084
98,10,0.086,0.261,0.175,0.086,0.173,0.087,0.083,0.212,0.129,0.099,0.194,0.095,0.099,0.233,0.134,0.083,0.173,0.09,0.123,0.197,0.074,0.105,0.251,0.146,0.089
101,2,0.099,0.322,0.223,0.112,0.295,0.183,0.128,0.223,0.095,0.138,0.127,-0.011,0.137,0.342,0.205,0.136,0.122,-0.014,0.193,0.15,-0.043,0.127,0.131,0.004,0.12
101,3,0.093,0.145,0.052,0.128,1.375,1.247,0.099,0.279,0.18,0.11,0.195,0.085,0.117,0.307,0.19,0.147,0.157,0.01,0.175,0.154,-0.021,0.136,0.159,0.023,0.141
101,4,0.114,0.14,0.026,0.162,0.311,0.149,0.133,0.241,0.108,0.189,0.133,-0.056,0.124,0.429,0.305,0.14,0.144,0.004,0.165,0.124,-0.041,0.151,0.184,0.033,0.167
101,5,0.109,0.307,0.198,0.112,0.39,0.278,0.138,0.254,0.116,0.159,0.262,0.103,0.11,0.323,0.213,0.13,0.236,0.106,0.13,0.31,0.18,0.146,0.311,0.165,0.136
101,7,0.093,0.53,0.437,0.115,0.491,0.376,0.112,0.207,0.095,0.115,0.207,0.092,0.113,0.506,0.393,0.136,0.102,-0.034,0.191,0.172,-0.019,0.134,0.098,-0.036,0.149
101,8,0.106,0.268,0.162,0.123,0.429,0.306,0.149,0.339,0.19,0.205,0.131,-0.074,0.165,0.407,0.242,0.141,0.11,-0.031,0.186,0.235,0.049,0.132,0.413,0.281,0.117
101,9,0.099,0.258,0.159,0.12,0.452,0.332,0.13,0.23,0.1,0.134,0.383,0.249,0.107,0.346,0.239,0.151,0.193,0.042,0.178,0.138,-0.04,0.144,0.429,0.285,0.105
101,10,0.091,0.523,0.432,0.122,0.611,0.489,0.107,0.215,0.108,0.144,0.21,0.066,0.126,0.329,0.203,0.149,0.12,-0.029,0.257,0.178,-0.079,0.142,0.175,0.033,0.16
104,2,0.123,0.496,0.373,0.123,0.193,0.07,0.1,0.257,0.157,0.126,0.253,0.127,0.1,0.279,0.179,0.121,0.312,0.191,0.259,0.163,-0.096,0.157,0.799,0.642,0.134
104,3,0.139,0.516,0.377,0.124,0.186,0.062,0.118,0.276,0.158,0.129,0.25,0.121,0.1,0.271,0.171,0.118,0.268,0.15,0.235,0.14,-0.095,0.156,0.275,0.119,0.116
104,4,0.107,0.41,0.303,0.102,0.208,0.106,0.113,0.258,0.145,0.118,0.268,0.15,0.098,0.281,0.183,0.116,0.292,0.176,0.233,0.126,-0.107,0.151,0.307,0.156,0.134
104,5,0.126,0.441,0.315,0.139,0.215,0.076,0.107,0.265,0.158,0.116,0.25,0.134,0.129,0.289,0.16,0.118,0.214,0.096,0.222,0.134,-0.088,0.151,1.014,0.863,0.144
104,7,0.131,0.498,0.367,0.119,0.201,0.082,0.108,0.274,0.166,0.139,0.294,0.155,0.095,0.292,0.197,0.11,0.283,0.173,0.246,0.131,-0.115,0.173,0.328,0.155,0.129
104,8,0.12,0.426,0.306,0.113,0.177,0.064,0.119,0.266,0.147,0.129,0.263,0.134,0.105,0.322,0.217,0.124,0.222,0.098,0.254,0.166,-0.088,0.143,0.278,0.135,0.152
104,9,0.097,0.485,0.388,0.097,0.221,0.124,0.118,0.284,0.166,0.129,0.276,0.147,0.105,0.297,0.192,0.087,0.203,0.116,0.23,0.142,-0.088,0.162,0.617,0.455,0.166
104,10,0.123,0.447,0.324,0.099,0.185,0.086,0.102,0.262,0.16,0.116,0.261,0.145,0.113,0.258,0.145,0.11,0.218,0.108,0.241,0.156,-0.085,0.153,0.355,0.202,0.145
