2,2,0.208,0.139,-0.069,0.125,0.173,0.048,0.114,0.126,0.012,0.055,0.275,0.22,0.116,0.214,0.098,0.085,0.243,0.158,0.264,0.102,-0.162,0.117,0.449,0.332,0.1,0.553,0.453,0.092,0.172,0.08,0.241,0.119,-0.122,0.13,0.311,0.181,0.14,1.177,1.037,0.079,0.175,0.096,0.102,0.088,-0.014,0.117,0.399,0.282,0.097,0.265,0.168,0.141,0.069,-0.072,0.135,0.244,0.109,0.144
2,3,0.216,0.144,-0.072,0.124,0.207,0.083,0.105,0.118,0.013,0.082,0.245,0.163,0.11,0.361,0.251,0.103,0.349,0.246,0.277,0.131,-0.146,0.115,0.371,0.256,0.108,0.388,0.28,0.115,0.151,0.036,0.238,0.135,-0.103,0.132,0.474,0.342,0.153,2.176,2.023,0.107,0.156,0.049,0.116,0.178,0.062,0.087,0.107,0.02,0.118,0.204,0.086,0.145,0.097,-0.048,0.116,0.173,0.057,0.131
2,4,0.195,0.112,-0.083,0.112,0.171,0.059,0.121,0.094,-0.027,0.077,0.276,0.199,0.132,0.16,0.028,0.095,1.478,1.383,0.251,0.119,-0.132,0.101,0.546,0.445,0.087,0.154,0.067,0.147,0.186,0.039,0.227,0.127,-0.1,0.124,0.505,0.381,0.116,0.659,0.543,0.1,0.266,0.166,0.047,0.21,0.163,0.092,0.53,0.438,0.084,0.164,0.08,0.143,0.057,-0.086,0.138,0.446,0.308,0.119
2,5,0.19,0.099,-0.091,0.122,0.174,0.052,0.111,0.079,-0.032,0.095,0.734,0.639,0.098,0.667,0.569,0.074,0.232,0.158,0.238,0.094,-0.144,0.117,0.755,0.638,0.068,0.239,0.171,0.124,0.253,0.129,0.288,0.166,-0.122,0.13,0.291,0.161,0.144,0.618,0.474,0.115,0.193,0.078,0.108,0.147,0.039,0.115,0.104,-0.011,0.085,0.121,0.036,0.116,0.152,0.036,0.126,0.24,0.114,0.131
2,7,0.321,0.221,-0.1,0.114,0.207,0.093,0.126,0.105,-0.021,0.1,0.281,0.181,0.092,0.131,0.039,0.089,0.294,0.205,0.225,0.071,-0.154,0.123,0.327,0.204,0.116,0.447,0.331,0.09,0.141,0.051,0.22,0.116,-0.104,0.135,0.306,0.171,0.147,0.709,0.562,0.108,0.089,-0.019,0.133,0.15,0.017,0.135,0.087,-0.048,0.119,0.132,0.013,0.155,0.121,-0.034,0.142,0.632,0.49,0.121
2,8,0.182,0.1,-0.082,0.111,0.178,0.067,0.118,0.105,-0.013,0.085,0.183,0.098,0.094,0.115,0.021,0.087,0.255,0.168,0.241,0.087,-0.154,0.133,0.402,0.269,0.092,0.372,0.28,0.11,0.142,0.032,0.221,0.118,-0.103,0.114,0.414,0.3,0.137,0.414,0.277,0.134,0.549,0.415,0.102,0.122,0.02,0.122,0.134,0.012,0.111,0.178,0.067,0.14,0.098,-0.042,0.155,0.551,0.396,0.145
2,9,0.277,0.216,-0.061,0.092,0.136,0.044,0.137,0.125,-0.012,0.093,0.774,0.681,0.103,0.131,0.028,0.082,0.547,0.465,0.317,0.159,-0.158,0.125,0.392,0.267,0.097,0.27,0.173,0.118,0.137,0.019,0.214,0.134,-0.08,0.117,0.326,0.209,0.131,0.437,0.306,0.113,0.18,0.067,0.137,0.191,0.054,0.103,0.108,0.005,0.132,0.486,0.354,0.119,0.053,-0.066,0.121,0.158,0.037,0.126
2,10,0.177,0.097,-0.08,0.116,0.173,0.057,0.092,0.248,0.156,0.107,0.478,0.371,0.105,0.444,0.339,0.081,0.317,0.236,0.188,0.066,-0.122,0.133,0.487,0.354,0.09,0.424,0.334,0.11,0.126,0.016,0.2,0.092,-0.108,0.13,0.28,0.15,0.129,0.587,0.458,0.105,0.26,0.155,0.098,0.191,0.093,0.108,0.089,-0.019,0.113,0.17,0.057,0.148,0.082,-0.066,0.158,0.189,0.031,0.119
5,2,0.315,0.201,-0.114,0.158,0.129,-0.029,0.081,0.192,0.111,0.161,0.22,0.059,0.165,0.242,0.077,0.102,0.285,0.183,0.293,0.172,-0.121,0.135,0.315,0.18,0.115,0.549,0.434,0.099,0.2,0.101,0.208,0.057,-0.151,0.162,1.927,1.765,0.099,0.377,0.278,0.149,0.264,0.115,0.134,0.159,0.025,0.099,0.356,0.257,0.148,0.076,-0.072,0.103,0.19,0.087,0.094,0.166,0.072,0.104
5,3,0.249,0.146,-0.103,0.14,0.123,-0.017,0.092,0.144,0.052,0.151,0.182,0.031,0.133,0.681,0.548,0.107,0.236,0.129,0.35,0.238,-0.112,0.124,0.314,0.19,0.11,0.706,0.596,0.105,0.29,0.185,0.269,0.126,-0.143,0.164,0.364,0.2,0.125,0.488,0.363,0.139,0.321,0.182,0.12,0.164,0.044,0.11,0.189,0.079,0.173,0.112,-0.061,0.124,0.237,0.113,0.099,1.195,1.096,0.118
5,4,0.333,0.211,-0.122,0.164,0.14,-0.024,0.092,0.612,0.52,0.156,0.231,0.075,0.128,0.228,0.1,0.149,0.509,0.36,0.473,0.272,-0.201,0.156,0.537,0.381,0.134,0.854,0.72,0.083,0.112,0.029,0.461,0.358,-0.103,0.147,0.356,0.209,0.12,0.506,0.386,0.214,0.164,-0.05,0.141,0.208,0.067,0.107,0.135,0.028,0.163,0.087,-0.076,0.118,0.221,0.103,0.096,0.605,0.509,0.155
5,5,0.396,0.279,-0.117,0.148,0.621,0.473,0.102,0.141,0.039,0.186,0.117,-0.069,0.137,0.296,0.159,0.094,0.174,0.08,0.483,0.194,-0.289,0.159,0.765,0.606,0.141,0.468,0.327,0.083,0.165,0.082,0.332,0.209,-0.123,0.154,0.357,0.203,0.123,0.846,0.723,0.218,0.164,-0.054,0.154,0.38,0.226,0.125,1.235,1.11,0.17,0.091,-0.079,0.139,0.253,0.114,0.112,0.431,0.319,0.138
5,7,0.411,0.34,-0.071,0.144,0.11,-0.034,0.099,0.133,0.034,0.143,0.478,0.335,0.127,0.737,0.61,0.107,0.161,0.054,0.365,0.209,-0.156,0.143,0.455,0.312,0.112,0.609,0.497,0.101,0.359,0.258,0.307,0.199,-0.108,0.139,0.422,0.283,0.105,0.545,0.44,0.189,0.096,-0.093,0.138,0.199,0.061,0.112,0.184,0.072,0.163,0.097,-0.066,0.137,0.286,0.149,0.115,0.261,0.146,0.175
5,8,0.465,0.416,-0.049,0.123,0.073,-0.05,0.087,0.148,0.061,0.128,0.151,0.023,0.131,0.267,0.136,0.112,0.282,0.17,0.465,0.293,-0.172,0.183,0.389,0.206,0.125,0.717,0.592,0.07,0.132,0.062,0.247,0.175,-0.072,0.152,0.916,0.764,0.134,0.545,0.411,0.182,0.102,-0.08,0.143,0.124,-0.019,0.115,0.174,0.059,0.163,0.094,-0.069,0.113,0.203,0.09,0.121,0.139,0.018,0.13
5,9,0.49,0.371,-0.119,0.15,0.271,0.121,0.173,0.141,-0.032,0.121,0.172,0.051,0.138,0.388,0.25,0.125,0.717,0.592,0.318,0.167,-0.151,0.124,0.307,0.183,0.131,0.334,0.203,0.094,0.215,0.121,0.328,0.217,-0.111,0.14,0.291,0.151,0.118,0.478,0.36,0.164,0.091,-0.073,0.133,0.151,0.018,0.102,0.127,0.025,0.171,0.102,-0.069,0.103,0.188,0.085,0.109,0.158,0.049,0.128
5,10,0.261,0.123,-0.138,0.169,0.248,0.079,0.105,0.073,-0.032,0.142,0.36,0.218,0.178,0.608,0.43,0.109,0.166,0.057,0.305,0.175,-0.13,0.146,0.403,0.257,0.12,1.169,1.049,0.092,0.148,0.056,0.318,0.207,-0.111,0.143,0.289,0.146,0.104,0.359,0.255,0.161,0.099,-0.062,0.12,0.108,-0.012,0.111,0.152,0.041,0.132,0.086,-0.046,0.123,0.224,0.101,0.091,0.662,0.571,0.123
8,2,0.317,0.201,-0.116,0.058,0.594,0.536,0.063,0.296,0.233,0.058,0.109,0.051,0.076,0.822,0.746,0.06,0.379,0.319,0.443,0.324,-0.119,0.069,0.444,0.375,0.055,1.02,0.965,0.076,0.395,0.319,0.349,0.141,-0.208,0.05,1.969,1.919,0.054,1.364,1.31,0.091,1.123,1.032,0.083,0.109,0.026,0.081,0.209,0.128,0.068,0.094,0.026,0.086,0.16,0.074,0.068,0.459,0.391,0.06
8,3,0.303,0.164,-0.139,0.064,0.594,0.53,0.063,0.258,0.195,0.047,0.067,0.02,0.068,0.578,0.51,0.049,0.576,0.527,0.729,0.632,-0.097,0.066,0.828,0.762,0.052,0.844,0.792,0.07,0.389,0.319,0.34,0.238,-0.102,0.058,1.35,1.292,0.07,1.244,1.174,0.096,0.148,0.052,0.075,0.441,0.366,0.078,0.263,0.185,0.06,0.124,0.064,0.078,0.142,0.064,0.076,0.588,0.512,0.065
8,4,0.319,0.188,-0.131,0.058,0.666,0.608,0.062,0.232,0.17,0.057,0.116,0.059,0.034,0.634,0.6,0.065,0.247,0.182,0.325,0.21,-0.115,0.06,0.364,0.304,0.065,0.682,0.617,0.076,0.336,0.26,0.319,0.202,-0.117,0.057,1.288,1.231,0.057,1.49,1.433,0.086,1.375,1.289,0.071,0.099,0.028,0.065,0.232,0.167,0.076,0.064,-0.012,0.074,0.167,0.093,0.07,0.845,0.775,0.039
8,5,0.469,0.143,-0.326,0.047,0.745,0.698,0.058,0.23,0.172,0.052,0.07,0.018,0.052,1.151,1.099,0.07,0.131,0.061,0.546,0.199,-0.347,0.037,0.792,0.755,0.06,0.621,0.561,0.06,0.312,0.252,0.34,0.196,-0.144,0.053,3.597,3.544,0.13,1.154,1.024,0.133,1.006,0.873,0.107,0.806,0.699,0.089,1.216,1.127,0.097,1.144,1.047,0.099,0.778,0.679,0.083,1.416,1.333,0.07
8,7,0.55,0.188,-0.362,0.047,0.625,0.578,0.047,0.471,0.424,0.055,0.137,0.082,0.029,0.926,0.897,0.06,0.725,0.665,0.535,0.367,-0.168,0.092,0.209,0.117,0.06,0.734,0.674,0.075,0.86,0.785,0.304,0.149,-0.155,0.063,0.571,0.508,0.047,0.729,0.682,0.05,0.299,0.249,0.06,0.108,0.048,0.065,0.207,0.142,0.065,0.08,0.015,0.063,0.153,0.09,0.063,0.51,0.447,0.057
8,8,0.3,0.128,-0.172,0.066,0.329,0.263,0.063,0.232,0.169,0.053,0.099,0.046,0.047,0.751,0.704,0.06,0.184,0.124,0.337,0.214,-0.123,0.061,0.406,0.345,0.058,1.089,1.031,0.078,0.23,0.152,0.621,0.537,-0.084,0.066,0.72,0.654,0.047,0.644,0.597,0.057,0.105,0.048,0.074,0.153,0.079,0.057,0.22,0.163,0.059,0.085,0.026,0.089,0.189,0.1,0.062,0.672,0.61,0.057
8,9,0.329,0.227,-0.102,0.066,0.303,0.237,0.054,0.229,0.175,0.063,0.111,0.048,0.066,0.444,0.378,0.06,0.278,0.218,0.416,0.296,-0.12,0.052,0.619,0.567,0.06,0.515,0.455,0.076,0.534,0.458,0.309,0.207,-0.102,0.063,0.392,0.329,0.044,0.664,0.62,0.058,0.178,0.12,0.074,0.138,0.064,0.06,0.219,0.159,0.068,0.098,0.03,0.063,0.153,0.09,0.055,0.394,0.339,0.063
8,10,0.41,0.23,-0.18,0.058,0.373,0.315,0.052,0.294,0.242,0.049,0.075,0.026,0.06,0.623,0.563,0.057,0.32,0.263,0.313,0.206,-0.107,0.058,0.473,0.415,0.052,1.055,1.003,0.055,0.436,0.381,0.238,0.12,-0.118,0.058,0.923,0.865,0.047,0.404,0.357,0.058,0.101,0.043,0.071,0.176,0.105,0.065,0.248,0.183,0.052,0.111,0.059,0.073,0.181,0.108,0.062,0.893,0.831,0.058
11,2,0.526,0.331,-0.195,0.183,0.676,0.493,0.155,0.144,-0.011,0.188,0.255,0.067,0.147,0.849,0.702,0.113,0.631,0.518,0.448,0.153,-0.295,0.23,0.715,0.485,0.176,0.727,0.551,0.166,0.731,0.565,0.539,0.344,-0.195,0.16,0.544,0.384,0.137,2.983,2.846,0.268,0.184,-0.084,0.183,0.738,0.555,0.16,0.06,-0.1,0.114,0.184,0.07,0.173,0.063,-0.11,0.149,0.172,0.023,0.163
11,3,0.647,0.476,-0.171,0.186,0.303,0.117,0.191,0.034,-0.157,0.131,0.183,0.052,0.179,0.274,0.095,0.098,0.914,0.816,0.463,0.22,-0.243,0.212,0.688,0.476,0.177,0.158,-0.019,0.153,0.282,0.129,0.545,0.329,-0.216,0.15,0.44,0.29,0.119,1.315,1.196,0.223,0.129,-0.094,0.17,0.535,0.365,0.169,0.069,-0.1,0.122,0.186,0.064,0.167,0.058,-0.109,0.138,0.514,0.376,0.123
11,4,0.662,0.492,-0.17,0.159,0.31,0.151,0.18,0.044,-0.136,0.15,0.204,0.054,0.181,1.119,0.938,0.115,0.178,0.063,0.397,0.176,-0.221,0.205,0.54,0.335,0.176,0.479,0.303,0.152,0.336,0.184,0.342,0.147,-0.195,0.158,0.428,0.27,0.165,1.235,1.07,0.152,0.289,0.137,0.124,0.186,0.062,0.148,0.116,-0.032,0.105,0.17,0.065,0.162,0.057,-0.105,0.158,0.118,-0.04,0.129
11,5,0.43,0.308,-0.122,0.151,0.239,0.088,0.207,0.039,-0.168,0.144,0.199,0.055,0.174,0.202,0.028,0.113,0.416,0.303,0.436,0.229,-0.207,0.16,0.808,0.648,0.155,0.707,0.552,0.158,0.435,0.277,0.468,0.268,-0.2,0.166,0.399,0.233,0.147,1.334,1.187,0.128,0.556,0.428,0.141,0.112,-0.029,0.164,0.189,0.025,0.114,0.209,0.095,0.191,0.066,-0.125,0.165,0.151,-0.014,0.119
11,7,0.349,0.16,-0.189,0.165,0.303,0.138,0.174,0.079,-0.095,0.103,0.17,0.067,0.185,0.443,0.258,0.137,0.342,0.205,0.671,0.371,-0.3,0.192,0.805,0.613,0.126,0.623,0.497,0.142,0.274,0.132,0.436,0.219,-0.217,0.157,0.336,0.179,0.163,1.153,0.99,0.102,0.219,0.117,0.123,0.136,0.013,0.148,0.116,-0.032,0.1,0.185,0.085,0.138,0.053,-0.085,0.154,0.13,-0.024,0.126
11,8,0.402,0.2,-0.202,0.178,0.298,0.12,0.068,0.306,0.238,0.116,0.229,0.113,0.127,0.298,0.171,0.094,0.636,0.542,0.449,0.242,-0.207,0.155,0.976,0.821,0.129,0.212,0.083,0.142,0.245,0.103,0.36,0.179,-0.181,0.139,0.32,0.181,0.169,1.327,1.158,0.16,0.199,0.039,0.136,0.201,0.065,0.161,0.113,-0.048,0.079,0.198,0.119,0.159,0.082,-0.077,0.172,0.15,-0.022,0.122
11,9,0.285,0.15,-0.135,0.159,0.227,0.068,0.196,0.041,-0.155,0.136,0.183,0.047,0.171,0.213,0.042,0.102,0.332,0.23,0.425,0.15,-0.275,0.244,0.716,0.472,0.183,0.74,0.557,0.129,0.201,0.072,0.302,0.13,-0.172,0.141,0.328,0.187,0.16,0.655,0.495,0.113,0.195,0.082,0.09,0.103,0.013,0.145,0.105,-0.04,0.084,0.138,0.054,0.128,0.069,-0.059,0.143,0.093,-0.05,0.137
11,10,0.407,0.215,-0.192,0.17,0.321,0.151,0.162,0.055,-0.107,0.149,0.216,0.067,0.153,0.277,0.124,0.092,1.092,1,0.514,0.227,-0.287,0.221,0.732,0.511,0.179,0.197,0.018,0.152,0.202,0.05,0.307,0.137,-0.17,0.146,0.299,0.153,0.155,1.189,1.034,0.121,0.222,0.101,0.12,0.139,0.019,0.141,0.12,-0.021,0.087,0.605,0.518,0.143,0.066,-0.077,0.138,0.182,0.044,0.126
14,2,0.342,0.25,-0.092,0.061,0.776,0.715,0.079,0.491,0.412,0.082,0.833,0.751,0.087,0.385,0.298,0.076,0.436,0.36,0.425,0.206,-0.219,0.074,0.724,0.65,0.084,0.512,0.428,0.081,0.268,0.187,0.375,0.266,-0.109,0.072,0.795,0.723,0.079,1.123,1.044,0.074,0.429,0.355,0.076,0.475,0.399,0.076,0.193,0.117,0.084,0.224,0.14,0.148,0.084,-0.064,0.116,0.749,0.633,0.055
14,3,0.327,0.221,-0.106,0.074,0.44,0.366,0.076,0.257,0.181,0.087,0.17,0.083,0.113,1.015,0.902,0.076,0.395,0.319,0.238,0.124,-0.114,0.082,0.433,0.351,0.068,0.254,0.186,0.055,0.281,0.226,0.853,0.731,-0.122,0.069,1.189,1.12,0.087,0.963,0.876,0.1,0.608,0.508,0.09,0.333,0.243,0.074,0.219,0.145,0.081,0.193,0.112,0.134,0.07,-0.064,0.122,0.978,0.856,0.094
14,4,0.387,0.276,-0.111,0.077,0.345,0.268,0.076,0.226,0.15,0.079,0.273,0.194,0.097,0.336,0.239,0.081,0.302,0.221,0.213,0.113,-0.1,0.071,0.403,0.332,0.077,0.284,0.207,0.081,0.193,0.112,0.417,0.316,-0.101,0.069,0.463,0.394,0.076,0.626,0.55,0.086,0.226,0.14,0.074,0.351,0.277,0.071,0.128,0.057,0.081,0.18,0.099,0.137,0.073,-0.064,0.117,0.537,0.42,0.081
14,5,0.914,0.79,-0.124,0.064,1.319,1.255,0.095,0.584,0.489,0.079,0.206,0.127,0.092,0.338,0.246,0.074,0.392,0.318,0.325,0.169,-0.156,0.083,0.799,0.716,0.086,0.576,0.49,0.092,0.119,0.027,0.329,0.234,-0.095,0.068,0.414,0.346,0.076,0.545,0.469,0.092,0.203,0.111,0.074,0.421,0.347,0.073,0.157,0.084,0.086,0.247,0.161,0.143,0.084,-0.059,0.114,1.075,0.961,0.098
14,7,0.566,0.444,-0.122,0.083,0.889,0.806,0.076,0.278,0.202,0.087,0.188,0.101,0.116,0.471,0.355,0.081,0.325,0.244,0.248,0.137,-0.111,0.092,0.342,0.25,0.069,0.325,0.256,0.095,0.151,0.056,0.338,0.256,-0.082,0.058,0.317,0.259,0.077,0.481,0.404,0.097,0.193,0.096,0.079,0.356,0.277,0.076,0.149,0.073,0.081,0.161,0.08,0.148,0.095,-0.053,0.1,0.417,0.317,0.076
14,8,0.308,0.208,-0.1,0.069,0.333,0.264,0.077,0.258,0.181,0.081,1.142,1.061,0.1,0.563,0.463,0.074,0.444,0.37,0.272,0.159,-0.113,0.082,0.318,0.236,0.079,0.214,0.135,0.094,0.141,0.047,0.303,0.208,-0.095,0.071,0.305,0.234,0.074,0.569,0.495,0.094,0.172,0.078,0.074,0.467,0.393,0.079,0.183,0.104,0.076,0.203,0.127,0.148,0.079,-0.069,0.119,0.407,0.288,0.092
14,9,0.342,0.247,-0.095,0.077,0.334,0.257,0.079,0.174,0.095,0.079,0.533,0.454,0.071,0.685,0.614,0.079,0.377,0.298,0.278,0.142,-0.136,0.104,0.726,0.622,0.085,0.393,0.308,0.087,0.144,0.057,0.301,0.216,-0.085,0.073,0.323,0.25,0.081,0.442,0.361,0.089,0.153,0.064,0.087,0.409,0.322,0.073,0.239,0.166,0.076,0.154,0.078,0.148,0.092,-0.056,0.109,0.396,0.287,0.09
14,10,0.314,0.21,-0.104,0.08,0.321,0.241,0.074,0.157,0.083,0.073,0.63,0.557,0.095,0.468,0.373,0.084,0.33,0.246,0.373,0.24,-0.133,0.106,0.381,0.275,0.079,0.232,0.153,0.095,0.152,0.057,0.296,0.214,-0.082,0.063,0.33,0.267,0.087,0.491,0.404,0.103,0.168,0.065,0.089,0.353,0.264,0.079,0.131,0.052,0.076,0.133,0.057,0.142,0.094,-0.048,0.106,0.233,0.127,0.108
17,2,0.18,0.081,-0.099,0.107,0.236,0.129,0.068,0.185,0.117,0.076,0.117,0.041,0.079,0.271,0.192,0.074,0.991,0.917,0.294,0.158,-0.136,0.107,0.348,0.241,0.124,0.871,0.747,0.126,0.38,0.254,0.32,0.198,-0.122,0.133,1.143,1.01,0.098,0.857,0.759,0.09,0.681,0.591,0.116,0.517,0.401,0.113,0.419,0.306,0.087,0.107,0.02,0.087,0.168,0.081,0.102,0.348,0.246,0.137
17,3,0.203,0.094,-0.109,0.131,0.299,0.168,0.082,0.481,0.399,0.084,0.164,0.08,0.076,0.299,0.223,0.095,0.618,0.523,0.302,0.169,-0.133,0.102,0.402,0.3,0.1,1.153,1.053,0.113,0.484,0.371,0.256,0.121,-0.135,0.116,0.996,0.88,0.108,0.867,0.759,0.119,0.889,0.77,0.086,0.62,0.534,0.097,0.53,0.433,0.074,0.112,0.038,0.077,0.152,0.075,0.089,1.087,0.998,0.087
17,4,0.306,0.155,-0.151,0.12,0.478,0.358,0.108,1.756,1.648,0.092,0.31,0.218,0.079,0.719,0.64,0.097,0.745,0.648,0.326,0.18,-0.146,0.117,0.698,0.581,0.076,0.716,0.64,0.103,0.31,0.207,0.243,0.145,-0.098,0.119,2.297,2.178,0.098,0.598,0.5,0.124,1.871,1.747,0.105,0.608,0.503,0.102,0.618,0.516,0.066,0.105,0.039,0.084,0.154,0.07,0.094,0.265,0.171,0.092
17,5,0.211,0.107,-0.104,0.123,0.273,0.15,0.097,0.354,0.257,0.081,0.164,0.083,0.073,0.156,0.083,0.084,1.098,1.014,0.212,0.09,-0.122,0.103,0.29,0.187,0.103,0.811,0.708,0.084,0.265,0.181,0.23,0.137,-0.093,0.117,1.107,0.99,0.092,0.507,0.415,0.118,2.954,2.836,0.09,0.403,0.313,0.111,0.391,0.28,0.073,0.086,0.013,0.068,0.141,0.073,0.1,1.334,1.234,0.084
17,7,0.187,0.1,-0.087,0.114,0.223,0.109,0.078,0.231,0.153,0.071,0.112,0.041,0.074,3.784,3.71,0.066,0.517,0.451,0.235,0.121,-0.114,0.082,0.36,0.278,0.097,0.631,0.534,0.087,0.362,0.275,0.243,0.131,-0.112,0.083,0.539,0.456,0.069,0.719,0.65,0.106,0.935,0.829,0.084,0.224,0.14,0.089,0.297,0.208,0.068,0.086,0.018,0.065,0.156,0.091,0.082,0.434,0.352,0.087
17,8,0.248,0.115,-0.133,0.101,0.296,0.195,0.076,0.227,0.151,0.078,0.202,0.124,0.085,0.214,0.129,0.084,0.315,0.231,0.273,0.153,-0.12,0.128,0.911,0.783,0.076,1.377,1.301,0.108,0.593,0.485,0.261,0.145,-0.116,0.09,0.63,0.54,0.105,0.841,0.736,0.087,0.255,0.168,0.105,1.238,1.133,0.082,0.463,0.381,0.11,0.13,0.02,0.09,0.162,0.072,0.116,0.365,0.249,0.092
17,9,0.195,0.102,-0.093,0.104,0.238,0.134,0.076,0.955,0.879,0.074,0.175,0.101,0.06,0.249,0.189,0.084,0.341,0.257,0.185,0.105,-0.08,0.107,0.342,0.235,0.1,0.279,0.179,0.087,0.924,0.837,0.217,0.143,-0.074,0.1,0.585,0.485,0.089,0.94,0.851,0.084,0.363,0.279,0.1,0.191,0.091,0.073,0.221,0.148,0.066,0.084,0.018,0.065,0.138,0.073,0.092,0.297,0.205,0.105
17,10,0.275,0.137,-0.138,0.111,0.384,0.273,0.116,0.305,0.189,0.11,0.26,0.15,0.079,0.8,0.721,0.095,0.447,0.352,0.23,0.1,-0.13,0.099,0.63,0.531,0.092,0.437,0.345,0.103,0.336,0.233,0.264,0.179,-0.085,0.109,0.664,0.555,0.092,0.776,0.684,0.092,0.776,0.684,0.092,0.255,0.163,0.106,0.365,0.259,0.076,0.089,0.013,0.068,0.143,0.075,0.105,0.352,0.247,0.11
20,2,0.593,0.478,-0.115,0.143,0.282,0.139,0.085,0.116,0.031,0.097,0.588,0.491,0.099,0.526,0.427,0.092,0.254,0.162,0.353,0.201,-0.152,0.095,0.489,0.394,0.084,0.191,0.107,0.097,0.22,0.123,0.48,0.298,-0.182,0.127,1.391,1.264,0.078,0.865,0.787,0.126,0.314,0.188,0.14,0.549,0.409,0.097,0.21,0.113,0.091,0.273,0.182,0.111,0.05,-0.061,0.105,0.519,0.414,0.081
20,3,0.795,0.598,-0.197,0.116,1.21,1.094,0.094,0.143,0.049,0.091,0.51,0.419,0.091,0.889,0.798,0.076,0.245,0.169,0.48,0.296,-0.184,0.111,0.541,0.43,0.073,0.163,0.09,0.094,0.269,0.175,0.61,0.419,-0.191,0.105,0.554,0.449,0.099,1.223,1.124,0.123,0.56,0.437,0.091,0.163,0.072,0.084,0.161,0.077,0.102,0.225,0.123,0.115,0.07,-0.045,0.082,0.241,0.159,0.107
20,4,0.566,0.405,-0.161,0.124,0.441,0.317,0.088,0.181,0.093,0.089,0.189,0.1,0.125,0.536,0.411,0.097,0.393,0.296,0.576,0.361,-0.215,0.119,0.647,0.528,0.091,0.284,0.193,0.089,0.161,0.072,0.456,0.288,-0.168,0.137,1.799,1.662,0.089,0.801,0.712,0.097,0.249,0.152,0.096,0.209,0.113,0.097,0.114,0.017,0.089,0.241,0.152,0.147,0.086,-0.061,0.11,0.259,0.149,0.102
20,5,0.544,0.345,-0.199,0.111,0.33,0.219,0.084,0.115,0.031,0.104,0.464,0.36,0.102,0.683,0.581,0.07,0.276,0.206,0.435,0.238,-0.197,0.111,0.843,0.732,0.07,0.209,0.139,0.091,0.225,0.134,0.375,0.264,-0.111,0.119,0.733,0.614,0.084,0.423,0.339,0.089,0.721,0.632,0.097,0.326,0.229,0.097,0.179,0.082,0.12,0.21,0.09,0.152,0.083,-0.069,0.1,0.141,0.041,0.094
20,7,0.725,0.58,-0.145,0.101,0.289,0.188,0.086,0.132,0.046,0.086,0.601,0.515,0.101,0.374,0.273,0.095,0.307,0.212,0.375,0.212,-0.163,0.103,0.373,0.27,0.113,0.2,0.087,0.096,0.212,0.116,0.409,0.259,-0.15,0.111,0.533,0.422,0.089,0.532,0.443,0.104,0.235,0.131,0.091,0.215,0.124,0.08,0.124,0.044,0.099,0.295,0.196,0.096,0.062,-0.034,0.102,0.306,0.204,0.148
20,8,0.479,0.34,-0.139,0.095,0.476,0.381,0.076,0.263,0.187,0.097,0.189,0.092,0.128,0.161,0.033,0.076,0.289,0.213,0.362,0.194,-0.168,0.108,0.333,0.225,0.117,0.106,-0.011,0.102,0.21,0.108,0.466,0.301,-0.165,0.093,0.43,0.337,0.065,0.567,0.502,0.083,0.178,0.095,0.102,0.13,0.028,0.073,0.115,0.042,0.114,0.268,0.154,0.137,0.068,-0.069,0.113,0.273,0.16,0.115
20,9,0.613,0.555,-0.058,0.086,0.238,0.152,0.076,0.112,0.036,0.101,0.201,0.1,0.1,0.136,0.036,0.075,0.201,0.126,0.383,0.194,-0.189,0.103,0.351,0.248,0.162,0.2,0.038,0.11,0.215,0.105,0.597,0.398,-0.199,0.1,0.582,0.482,0.078,0.523,0.445,0.112,0.179,0.067,0.099,0.151,0.052,0.078,0.124,0.046,0.102,0.171,0.069,0.165,0.097,-0.068,0.118,0.11,-0.008,0.107
20,10,0.513,0.374,-0.139,0.111,0.247,0.136,0.084,0.12,0.036,0.101,0.22,0.119,0.104,0.582,0.478,0.058,0.137,0.079,0.496,0.267,-0.229,0.122,0.416,0.294,0.092,0.23,0.138,0.092,0.192,0.1,0.427,0.288,-0.139,0.1,0.478,0.378,0.099,0.444,0.345,0.086,0.166,0.08,0.096,0.137,0.041,0.076,0.138,0.062,0.109,0.183,0.074,0.137,0.079,-0.058,0.113,0.278,0.165,0.101
23,2,0.236,0.128,-0.108,0.129,0.206,0.077,0.112,0.284,0.172,0.186,0.407,0.221,0.133,1.124,0.991,0.089,0.4,0.311,0.321,0.146,-0.175,0.143,0.47,0.327,0.118,1.312,1.194,0.104,0.207,0.103,0.38,0.222,-0.158,0.132,0.447,0.315,0.109,0.868,0.759,0.136,0.25,0.114,0.093,0.237,0.144,0.089,0.194,0.105,0.138,0.21,0.072,0.195,0.076,-0.119,0.156,1.319,1.163,0.081
23,3,0.236,0.117,-0.119,0.143,0.279,0.136,0.091,0.382,0.291,0.152,0.089,-0.063,0.181,1.661,1.48,0.086,0.235,0.149,0.421,0.214,-0.207,0.154,3.261,3.107,0.138,0.756,0.618,0.096,0.173,0.077,0.347,0.212,-0.135,0.103,0.307,0.204,0.114,0.526,0.412,0.167,0.143,-0.024,0.137,0.309,0.172,0.084,1.638,1.554,0.138,0.124,-0.014,0.127,0.079,-0.048,0.11,0.216,0.106,0.081
23,4,0.246,0.182,-0.064,0.119,0.204,0.085,0.088,0.204,0.116,0.152,0.101,-0.051,0.155,0.94,0.785,0.092,0.375,0.283,0.294,0.143,-0.151,0.127,1.733,1.606,0.102,1.028,0.926,0.086,0.158,0.072,0.255,0.123,-0.132,0.151,0.768,0.617,0.105,0.488,0.383,0.091,0.099,0.008,0.112,0.166,0.054,0.084,0.072,-0.012,0.174,0.155,-0.019,0.148,0.055,-0.093,0.135,0.233,0.098,0.078
23,5,0.344,0.224,-0.12,0.14,0.161,0.021,0.081,0.127,0.046,0.202,0.125,-0.077,0.171,1.365,1.194,0.102,0.563,0.461,0.331,0.136,-0.195,0.164,0.519,0.355,0.149,0.754,0.605,0.106,0.174,0.068,0.458,0.324,-0.134,0.161,0.305,0.144,0.099,0.652,0.553,0.152,0.117,-0.035,0.139,0.206,0.067,0.096,0.122,0.026,0.155,0.112,-0.043,0.146,0.021,-0.125,0.149,0.208,0.059,0.099
23,7,0.338,0.23,-0.108,0.139,0.165,0.026,0.089,0.096,0.007,0.166,0.108,-0.058,0.154,0.453,0.299,0.104,0.85,0.746,0.308,0.139,-0.169,0.138,0.4,0.262,0.131,0.967,0.836,0.089,0.096,0.007,0.197,0.098,-0.099,0.11,0.828,0.718,0.099,0.359,0.26,0.154,0.101,-0.053,0.121,0.769,0.648,0.143,0.223,0.08,0.152,0.12,-0.032,0.164,0.055,-0.109,0.14,0.348,0.208,0.097
23,8,0.247,0.146,-0.101,0.132,0.199,0.067,0.096,0.166,0.07,0.173,0.112,-0.061,0.132,0.911,0.779,0.091,0.256,0.165,0.379,0.17,-0.209,0.162,0.612,0.45,0.125,0.612,0.487,0.117,0.143,0.026,0.239,0.11,-0.129,0.143,0.312,0.169,0.144,0.659,0.515,0.154,0.132,-0.022,0.126,0.147,0.021,0.094,0.142,0.048,0.147,0.105,-0.042,0.193,0.086,-0.107,0.198,0.489,0.291,0.099
23,9,0.359,0.224,-0.135,0.103,0.289,0.186,0.115,0.436,0.321,0.145,0.084,-0.061,0.141,0.88,0.739,0.104,0.29,0.186,0.276,0.102,-0.174,0.143,0.39,0.247,0.12,0.611,0.491,0.086,0.156,0.07,0.244,0.115,-0.129,0.142,0.346,0.204,0.104,0.313,0.209,0.172,0.148,-0.024,0.128,0.205,0.077,0.105,0.151,0.046,0.142,0.102,-0.04,0.158,0.066,-0.092,0.129,0.286,0.157,0.094
23,10,0.32,0.225,-0.095,0.126,0.262,0.136,0.089,0.138,0.049,0.173,0.109,-0.064,0.134,1.012,0.878,0.094,0.281,0.187,0.275,0.108,-0.167,0.132,0.678,0.546,0.146,0.89,0.744,0.092,0.378,0.286,0.242,0.055,-0.187,0.161,0.336,0.175,0.099,1.142,1.043,0.127,0.106,-0.021,0.131,0.19,0.059,0.104,0.125,0.021,0.157,0.126,-0.031,0.129,0.049,-0.08,0.111,0.188,0.077,0.094
26,2,0.451,0.237,-0.214,0.13,0.754,0.624,0.196,0.692,0.496,0.12,1.029,0.909,0.125,0.802,0.677,0.109,0.913,0.804,0.578,0.462,-0.116,0.069,1.243,1.174,0.086,0.124,0.038,0.131,0.916,0.785,0.322,0.18,-0.142,0.103,0.788,0.685,0.094,1.386,1.292,0.078,0.376,0.298,0.071,0.248,0.177,0.071,0.287,0.216,0.078,0.17,0.092,0.081,0.153,0.072,0.089,0.441,0.352,0.076
26,3,0.513,0.4,-0.113,0.079,0.349,0.27,0.071,0.294,0.223,0.081,0.449,0.368,0.099,0.928,0.829,0.083,0.501,0.418,0.287,0.201,-0.086,0.075,1.074,0.999,0.087,0.295,0.208,0.117,0.576,0.459,0.382,0.285,-0.097,0.078,0.4,0.322,0.079,1.074,0.995,0.102,0.223,0.121,0.094,0.202,0.108,0.075,0.304,0.229,0.076,0.207,0.131,0.071,0.142,0.071,0.097,0.485,0.388,0.079
26,4,0.238,0.143,-0.095,0.071,0.295,0.224,0.071,0.367,0.296,0.08,0.561,0.481,0.087,0.645,0.558,0.078,0.472,0.394,0.44,0.314,-0.126,0.074,0.898,0.824,0.08,0.139,0.059,0.131,0.955,0.824,0.275,0.154,-0.121,0.09,0.432,0.342,0.081,0.593,0.512,0.07,0.147,0.077,0.089,0.305,0.216,0.068,0.284,0.216,0.07,0.147,0.077,0.063,0.124,0.061,0.089,0.125,0.036,0.083
26,5,0.413,0.321,-0.092,0.066,0.329,0.263,0.065,0.564,0.499,0.073,0.153,0.08,0.089,0.966,0.877,0.081,0.253,0.172,0.317,0.23,-0.087,0.063,0.658,0.595,0.07,0.253,0.183,0.12,0.509,0.389,0.382,0.279,-0.103,0.069,0.509,0.44,0.078,0.858,0.78,0.076,0.147,0.071,0.11,0.31,0.2,0.076,0.267,0.191,0.083,0.132,0.049,0.057,0.124,0.067,0.104,0.161,0.057,0.086
26,7,0.288,0.159,-0.129,0.071,0.247,0.176,0.073,0.273,0.2,0.074,0.138,0.064,0.099,2.551,2.452,0.073,0.32,0.247,0.252,0.168,-0.084,0.062,0.56,0.498,0.075,0.127,0.052,0.12,0.263,0.143,0.382,0.328,-0.054,0.065,0.894,0.829,0.075,0.559,0.484,0.076,0.178,0.102,0.086,0.12,0.034,0.073,0.224,0.151,0.081,0.148,0.067,0.081,0.138,0.057,0.088,0.101,0.013,0.068
26,8,0.386,0.308,-0.078,0.065,0.281,0.216,0.071,0.225,0.154,0.123,0.2,0.077,0.091,0.935,0.844,0.084,0.313,0.229,0.403,0.272,-0.131,0.066,0.638,0.572,0.078,0.14,0.062,0.109,0.204,0.095,0.343,0.264,-0.079,0.065,0.707,0.642,0.076,0.415,0.339,0.076,0.125,0.049,0.078,0.301,0.223,0.074,0.215,0.141,0.073,0.134,0.061,0.053,0.13,0.077,0.091,0.109,0.018,0.07
26,9,0.46,0.371,-0.089,0.062,0.889,0.827,0.075,0.397,0.322,0.073,0.15,0.077,0.086,1.082,0.996,0.081,0.562,0.481,0.296,0.215,-0.081,0.062,0.74,0.678,0.078,0.355,0.277,0.115,1.081,0.966,0.303,0.214,-0.089,0.07,0.318,0.248,0.07,0.546,0.476,0.06,0.155,0.095,0.113,0.156,0.043,0.073,0.227,0.154,0.081,0.146,0.065,0.07,0.142,0.072,0.109,0.093,-0.016,0.084
26,10,0.337,0.144,-0.193,0.071,1.001,0.93,0.071,0.366,0.295,0.086,0.215,0.129,0.112,0.874,0.762,0.067,0.557,0.49,0.271,0.134,-0.137,0.059,0.577,0.518,0.078,0.122,0.044,0.106,0.333,0.227,0.293,0.233,-0.06,0.079,0.699,0.62,0.08,0.242,0.162,0.074,0.158,0.084,0.089,0.246,0.157,0.078,0.229,0.151,0.084,0.125,0.041,0.063,0.135,0.072,0.083,0.096,0.013,0.068
29,2,0.502,0.381,-0.121,0.09,0.397,0.307,0.115,0.083,-0.032,0.165,0.118,-0.047,0.097,0.812,0.715,0.094,0.372,0.278,0.291,0.136,-0.155,0.109,0.695,0.586,0.071,0.212,0.141,0.102,0.451,0.349,0.433,0.304,-0.129,0.098,0.641,0.543,0.091,0.758,0.667,0.109,0.495,0.386,0.102,0.115,0.013,0.123,0.184,0.061,0.089,0.15,0.061,0.139,0.089,-0.05,0.082,0.228,0.146,0.118
29,3,0.529,0.328,-0.201,0.117,0.534,0.417,0.1,0.144,0.044,0.097,0.363,0.266,0.086,0.678,0.592,0.097,0.289,0.192,0.505,0.354,-0.151,0.101,0.534,0.433,0.099,0.298,0.199,0.07,0.696,0.626,0.314,0.192,-0.122,0.09,0.732,0.642,0.118,1.25,1.132,0.076,1.211,1.135,0.116,0.102,-0.014,0.114,0.3,0.186,0.076,0.233,0.157,0.164,0.082,-0.082,0.114,0.46,0.346,0.197
29,4,0.544,0.399,-0.145,0.101,0.678,0.577,0.104,0.2,0.096,0.078,0.756,0.678,0.089,0.48,0.391,0.123,0.268,0.145,0.52,0.307,-0.213,0.098,0.441,0.343,0.113,0.371,0.258,0.09,0.221,0.131,0.258,0.161,-0.097,0.108,0.481,0.373,0.097,1.478,1.381,0.094,0.707,0.613,0.113,0.094,-0.019,0.113,0.38,0.267,0.081,0.177,0.096,0.116,0.073,-0.043,0.113,0.139,0.026,0.142
29,5,0.458,0.331,-0.127,0.106,0.204,0.098,0.108,0.091,-0.017,0.093,0.225,0.132,0.089,0.57,0.481,0.089,0.433,0.344,0.255,0.139,-0.116,0.085,0.313,0.228,0.078,0.301,0.223,0.094,0.286,0.192,0.221,0.121,-0.1,0.086,0.594,0.508,0.1,1.305,1.205,0.1,0.343,0.243,0.086,0.094,0.008,0.086,0.229,0.143,0.078,0.177,0.099,0.102,0.06,-0.042,0.116,0.181,0.065,0.173
29,7,0.342,0.176,-0.166,0.085,0.489,0.404,0.074,0.091,0.017,0.087,0.742,0.655,0.076,0.267,0.191,0.073,0.392,0.319,0.271,0.149,-0.122,0.08,0.474,0.394,0.081,0.828,0.747,0.082,0.314,0.232,0.251,0.156,-0.095,0.079,0.302,0.223,0.12,0.692,0.572,0.086,0.4,0.314,0.12,0.091,-0.029,0.108,0.416,0.308,0.079,0.182,0.103,0.125,0.034,-0.091,0.148,0.187,0.039,0.116
29,8,0.384,0.294,-0.09,0.114,0.207,0.093,0.097,0.257,0.16,0.137,0.084,-0.053,0.111,0.582,0.471,0.087,0.456,0.369,0.213,0.127,-0.086,0.1,0.589,0.489,0.084,1.978,1.894,0.079,0.55,0.471,0.239,0.11,-0.129,0.077,0.352,0.275,0.097,0.78,0.683,0.084,0.293,0.209,0.095,0.118,0.023,0.097,0.177,0.08,0.068,0.184,0.116,0.111,0.069,-0.042,0.1,0.185,0.085,0.095
29,9,0.552,0.45,-0.102,0.071,0.268,0.197,0.086,0.151,0.065,0.089,0.278,0.189,0.076,0.5,0.424,0.095,0.24,0.145,0.266,0.152,-0.114,0.088,0.408,0.32,0.079,0.641,0.562,0.068,0.234,0.166,0.265,0.149,-0.116,0.066,0.354,0.288,0.09,0.72,0.63,0.085,0.216,0.131,0.089,0.1,0.011,0.073,0.184,0.111,0.076,0.195,0.119,0.117,0.055,-0.062,0.093,0.142,0.049,0.1
29,10,0.199,0.096,-0.103,0.082,0.189,0.107,0.105,0.123,0.018,0.11,0.146,0.036,0.108,0.682,0.574,0.06,0.231,0.171,0.338,0.237,-0.101,0.079,0.346,0.267,0.081,0.218,0.137,0.079,0.297,0.218,0.208,0.091,-0.117,0.086,0.339,0.253,0.092,0.545,0.453,0.083,0.228,0.145,0.092,0.131,0.039,0.084,0.174,0.09,0.073,0.198,0.125,0.105,0.068,-0.037,0.087,0.138,0.051,0.103
32,2,0.442,0.366,-0.076,0.095,0.285,0.19,0.094,0.271,0.177,0.089,0.14,0.051,0.131,0.496,0.365,0.104,0.277,0.173,0.437,0.279,-0.158,0.127,0.413,0.286,0.113,0.606,0.493,0.12,0.2,0.08,0.422,0.314,-0.108,0.121,0.381,0.26,0.091,1.684,1.593,0.167,0.615,0.448,0.117,0.302,0.185,0.099,0.141,0.042,0.132,0.121,-0.011,0.184,0.15,-0.034,0.11,0.223,0.113,0.092
32,3,0.698,0.511,-0.187,0.098,0.253,0.155,0.102,0.398,0.296,0.146,0.164,0.018,0.154,0.501,0.347,0.094,0.475,0.381,0.27,0.136,-0.134,0.1,0.286,0.186,0.133,0.364,0.231,0.173,0.219,0.046,0.396,0.293,-0.103,0.081,0.547,0.466,0.087,0.745,0.658,0.112,0.228,0.116,0.12,0.498,0.378,0.094,0.115,0.021,0.091,0.099,0.008,0.181,0.131,-0.05,0.12,0.215,0.095,0.086
32,4,0.441,0.373,-0.068,0.09,0.195,0.105,0.081,0.099,0.018,0.139,0.099,-0.04,0.128,0.329,0.201,0.081,0.516,0.435,0.32,0.141,-0.179,0.122,0.367,0.245,0.12,0.313,0.193,0.133,0.199,0.066,0.283,0.189,-0.094,0.108,0.278,0.17,0.109,0.6,0.491,0.092,0.29,0.198,0.133,0.218,0.085,0.102,0.119,0.017,0.123,0.139,0.016,0.175,0.127,-0.048,0.124,0.206,0.082,0.086
32,5,0.438,0.373,-0.065,0.074,0.2,0.126,0.091,0.111,0.02,0.137,0.097,-0.04,0.165,0.86,0.695,0.102,0.243,0.141,0.299,0.149,-0.15,0.117,0.307,0.19,0.099,0.666,0.567,0.13,0.162,0.032,0.349,0.214,-0.135,0.103,0.255,0.152,0.11,0.547,0.437,0.102,0.205,0.103,0.109,0.196,0.087,0.105,0.143,0.038,0.152,0.138,-0.014,0.205,0.145,-0.06,0.12,0.179,0.059,0.092
32,7,0.432,0.327,-0.105,0.091,0.179,0.088,0.094,0.107,0.013,0.126,0.065,-0.061,0.166,0.86,0.694,0.107,0.593,0.486,0.376,0.241,-0.135,0.166,0.357,0.191,0.172,0.457,0.285,0.141,0.165,0.024,0.32,0.217,-0.103,0.134,0.335,0.201,0.128,1.205,1.077,0.113,0.218,0.105,0.118,0.208,0.09,0.091,0.074,-0.017,0.132,0.14,0.008,0.185,0.141,-0.044,0.11,0.187,0.077,0.083
32,8,0.997,0.881,-0.116,0.137,0.258,0.121,0.1,0.107,0.007,0.128,0.138,0.01,0.162,0.803,0.641,0.101,0.31,0.209,0.266,0.123,-0.143,0.131,0.297,0.166,0.141,0.552,0.411,0.141,0.164,0.023,0.307,0.215,-0.092,0.16,0.471,0.311,0.11,0.488,0.378,0.115,0.303,0.188,0.12,0.241,0.121,0.12,0.215,0.095,0.12,0.138,0.018,0.168,0.102,-0.066,0.118,0.179,0.061,0.092
32,9,0.568,0.491,-0.077,0.114,0.183,0.069,0.099,0.062,-0.037,0.134,0.09,-0.044,0.143,7.14,6.997,0.096,0.382,0.286,0.36,0.178,-0.182,0.145,0.537,0.392,0.151,0.905,0.754,0.146,0.195,0.049,0.338,0.261,-0.077,0.108,0.324,0.216,0.107,0.583,0.476,0.125,0.313,0.188,0.144,0.403,0.259,0.105,0.131,0.026,0.106,0.135,0.029,0.183,0.12,-0.063,0.139,0.239,0.1,0.086
32,10,0.469,0.358,-0.111,0.097,0.195,0.098,0.105,0.083,-0.022,0.129,0.09,-0.039,0.131,0.653,0.522,0.128,0.424,0.296,0.301,0.151,-0.15,0.109,0.31,0.201,0.109,0.269,0.16,0.156,0.241,0.085,0.365,0.288,-0.077,0.116,0.555,0.439,0.097,0.454,0.357,0.126,0.205,0.079,0.147,0.52,0.373,0.122,0.189,0.067,0.107,0.143,0.036,0.158,0.094,-0.064,0.116,0.17,0.054,0.112
35,2,0.267,0.201,-0.066,0.144,0.247,0.103,0.065,0.163,0.098,0.156,0.174,0.018,0.138,0.653,0.515,0.096,1.187,1.091,0.242,0.142,-0.1,0.129,1.561,1.432,0.12,0.21,0.09,0.105,0.359,0.254,0.234,0.142,-0.092,0.123,0.535,0.412,0.091,0.806,0.715,0.123,0.192,0.069,0.157,0.17,0.013,0.099,0.178,0.079,0.15,0.201,0.051,0.204,0.167,-0.037,0.133,0.45,0.317,0.086
35,3,0.65,0.562,-0.088,0.116,0.299,0.183,0.112,0.15,0.038,0.141,0.203,0.062,0.136,1.105,0.969,0.102,2.173,2.071,0.21,0.107,-0.103,0.132,1.048,0.916,0.101,0.232,0.131,0.162,0.656,0.494,0.427,0.359,-0.068,0.115,0.565,0.45,0.096,1.018,0.922,0.125,0.253,0.128,0.154,0.484,0.33,0.096,0.274,0.178,0.133,0.215,0.082,0.215,0.157,-0.058,0.162,1.647,1.485,0.088
35,4,0.408,0.282,-0.126,0.105,0.489,0.384,0.094,0.155,0.061,0.167,0.185,0.018,0.128,1.435,1.307,0.065,0.307,0.242,0.265,0.133,-0.132,0.104,0.621,0.517,0.109,0.269,0.16,0.123,0.516,0.393,0.416,0.353,-0.063,0.095,0.532,0.437,0.096,0.95,0.854,0.144,0.2,0.056,0.16,0.208,0.048,0.118,0.192,0.074,0.152,0.219,0.067,0.206,0.169,-0.037,0.147,0.541,0.394,0.093
35,5,0.535,0.449,-0.086,0.1,0.275,0.175,0.12,0.169,0.049,0.13,0.184,0.054,0.123,0.871,0.748,0.078,0.328,0.25,0.237,0.107,-0.13,0.113,0.559,0.446,0.117,1.118,1.001,0.086,0.348,0.262,0.231,0.165,-0.066,0.097,0.367,0.27,0.094,0.596,0.502,0.112,0.428,0.316,0.115,0.257,0.142,0.064,0.201,0.137,0.125,0.176,0.051,0.197,0.154,-0.043,0.145,0.538,0.393,0.094
35,7,0.301,0.219,-0.082,0.108,0.27,0.162,0.086,0.119,0.033,0.112,0.463,0.351,0.114,0.647,0.533,0.062,0.348,0.286,0.259,0.143,-0.116,0.09,0.877,0.787,0.105,0.241,0.136,0.146,0.324,0.178,0.26,0.172,-0.088,0.143,0.405,0.262,0.091,0.605,0.514,0.134,0.18,0.046,0.146,0.192,0.046,0.102,0.143,0.041,0.159,0.203,0.044,0.201,0.169,-0.032,0.147,0.332,0.185,0.097
35,8,0.217,0.135,-0.082,0.103,0.236,0.133,0.097,0.151,0.054,0.12,0.199,0.079,0.11,0.282,0.172,0.113,0.678,0.565,0.215,0.129,-0.086,0.102,0.432,0.33,0.08,0.564,0.484,0.122,0.239,0.117,0.224,0.133,-0.091,0.11,0.388,0.278,0.112,0.668,0.556,0.125,0.186,0.061,0.139,0.167,0.028,0.123,0.213,0.09,0.138,0.238,0.1,0.225,0.235,0.01,0.131,1.013,0.882,0.078
35,9,0.274,0.229,-0.045,0.097,0.21,0.113,0.115,0.153,0.038,0.139,0.203,0.064,0.128,0.84,0.712,0.1,1.149,1.049,0.271,0.155,-0.116,0.102,0.821,0.719,0.109,0.17,0.061,0.118,0.396,0.278,0.257,0.18,-0.077,0.132,0.522,0.39,0.147,1.535,1.388,0.133,0.218,0.085,0.209,0.432,0.223,0.107,0.256,0.149,0.178,0.24,0.062,0.212,0.164,-0.048,0.173,0.426,0.253,0.085
35,10,0.372,0.285,-0.087,0.128,0.622,0.494,0.126,0.221,0.095,0.18,0.27,0.09,0.144,0.429,0.285,0.11,0.621,0.511,0.328,0.22,-0.108,0.089,0.787,0.698,0.136,0.169,0.033,0.157,0.324,0.167,0.283,0.136,-0.147,0.159,0.498,0.339,0.11,0.987,0.877,0.125,0.169,0.044,0.172,0.206,0.034,0.122,0.135,0.013,0.188,0.201,0.013,0.18,0.146,-0.034,0.134,0.252,0.118,0.125
39,2,0.324,0.269,-0.055,0.133,0.378,0.245,0.138,0.279,0.141,0.11,0.189,0.079,0.131,3.64,3.509,0.102,0.346,0.244,0.451,0.317,-0.134,0.158,0.464,0.306,0.136,0.445,0.309,0.109,0.415,0.306,0.28,0.22,-0.06,0.108,0.761,0.653,0.099,0.637,0.538,0.12,0.194,0.074,0.11,0.138,0.028,0.107,0.171,0.064,0.107,0.197,0.09,0.134,0.094,-0.04,0.103,0.326,0.223,0.089
39,3,0.33,0.25,-0.08,0.145,0.163,0.018,0.094,0.381,0.287,0.141,0.18,0.039,0.149,0.257,0.108,0.122,0.544,0.422,0.365,0.243,-0.122,0.138,0.405,0.267,0.128,0.241,0.113,0.115,0.274,0.159,0.404,0.309,-0.095,0.147,0.489,0.342,0.099,0.838,0.739,0.125,0.213,0.088,0.135,0.258,0.123,0.107,0.146,0.039,0.125,0.223,0.098,0.136,0.112,-0.024,0.139,0.252,0.113,0.107
39,4,1.143,1.082,-0.061,0.11,0.177,0.067,0.094,0.307,0.213,0.107,0.153,0.046,0.144,0.208,0.064,0.112,0.959,0.847,0.325,0.191,-0.134,0.156,0.366,0.21,0.094,0.161,0.067,0.143,0.287,0.144,0.658,0.573,-0.085,0.116,1.287,1.171,0.122,1.149,1.027,0.115,0.205,0.09,0.112,0.225,0.113,0.12,0.156,0.036,0.122,0.202,0.08,0.126,0.094,-0.032,0.126,0.179,0.053,0.121
39,5,0.565,0.483,-0.082,0.129,0.17,0.041,0.11,0.2,0.09,0.117,0.163,0.046,0.128,0.285,0.157,0.115,0.426,0.311,0.402,0.288,-0.114,0.142,0.381,0.239,0.094,0.21,0.116,0.112,0.349,0.237,0.396,0.295,-0.101,0.143,0.436,0.293,0.104,0.516,0.412,0.143,0.233,0.09,0.149,0.19,0.041,0.125,0.14,0.015,0.118,0.192,0.074,0.155,0.123,-0.032,0.123,0.177,0.054,0.094
39,7,0.397,0.347,-0.05,0.105,0.2,0.095,0.117,0.171,0.054,0.141,0.179,0.038,0.126,0.296,0.17,0.096,0.312,0.216,0.3,0.186,-0.114,0.15,0.433,0.283,0.133,0.172,0.039,0.101,0.485,0.384,0.284,0.183,-0.101,0.145,0.574,0.429,0.102,0.472,0.37,0.123,0.223,0.1,0.131,0.218,0.087,0.149,0.13,-0.019,0.092,0.154,0.062,0.159,0.122,-0.037,0.116,0.183,0.067,0.099
39,8,0.259,0.211,-0.048,0.16,0.136,-0.024,0.102,0.192,0.09,0.157,0.216,0.059,0.138,0.372,0.234,0.104,0.989,0.885,0.373,0.233,-0.14,0.124,0.4,0.276,0.12,0.228,0.108,0.125,0.264,0.139,0.381,0.274,-0.107,0.143,1.362,1.219,0.094,0.482,0.388,0.102,0.599,0.497,0.14,0.272,0.132,0.118,0.122,0.004,0.094,0.145,0.051,0.15,0.11,-0.04,0.136,0.188,0.052,0.091
39,9,0.206,0.172,-0.034,0.134,0.177,0.043,0.092,0.199,0.107,0.123,0.141,0.018,0.138,0.285,0.147,0.136,0.511,0.375,0.258,0.17,-0.088,0.124,0.325,0.201,0.101,0.17,0.069,0.126,0.218,0.092,0.449,0.285,-0.164,0.142,0.434,0.292,0.104,1.298,1.194,0.128,0.177,0.049,0.133,0.204,0.071,0.121,0.138,0.017,0.108,0.172,0.064,0.16,0.107,-0.053,0.12,0.164,0.044,0.089
39,10,0.183,0.138,-0.045,0.115,0.197,0.082,0.095,0.141,0.046,0.12,0.145,0.025,0.123,0.215,0.092,0.134,0.401,0.267,0.263,0.165,-0.098,0.163,0.405,0.242,0.107,0.228,0.121,0.091,0.163,0.072,0.406,0.342,-0.064,0.129,0.371,0.242,0.112,0.41,0.298,0.118,0.166,0.048,0.121,0.19,0.069,0.109,0.143,0.034,0.107,0.173,0.066,0.163,0.118,-0.045,0.147,0.162,0.015,0.097
42,2,0.333,0.17,-0.163,0.14,0.976,0.836,0.102,0.215,0.113,0.126,0.92,0.794,0.108,0.3,0.192,0.097,0.385,0.288,0.341,0.146,-0.195,0.096,0.655,0.559,0.107,0.802,0.695,0.12,0.477,0.357,0.479,0.314,-0.165,0.082,0.711,0.629,0.094,1.854,1.76,0.133,0.614,0.481,0.13,0.159,0.029,0.104,0.246,0.142,0.088,0.193,0.105,0.182,0.102,-0.08,0.119,0.875,0.756,0.078
42,3,0.511,0.36,-0.151,0.175,0.386,0.211,0.114,0.366,0.252,0.141,0.533,0.392,0.143,0.704,0.561,0.076,0.325,0.249,0.318,0.147,-0.171,0.13,0.845,0.715,0.11,0.449,0.339,0.131,0.359,0.228,0.321,0.179,-0.142,0.105,0.834,0.729,0.099,1.177,1.078,0.141,0.879,0.738,0.128,0.143,0.015,0.139,0.175,0.036,0.086,0.204,0.118,0.166,0.097,-0.069,0.121,0.422,0.301,0.094
42,4,0.297,0.133,-0.164,0.13,0.287,0.157,0.086,0.176,0.09,0.115,0.804,0.689,0.131,0.344,0.213,0.076,0.312,0.236,0.374,0.186,-0.188,0.114,0.804,0.69,0.082,0.825,0.743,0.112,0.439,0.327,0.335,0.186,-0.149,0.084,0.797,0.713,0.087,2.091,2.004,0.091,0.209,0.118,0.136,0.188,0.052,0.151,0.187,0.036,0.091,0.227,0.136,0.206,0.118,-0.088,0.156,0.686,0.53,0.091
42,5,0.626,0.488,-0.138,0.126,0.23,0.104,0.099,0.138,0.039,0.136,0.457,0.321,0.115,0.48,0.365,0.073,0.549,0.476,1.074,0.879,-0.195,0.122,0.586,0.464,0.102,0.469,0.367,0.097,0.197,0.1,0.318,0.163,-0.155,0.1,0.916,0.816,0.097,0.501,0.404,0.169,0.106,-0.063,0.173,0.268,0.095,0.133,0.243,0.11,0.068,0.176,0.108,0.181,0.105,-0.076,0.121,0.239,0.118,0.128
42,7,0.477,0.31,-0.167,0.109,0.506,0.397,0.075,0.528,0.453,0.091,0.181,0.09,0.136,1.266,1.13,0.078,0.32,0.242,0.288,0.12,-0.168,0.095,0.526,0.431,0.083,0.309,0.226,0.097,0.199,0.102,0.245,0.116,-0.129,0.097,0.937,0.84,0.08,0.428,0.348,0.067,0.253,0.186,0.12,0.222,0.102,0.108,0.395,0.287,0.097,0.223,0.126,0.173,0.112,-0.061,0.142,0.281,0.139,0.107
42,8,0.44,0.245,-0.195,0.127,0.473,0.346,0.104,0.276,0.172,0.112,0.648,0.536,0.141,0.328,0.187,0.081,0.58,0.499,0.401,0.244,-0.157,0.079,0.756,0.677,0.11,0.611,0.501,0.102,0.277,0.175,0.427,0.306,-0.121,0.09,1.246,1.156,0.08,0.469,0.389,0.099,0.246,0.147,0.112,0.184,0.072,0.122,0.313,0.191,0.096,0.217,0.121,0.163,0.089,-0.074,0.126,0.17,0.044,0.106
42,9,0.291,0.185,-0.106,0.135,0.207,0.072,0.091,0.348,0.257,0.136,0.339,0.203,0.117,0.462,0.345,0.089,0.357,0.268,0.345,0.172,-0.173,0.074,0.788,0.714,0.081,0.271,0.19,0.102,0.281,0.179,0.393,0.254,-0.139,0.093,0.906,0.813,0.081,0.513,0.432,0.097,0.228,0.131,0.12,0.166,0.046,0.136,0.177,0.041,0.073,0.23,0.157,0.181,0.097,-0.084,0.129,0.316,0.187,0.123
42,10,0.354,0.172,-0.182,0.101,0.974,0.873,0.12,0.22,0.1,0.102,0.318,0.216,0.115,0.318,0.203,0.078,0.328,0.25,0.316,0.172,-0.144,0.077,0.554,0.477,0.088,0.268,0.18,0.089,0.194,0.105,0.346,0.191,-0.155,0.082,0.716,0.634,0.099,0.415,0.316,0.094,0.202,0.108,0.128,0.185,0.057,0.125,0.155,0.03,0.1,0.205,0.105,0.181,0.104,-0.077,0.135,0.215,0.08,0.12
45,2,0.401,0.269,-0.132,0.098,0.27,0.172,0.089,0.264,0.175,0.104,0.176,0.072,0.107,1.332,1.225,0.081,0.51,0.429,0.243,0.147,-0.096,0.126,0.651,0.525,0.099,0.179,0.08,0.112,0.153,0.041,0.34,0.293,-0.047,0.1,0.93,0.83,0.102,0.678,0.576,0.032,0.829,0.797,0.099,0.714,0.615,0.078,0.354,0.276,0.088,0.106,0.018,0.081,0.142,0.061,0.087,0.457,0.37,0.076
45,3,0.471,0.4,-0.071,0.102,0.233,0.131,0.084,0.241,0.157,0.096,0.232,0.136,0.167,0.916,0.749,0.094,0.279,0.185,0.309,0.204,-0.105,0.121,1.243,1.122,0.094,0.181,0.087,0.113,0.079,-0.034,0.234,0.15,-0.084,0.107,1.327,1.22,0.112,0.94,0.828,0.108,0.393,0.285,0.107,0.822,0.715,0.089,0.595,0.506,0.084,0.148,0.064,0.113,0.205,0.092,0.076,0.178,0.102,0.076
45,4,0.6,0.486,-0.114,0.092,0.52,0.428,0.11,0.271,0.161,0.102,0.292,0.19,0.144,0.373,0.229,0.099,0.727,0.628,0.321,0.17,-0.151,0.17,0.28,0.11,0.106,1.005,0.899,0.143,0.158,0.015,0.534,0.482,-0.052,0.099,0.573,0.474,0.14,0.526,0.386,0.107,0.287,0.18,0.123,0.187,0.064,0.091,0.431,0.34,0.099,0.138,0.039,0.109,0.209,0.1,0.089,0.179,0.09,0.097
45,5,0.392,0.222,-0.17,0.087,1.238,1.151,0.099,0.284,0.185,0.083,0.179,0.096,0.123,0.22,0.097,0.081,0.32,0.239,0.222,0.066,-0.156,0.182,0.254,0.072,0.104,0.222,0.118,0.081,0.287,0.206,0.574,0.489,-0.085,0.116,0.535,0.419,0.115,0.725,0.61,0.094,0.307,0.213,0.091,0.657,0.566,0.084,0.37,0.286,0.098,0.163,0.065,0.102,0.176,0.074,0.099,0.567,0.468,0.188
45,7,0.303,0.185,-0.118,0.085,0.195,0.11,0.081,0.179,0.098,0.086,0.104,0.018,0.117,0.493,0.376,0.083,0.178,0.095,0.216,0.118,-0.098,0.116,0.291,0.175,0.096,0.5,0.404,0.076,0.15,0.074,0.314,0.267,-0.047,0.094,0.514,0.42,0.104,0.372,0.268,0.075,0.309,0.234,0.146,0.195,0.049,0.107,0.277,0.17,0.075,0.448,0.373,0.097,0.189,0.092,0.097,0.213,0.116,0.161
45,8,0.416,0.311,-0.105,0.073,0.205,0.132,0.094,0.23,0.136,0.091,0.153,0.062,0.141,1.008,0.867,0.086,0.189,0.103,0.197,0.078,-0.119,0.108,0.322,0.214,0.089,0.32,0.231,0.086,0.218,0.132,0.387,0.321,-0.066,0.097,0.344,0.247,0.102,0.323,0.221,0.094,0.238,0.144,0.091,0.112,0.021,0.091,0.598,0.507,0.078,0.096,0.018,0.089,0.451,0.362,0.102,0.318,0.216,0.091
45,9,0.264,0.162,-0.102,0.074,0.192,0.118,0.083,0.199,0.116,0.092,0.135,0.043,0.125,0.185,0.06,0.091,0.41,0.319,0.304,0.172,-0.132,0.151,0.859,0.708,0.106,0.899,0.793,0.091,0.145,0.054,0.265,0.22,-0.045,0.091,0.354,0.263,0.109,0.421,0.312,0.101,0.276,0.175,0.084,0.186,0.102,0.084,0.266,0.182,0.073,0.122,0.049,0.099,0.174,0.075,0.086,0.335,0.249,0.104
45,10,0.401,0.308,-0.093,0.076,0.244,0.168,0.076,0.253,0.177,0.083,0.142,0.059,0.12,0.174,0.054,0.084,0.372,0.288,0.255,0.144,-0.111,0.142,0.222,0.08,0.102,0.207,0.105,0.101,1.1,0.999,0.576,0.453,-0.123,0.099,0.545,0.446,0.104,0.573,0.469,0.094,0.312,0.218,0.084,0.171,0.087,0.081,0.379,0.298,0.094,0.367,0.273,0.096,0.188,0.092,0.092,0.334,0.242,0.096
48,2,0.402,0.265,-0.137,0.087,0.339,0.252,0.094,0.503,0.409,0.11,0.399,0.289,0.11,0.457,0.347,0.099,0.451,0.352,0.636,0.447,-0.189,0.093,0.425,0.332,0.086,0.507,0.421,0.09,0.211,0.121,0.579,0.371,-0.208,0.103,1.289,1.186,0.081,0.487,0.406,0.097,0.159,0.062,0.089,0.198,0.109,0.091,0.133,0.042,0.084,0.203,0.119,0.141,0.105,-0.036,0.113,0.245,0.132,0.075
48,3,0.4,0.239,-0.161,0.101,0.254,0.153,0.105,0.198,0.093,0.126,0.141,0.015,0.089,0.85,0.761,0.104,0.319,0.215,0.681,0.258,-0.423,0.101,1.357,1.256,0.084,1.056,0.972,0.092,0.198,0.106,0.712,0.556,-0.156,0.101,0.35,0.249,0.11,0.997,0.887,0.086,0.231,0.145,0.105,0.299,0.194,0.094,0.283,0.189,0.107,0.208,0.101,0.084,0.167,0.083,0.084,1.47,1.386,0.092
48,4,0.285,0.131,-0.154,0.109,0.211,0.102,0.094,0.114,0.02,0.137,0.113,-0.024,0.114,0.757,0.643,0.09,0.429,0.339,0.408,0.184,-0.224,0.106,0.811,0.705,0.076,0.231,0.155,0.087,0.182,0.095,0.441,0.266,-0.175,0.109,0.451,0.342,0.108,0.724,0.616,0.165,0.125,-0.04,0.137,0.183,0.046,0.116,0.124,0.008,0.081,0.153,0.072,0.124,0.068,-0.056,0.109,0.161,0.052,0.068
48,5,0.403,0.239,-0.164,0.111,0.36,0.249,0.094,0.234,0.14,0.121,0.242,0.121,0.121,0.338,0.217,0.118,0.506,0.388,0.465,0.211,-0.254,0.117,0.455,0.338,0.108,0.56,0.452,0.092,0.19,0.098,0.377,0.234,-0.143,0.112,0.361,0.249,0.112,0.659,0.547,0.115,0.179,0.064,0.1,0.196,0.096,0.108,0.115,0.007,0.084,0.188,0.104,0.14,0.078,-0.062,0.138,0.65,0.512,0.079
48,7,0.474,0.339,-0.135,0.103,0.246,0.143,0.081,0.099,0.018,0.118,0.133,0.015,0.095,0.387,0.292,0.105,0.307,0.202,0.322,0.152,-0.17,0.118,0.398,0.28,0.1,0.658,0.558,0.082,0.219,0.137,0.485,0.337,-0.148,0.111,0.368,0.257,0.099,0.681,0.582,0.132,0.15,0.018,0.099,0.179,0.08,0.105,0.124,0.019,0.091,0.151,0.06,0.145,0.089,-0.056,0.127,0.145,0.018,0.071
48,8,0.296,0.131,-0.165,0.117,0.237,0.12,0.089,0.107,0.018,0.127,0.131,0.004,0.1,0.392,0.292,0.097,0.845,0.748,0.438,0.214,-0.224,0.111,0.428,0.317,0.1,0.32,0.22,0.081,0.148,0.067,0.551,0.4,-0.151,0.109,0.394,0.285,0.113,0.814,0.701,0.189,0.129,-0.06,0.131,0.195,0.064,0.108,0.209,0.101,0.115,0.175,0.06,0.142,0.081,-0.061,0.124,0.153,0.029,0.084
48,9,0.348,0.163,-0.185,0.119,0.309,0.19,0.092,0.143,0.051,0.129,0.199,0.07,0.121,1.344,1.223,0.098,0.33,0.232,0.558,0.253,-0.305,0.093,0.5,0.407,0.097,0.438,0.341,0.092,0.211,0.119,1,0.802,-0.198,0.104,0.498,0.394,0.119,0.488,0.369,0.116,0.274,0.158,0.105,0.374,0.269,0.102,0.337,0.235,0.1,0.18,0.08,0.151,0.084,-0.067,0.146,0.539,0.393,0.073
48,10,0.627,0.486,-0.141,0.088,0.293,0.205,0.087,0.306,0.219,0.105,0.336,0.231,0.113,0.446,0.333,0.1,0.312,0.212,0.689,0.342,-0.347,0.08,0.565,0.485,0.089,0.361,0.272,0.089,0.143,0.054,0.688,0.421,-0.267,0.115,0.497,0.382,0.102,0.672,0.57,0.12,0.216,0.096,0.108,0.19,0.082,0.108,0.196,0.088,0.105,0.201,0.096,0.145,0.1,-0.045,0.121,0.206,0.085,0.087
51,2,0.662,0.574,-0.088,0.124,0.645,0.521,0.113,0.079,-0.034,0.087,0.571,0.484,0.11,0.502,0.392,0.063,0.306,0.243,0.412,0.224,-0.188,0.13,1.113,0.983,0.114,0.084,-0.03,0.105,0.074,-0.031,0.449,0.292,-0.157,0.136,0.463,0.327,0.123,0.403,0.28,0.084,0.537,0.453,0.084,0.068,-0.016,0.077,0.095,0.018,0.06,0.148,0.088,0.106,0.055,-0.051,0.101,0.116,0.015,0.111
51,3,0.595,0.528,-0.067,0.111,0.199,0.088,0.084,0.052,-0.032,0.082,0.144,0.062,0.121,1.018,0.897,0.062,0.345,0.283,0.362,0.181,-0.181,0.109,0.504,0.395,0.14,0.11,-0.03,0.098,0.751,0.653,0.312,0.197,-0.115,0.146,0.392,0.246,0.111,1.033,0.922,0.139,0.53,0.391,0.1,0.086,-0.014,0.069,0.097,0.028,0.082,0.175,0.093,0.101,0.037,-0.064,0.119,0.878,0.759,0.118
51,4,0.451,0.337,-0.114,0.14,0.241,0.101,0.119,0.079,-0.04,0.077,0.584,0.507,0.087,0.235,0.148,0.076,0.299,0.223,0.239,0.139,-0.1,0.112,0.357,0.245,0.077,0.491,0.414,0.121,0.09,-0.031,0.635,0.547,-0.088,0.112,0.352,0.24,0.09,0.527,0.437,0.106,0.279,0.173,0.079,0.097,0.018,0.068,0.094,0.026,0.076,0.148,0.072,0.093,0.042,-0.051,0.095,0.119,0.024,0.1
51,5,0.421,0.366,-0.055,0.076,0.138,0.062,0.119,0.102,-0.017,0.085,0.785,0.7,0.076,0.26,0.184,0.089,0.355,0.266,0.425,0.14,-0.285,0.093,0.557,0.464,0.084,0.198,0.114,0.084,0.138,0.054,0.735,0.628,-0.107,0.138,0.395,0.257,0.107,0.732,0.625,0.097,0.182,0.085,0.096,0.1,0.004,0.068,0.091,0.023,0.082,0.144,0.062,0.09,0.058,-0.032,0.068,0.086,0.018,0.113
51,7,0.522,0.387,-0.135,0.103,0.355,0.252,0.092,0.112,0.02,0.09,0.538,0.448,0.1,0.509,0.409,0.089,0.221,0.132,0.272,0.148,-0.124,0.093,0.453,0.36,0.082,1.188,1.106,0.1,0.133,0.033,0.551,0.445,-0.106,0.122,0.439,0.317,0.076,0.469,0.393,0.108,0.167,0.059,0.114,0.118,0.004,0.074,0.063,-0.011,0.106,0.188,0.082,0.098,0.042,-0.056,0.111,0.298,0.187,0.11
51,8,0.348,0.276,-0.072,0.119,0.173,0.054,0.124,0.095,-0.029,0.076,0.19,0.114,0.095,0.136,0.041,0.1,0.289,0.189,0.27,0.126,-0.144,0.12,1.147,1.027,0.102,1.959,1.857,0.103,0.126,0.023,0.889,0.801,-0.088,0.116,0.316,0.2,0.097,0.662,0.565,0.091,0.12,0.029,0.11,0.086,-0.024,0.101,0.061,-0.04,0.092,0.144,0.052,0.114,0.055,-0.059,0.119,0.129,0.01,0.1
51,9,0.195,0.15,-0.045,0.087,0.234,0.147,0.119,0.104,-0.015,0.067,0.419,0.352,0.103,0.284,0.181,0.066,0.27,0.204,0.601,0.427,-0.174,0.144,0.341,0.197,0.094,0.397,0.303,0.119,0.107,-0.012,0.257,0.154,-0.103,0.122,1.192,1.07,0.097,0.258,0.161,0.118,0.128,0.01,0.14,0.116,-0.024,0.084,0.1,0.016,0.071,0.146,0.075,0.1,0.039,-0.061,0.106,0.155,0.049,0.068
51,10,3.184,3.131,-0.053,0.09,0.162,0.072,0.1,0.073,-0.027,0.08,0.906,0.826,0.087,0.698,0.611,0.068,0.421,0.353,0.406,0.274,-0.132,0.098,0.559,0.461,0.077,0.214,0.137,0.081,0.172,0.091,0.538,0.408,-0.13,0.106,0.418,0.312,0.097,0.938,0.841,0.108,0.142,0.034,0.073,0.135,0.062,0.085,0.1,0.015,0.084,0.218,0.134,0.138,0.079,-0.059,0.101,0.109,0.008,0.065
54,2,0.448,0.211,-0.237,0.122,0.355,0.233,0.104,0.171,0.067,0.099,0.186,0.087,0.139,1.021,0.882,0.107,1.102,0.995,0.528,0.201,-0.327,0.111,0.648,0.537,0.107,0.21,0.103,0.115,0.241,0.126,0.466,0.242,-0.224,0.114,0.501,0.387,0.096,1.277,1.181,0.099,0.186,0.087,0.094,0.132,0.038,0.102,0.182,0.08,0.093,0.577,0.484,0.134,0.07,-0.064,0.113,0.656,0.543,0.107
54,3,0.654,0.395,-0.259,0.113,2.087,1.974,0.12,0.138,0.018,0.112,0.145,0.033,0.167,0.285,0.118,0.097,0.333,0.236,0.521,0.283,-0.238,0.103,1.511,1.408,0.102,0.196,0.094,0.11,0.179,0.069,0.401,0.176,-0.225,0.103,0.489,0.386,0.094,1.018,0.924,0.122,0.448,0.326,0.118,0.136,0.018,0.093,0.158,0.065,0.099,0.747,0.648,0.134,0.078,-0.056,0.12,0.216,0.096,0.099
54,4,0.513,0.324,-0.189,0.089,0.286,0.197,0.109,0.15,0.041,0.099,0.177,0.078,0.14,1.75,1.61,0.083,0.322,0.239,0.492,0.196,-0.296,0.117,1.525,1.408,0.1,0.76,0.66,0.115,0.146,0.031,0.333,0.107,-0.226,0.109,0.318,0.209,0.115,0.624,0.509,0.099,0.194,0.095,0.104,0.153,0.049,0.104,0.15,0.046,0.097,0.578,0.481,0.149,0.083,-0.066,0.108,0.871,0.763,0.099
54,5,0.497,0.269,-0.228,0.105,0.518,0.413,0.107,0.143,0.036,0.125,0.151,0.026,0.14,0.202,0.062,0.099,0.338,0.239,0.61,0.256,-0.354,0.106,1.212,1.106,0.094,0.186,0.092,0.087,0.166,0.079,0.461,0.165,-0.296,0.095,1.111,1.016,0.106,0.513,0.407,0.106,0.181,0.075,0.11,0.151,0.041,0.091,0.14,0.049,0.101,0.549,0.448,0.123,0.068,-0.055,0.104,0.153,0.049,0.091
54,7,0.421,0.253,-0.168,0.087,0.299,0.212,0.101,0.127,0.026,0.094,0.597,0.503,0.118,0.198,0.08,0.109,0.559,0.45,0.367,0.159,-0.208,0.101,0.4,0.299,0.102,0.204,0.102,0.089,0.112,0.023,0.388,0.157,-0.231,0.108,0.462,0.354,0.091,0.451,0.36,0.115,0.187,0.072,0.112,0.15,0.038,0.097,0.107,0.01,0.089,0.297,0.208,0.129,0.07,-0.059,0.119,0.157,0.038,0.122
54,8,0.473,0.305,-0.168,0.095,0.301,0.206,0.115,0.138,0.023,0.113,0.195,0.082,0.143,0.488,0.345,0.104,1.032,0.928,0.808,0.57,-0.238,0.087,0.4,0.313,0.086,0.289,0.203,0.073,0.721,0.648,0.322,0.118,-0.204,0.1,0.33,0.23,0.099,0.893,0.794,0.118,0.213,0.095,0.109,0.148,0.039,0.088,0.14,0.052,0.091,0.399,0.308,0.121,0.052,-0.069,0.1,0.293,0.193,0.091
54,9,0.406,0.227,-0.179,0.092,0.592,0.5,0.112,0.145,0.033,0.115,0.174,0.059,0.133,0.203,0.07,0.096,0.294,0.198,0.432,0.204,-0.228,0.092,0.446,0.354,0.104,0.505,0.401,0.118,0.153,0.035,0.558,0.317,-0.241,0.121,0.405,0.284,0.099,0.701,0.602,0.107,0.205,0.098,0.117,0.158,0.041,0.099,0.15,0.051,0.1,0.971,0.871,0.147,0.076,-0.071,0.103,0.226,0.123,0.117
54,10,0.651,0.46,-0.191,0.086,0.702,0.616,0.1,0.107,0.007,0.078,0.173,0.095,0.112,0.192,0.08,0.112,0.402,0.29,0.443,0.21,-0.233,0.084,0.389,0.305,0.097,0.156,0.059,0.109,0.127,0.018,0.375,0.168,-0.207,0.113,0.346,0.233,0.096,0.466,0.37,0.113,0.195,0.082,0.109,0.176,0.067,0.099,0.117,0.018,0.086,0.291,0.205,0.134,0.071,-0.063,0.118,0.179,0.061,0.142
57,2,0.492,0.332,-0.16,0.097,0.293,0.196,0.089,0.276,0.187,0.118,0.068,-0.05,0.134,1.041,0.907,0.086,0.096,0.01,0.261,0.1,-0.161,0.13,0.397,0.267,0.146,0.164,0.018,0.084,0.225,0.141,0.27,0.136,-0.134,0.145,0.25,0.105,0.112,0.328,0.216,0.159,0.133,-0.026,0.167,0.138,-0.029,0.118,0.136,0.018,0.118,0.078,-0.04,0.205,0.144,-0.061,0.129,0.082,-0.047,0.11
57,3,0.429,0.256,-0.173,0.103,0.391,0.288,0.084,0.132,0.048,0.129,0.078,-0.051,0.103,0.488,0.385,0.099,0.158,0.059,0.208,0.102,-0.106,0.135,0.348,0.213,0.094,0.639,0.545,0.096,0.189,0.093,0.27,0.13,-0.14,0.129,0.289,0.16,0.12,0.341,0.221,0.148,0.088,-0.06,0.159,0.133,-0.026,0.12,0.101,-0.019,0.103,0.053,-0.05,0.2,0.136,-0.064,0.122,0.04,-0.082,0.113
57,4,0.442,0.326,-0.116,0.087,0.226,0.139,0.086,0.107,0.021,0.118,0.052,-0.066,0.147,0.299,0.152,0.086,0.127,0.041,0.244,0.133,-0.111,0.139,0.265,0.126,0.12,0.174,0.054,0.084,0.112,0.028,0.218,0.104,-0.114,0.14,0.238,0.098,0.125,0.274,0.149,0.151,0.106,-0.045,0.165,0.141,-0.024,0.092,0.107,0.015,0.141,0.099,-0.042,0.205,0.17,-0.035,0.135,0.138,0.003,0.103
57,5,0.395,0.263,-0.132,0.119,0.309,0.19,0.102,0.115,0.013,0.118,0.06,-0.058,0.157,0.239,0.082,0.084,0.137,0.053,0.268,0.139,-0.129,0.145,0.333,0.188,0.12,0.225,0.105,0.094,0.209,0.115,0.553,0.17,-0.383,0.151,0.586,0.435,0.13,0.508,0.378,0.124,0.057,-0.067,0.172,0.182,0.01,0.128,0.097,-0.031,0.11,0.068,-0.042,0.197,0.138,-0.059,0.138,0.066,-0.072,0.098
57,7,0.414,0.264,-0.15,0.123,0.273,0.15,0.076,0.132,0.056,0.13,0.192,0.062,0.122,0.279,0.157,0.089,0.114,0.025,0.231,0.116,-0.115,0.129,0.442,0.313,0.107,0.341,0.234,0.096,0.348,0.252,0.252,0.136,-0.116,0.135,0.222,0.087,0.125,0.264,0.139,0.117,0.062,-0.055,0.17,0.161,-0.009,0.11,0.099,-0.011,0.1,0.066,-0.034,0.184,0.123,-0.061,0.123,0.076,-0.047,0.079
57,8,0.333,0.182,-0.151,0.119,0.3,0.181,0.088,0.199,0.111,0.144,0.101,-0.043,0.129,0.206,0.077,0.083,0.163,0.08,0.394,0.198,-0.196,0.182,0.422,0.24,0.133,0.239,0.106,0.092,0.023,-0.069,0.295,0.132,-0.163,0.132,0.289,0.157,0.11,0.565,0.455,0.15,0.059,-0.091,0.167,0.153,-0.014,0.102,0.118,0.016,0.081,0.044,-0.037,0.194,0.128,-0.066,0.132,0.074,-0.058,0.079
57,9,0.301,0.161,-0.14,0.119,0.165,0.046,0.086,0.127,0.041,0.121,0.2,0.079,0.107,0.904,0.797,0.091,0.364,0.273,0.217,0.039,-0.178,0.185,0.324,0.139,0.119,0.42,0.301,0.1,0.06,-0.04,0.303,0.126,-0.177,0.127,0.498,0.371,0.154,0.311,0.157,0.143,0.098,-0.045,0.163,0.188,0.025,0.102,0.127,0.025,0.094,0.068,-0.026,0.197,0.123,-0.074,0.135,0.087,-0.048,0.092
57,10,0.487,0.353,-0.134,0.097,0.203,0.106,0.089,0.147,0.058,0.113,0.073,-0.04,0.163,0.474,0.311,0.089,0.513,0.424,0.278,0.146,-0.132,0.158,0.338,0.18,0.131,0.254,0.123,0.099,0.08,-0.019,0.296,0.118,-0.178,0.149,0.401,0.252,0.172,0.488,0.316,0.162,0.104,-0.058,0.133,0.262,0.129,0.096,0.067,-0.029,0.105,0.074,-0.031,0.207,0.128,-0.079,0.131,0.105,-0.026,0.099
60,2,0.343,0.148,-0.195,0.135,0.655,0.52,0.149,0.252,0.103,0.125,0.312,0.187,0.222,1.379,1.157,0.105,0.295,0.19,0.383,0.225,-0.158,0.132,0.654,0.522,0.141,0.326,0.185,0.109,1.387,1.278,0.425,0.23,-0.195,0.159,1.422,1.263,0.146,0.48,0.334,0.128,0.434,0.306,0.138,0.195,0.057,0.156,0.174,0.018,0.11,0.241,0.131,0.112,0.191,0.079,0.071,0.23,0.159,0.159
60,3,0.39,0.289,-0.101,0.119,0.327,0.208,0.199,0.18,-0.019,0.147,0.583,0.436,0.152,1.383,1.231,0.047,0.929,0.882,0.405,0.241,-0.164,0.137,0.441,0.304,0.112,0.477,0.365,0.149,0.274,0.125,0.535,0.359,-0.176,0.145,0.611,0.466,0.109,0.791,0.682,0.128,0.279,0.151,0.146,0.29,0.144,0.165,0.19,0.025,0.092,0.225,0.133,0.112,0.207,0.095,0.078,0.124,0.046,0.222
60,4,0.573,0.462,-0.111,0.142,2.333,2.191,0.157,0.458,0.301,0.159,0.328,0.169,0.154,1.031,0.877,0.149,0.285,0.136,0.349,0.199,-0.15,0.166,0.421,0.255,0.175,0.444,0.269,0.107,0.185,0.078,0.465,0.332,-0.133,0.145,1.173,1.028,0.133,1.431,1.298,0.115,0.331,0.216,0.149,0.249,0.1,0.146,0.19,0.044,0.112,0.253,0.141,0.11,0.194,0.084,0.092,0.159,0.067,0.138
60,5,0.598,0.478,-0.12,0.171,0.307,0.136,0.155,0.12,-0.035,0.136,0.409,0.273,0.141,0.547,0.406,0.094,0.2,0.106,0.374,0.242,-0.132,0.116,0.374,0.258,0.128,0.585,0.457,0.123,0.221,0.098,0.812,0.658,-0.154,0.177,0.975,0.798,0.13,1.377,1.247,0.12,0.277,0.157,0.149,0.22,0.071,0.162,0.195,0.033,0.118,0.264,0.146,0.12,0.241,0.121,0.073,1.328,1.255,0.161
60,7,0.505,0.421,-0.084,0.149,0.357,0.208,0.21,0.168,-0.042,0.167,0.352,0.185,0.212,0.852,0.64,0.169,0.481,0.312,0.419,0.266,-0.153,0.132,0.456,0.324,0.147,0.661,0.514,0.12,1.398,1.278,0.509,0.366,-0.143,0.174,0.883,0.709,0.154,0.648,0.494,0.11,0.225,0.115,0.152,0.195,0.043,0.17,0.177,0.007,0.139,0.288,0.149,0.136,0.225,0.089,0.12,0.21,0.09,0.167
60,8,0.393,0.284,-0.109,0.14,0.279,0.139,0.112,0.168,0.056,0.154,0.331,0.177,0.149,0.702,0.553,0.151,2.252,2.101,0.424,0.251,-0.173,0.119,0.736,0.617,0.17,0.324,0.154,0.128,0.226,0.098,0.671,0.534,-0.137,0.153,0.878,0.725,0.151,0.396,0.245,0.109,0.238,0.129,0.169,0.241,0.072,0.175,0.193,0.018,0.107,0.245,0.138,0.162,0.252,0.09,0.126,0.336,0.21,0.131
60,9,0.435,0.332,-0.103,0.134,0.326,0.192,0.149,0.167,0.018,0.131,0.316,0.185,0.138,0.32,0.182,0.149,0.975,0.826,0.33,0.164,-0.166,0.117,0.793,0.676,0.146,0.367,0.221,0.105,0.156,0.051,0.662,0.503,-0.159,0.172,1.965,1.793,0.143,1.081,0.938,0.131,0.269,0.138,0.162,0.203,0.041,0.154,0.172,0.018,0.173,0.337,0.164,0.128,0.194,0.066,0.126,0.246,0.12,0.144
60,10,0.839,0.725,-0.114,0.148,0.32,0.172,0.143,0.156,0.013,0.147,0.358,0.211,0.151,1.513,1.362,0.162,0.9,0.738,0.452,0.282,-0.17,0.138,0.833,0.695,0.182,0.524,0.342,0.125,0.526,0.401,0.394,0.264,-0.13,0.161,0.879,0.718,0.138,0.616,0.478,0.146,0.298,0.152,0.167,0.198,0.031,0.146,0.166,0.02,0.131,0.285,0.154,0.117,0.21,0.093,0.127,0.287,0.16,0.14
63,2,0.269,0.162,-0.107,0.146,0.208,0.062,0.111,0.079,-0.032,0.156,0.137,-0.019,0.155,1.727,1.572,0.15,0.334,0.184,0.348,0.163,-0.185,0.138,0.659,0.521,0.145,0.536,0.391,0.086,0.226,0.14,0.222,0.142,-0.08,0.148,0.654,0.506,0.094,1.026,0.932,0.1,0.229,0.129,0.163,0.274,0.111,0.137,0.173,0.036,0.105,0.177,0.072,0.144,0.05,-0.094,0.162,0.183,0.021,0.105
63,3,0.211,0.108,-0.103,0.14,0.262,0.122,0.118,0.126,0.008,0.126,0.146,0.02,0.137,2.185,2.048,0.179,0.547,0.368,0.348,0.195,-0.153,0.103,0.445,0.342,0.161,0.184,0.023,0.087,0.159,0.072,0.234,0.103,-0.131,0.191,0.786,0.595,0.095,0.633,0.538,0.066,0.1,0.034,0.134,0.099,-0.035,0.132,0.158,0.026,0.11,0.175,0.065,0.141,0.057,-0.084,0.139,0.088,-0.051,0.096
63,4,0.185,0.089,-0.096,0.13,0.182,0.052,0.121,0.063,-0.058,0.15,0.136,-0.014,0.135,0.464,0.329,0.163,0.585,0.422,0.309,0.163,-0.146,0.082,0.464,0.382,0.123,0.838,0.715,0.126,0.382,0.256,0.354,0.221,-0.133,0.17,0.906,0.736,0.139,0.711,0.572,0.118,0.134,0.016,0.126,0.097,-0.029,0.132,0.168,0.036,0.118,0.185,0.067,0.146,0.063,-0.083,0.143,0.106,-0.037,0.108
63,5,0.256,0.173,-0.083,0.119,0.173,0.054,0.122,0.04,-0.082,0.138,0.148,0.01,0.131,0.9,0.769,0.176,1.038,0.862,0.415,0.219,-0.196,0.133,0.932,0.799,0.181,0.339,0.158,0.107,0.242,0.135,1.567,1.357,-0.21,0.181,0.928,0.747,0.11,0.62,0.51,0.139,0.128,-0.011,0.15,0.113,-0.037,0.145,0.176,0.031,0.136,0.196,0.06,0.156,0.065,-0.091,0.175,0.161,-0.014,0.127
63,7,0.198,0.11,-0.088,0.138,0.184,0.046,0.14,0.095,-0.045,0.145,0.16,0.015,0.155,0.288,0.133,0.202,0.976,0.774,0.338,0.163,-0.175,0.11,0.455,0.345,0.171,0.263,0.092,0.095,0.194,0.099,0.849,0.75,-0.099,0.085,0.458,0.373,0.118,0.336,0.218,0.107,0.164,0.057,0.118,0.087,-0.031,0.121,0.139,0.018,0.113,0.167,0.054,0.162,0.069,-0.093,0.14,0.111,-0.029,0.102
63,8,0.177,0.097,-0.08,0.116,0.145,0.029,0.111,0.052,-0.059,0.13,0.108,-0.022,0.14,0.342,0.202,0.155,0.52,0.365,0.406,0.192,-0.214,0.125,0.932,0.807,0.16,0.245,0.085,0.113,0.483,0.37,0.366,0.208,-0.158,0.184,0.694,0.51,0.124,0.33,0.206,0.143,0.161,0.018,0.139,0.107,-0.032,0.124,0.144,0.02,0.121,0.191,0.07,0.14,0.071,-0.069,0.151,0.09,-0.061,0.111
63,9,0.172,0.1,-0.072,0.103,0.136,0.033,0.128,0.048,-0.08,0.13,0.098,-0.032,0.124,0.22,0.096,0.189,0.574,0.385,0.321,0.148,-0.173,0.125,0.757,0.632,0.148,0.166,0.018,0.102,0.211,0.109,0.233,0.081,-0.152,0.179,0.883,0.704,0.115,0.302,0.187,0.139,0.154,0.015,0.122,0.102,-0.02,0.125,0.135,0.01,0.092,0.149,0.057,0.156,0.078,-0.078,0.181,0.149,-0.032,0.11
63,10,0.189,0.118,-0.071,0.098,0.142,0.044,0.124,0.039,-0.085,0.122,0.103,-0.019,0.14,0.463,0.323,0.148,0.559,0.411,0.399,0.195,-0.204,0.144,0.489,0.345,0.166,0.258,0.092,0.109,0.237,0.128,0.349,0.248,-0.101,0.17,0.853,0.683,0.116,0.642,0.526,0.136,0.162,0.026,0.149,0.12,-0.029,0.124,0.158,0.034,0.139,0.206,0.067,0.13,0.058,-0.072,0.169,0.143,-0.026,0.103
66,2,0.361,0.279,-0.082,0.177,1.676,1.499,0.069,1.516,1.447,0.077,0.556,0.479,0.139,0.954,0.815,0.077,2.029,1.952,0.208,0.187,-0.021,0.105,1.833,1.728,0.074,0.63,0.556,0.087,1.889,1.802,0.214,0.161,-0.053,0.137,2.121,1.984,0.074,0.693,0.619,0.076,0.669,0.593,0.128,1.732,1.604,0.081,0.734,0.653,0.078,0.762,0.684,0.129,0.442,0.313,0.071,0.85,0.779,0.082
66,3,0.262,0.231,-0.031,0.113,1.379,1.266,0.087,1.651,1.564,0.087,0.597,0.51,0.15,0.668,0.518,0.076,1.537,1.461,0.207,0.173,-0.034,0.108,1.525,1.417,0.063,0.63,0.567,0.089,1.047,0.958,0.294,0.19,-0.104,0.183,1.62,1.437,0.076,0.778,0.702,0.074,0.682,0.608,0.142,0.647,0.505,0.087,0.734,0.647,0.079,0.682,0.603,0.163,0.264,0.101,0.073,0.734,0.661,0.079
66,4,0.265,0.202,-0.063,0.153,1.236,1.083,0.084,0.897,0.813,0.076,1.037,0.961,0.118,0.999,0.881,0.065,0.886,0.821,0.265,0.182,-0.083,0.153,1.438,1.285,0.081,0.599,0.518,0.089,0.771,0.682,0.804,0.758,-0.046,0.124,1.774,1.65,0.071,0.959,0.888,0.079,0.734,0.655,0.134,0.709,0.575,0.084,0.82,0.736,0.076,0.609,0.533,0.144,0.178,0.034,0.079,0.695,0.616,0.079
66,5,0.264,0.166,-0.098,0.174,1.516,1.342,0.076,0.822,0.746,0.086,0.589,0.503,0.139,1.255,1.116,0.071,0.838,0.767,0.246,0.163,-0.083,0.156,0.886,0.73,0.085,0.817,0.732,0.076,0.856,0.78,0.349,0.219,-0.13,0.175,1.967,1.792,0.074,0.739,0.665,0.076,0.768,0.692,0.152,0.67,0.518,0.076,0.457,0.381,0.084,0.361,0.277,0.158,0.163,0.005,0.071,0.734,0.663,0.076
66,7,0.322,0.208,-0.114,0.175,1.547,1.372,0.077,0.968,0.891,0.07,0.575,0.505,0.158,0.712,0.554,0.079,1.105,1.026,0.245,0.16,-0.085,0.159,1.03,0.871,0.081,0.492,0.411,0.084,0.69,0.606,0.455,0.29,-0.165,0.208,1.085,0.877,0.071,0.799,0.728,0.079,1.14,1.061,0.156,0.655,0.499,0.077,0.53,0.453,0.084,0.231,0.147,0.142,0.173,0.031,0.063,0.741,0.678,0.084
66,8,0.291,0.176,-0.115,0.178,0.906,0.728,0.07,1.819,1.749,0.07,0.588,0.518,0.121,0.595,0.474,0.069,0.905,0.836,0.394,0.279,-0.115,0.162,0.978,0.816,0.076,0.306,0.23,0.076,0.804,0.728,0.866,0.759,-0.107,0.157,1.936,1.779,0.068,0.847,0.779,0.082,0.618,0.536,0.136,0.82,0.684,0.074,0.903,0.829,0.078,0.529,0.451,0.173,0.207,0.034,0.058,0.811,0.753,0.085
66,9,0.328,0.187,-0.141,0.196,1.403,1.207,0.081,0.775,0.694,0.077,0.939,0.862,0.123,0.665,0.542,0.071,0.847,0.776,0.413,0.293,-0.12,0.151,0.793,0.642,0.09,0.299,0.209,0.081,0.918,0.837,0.441,0.34,-0.101,0.162,1.477,1.315,0.079,0.856,0.777,0.086,0.257,0.171,0.108,1.059,0.951,0.07,1.749,1.679,0.081,0.449,0.368,0.168,0.181,0.013,0.068,1.348,1.28,0.086
66,10,0.309,0.202,-0.107,0.162,1.356,1.194,0.086,1.177,1.091,0.102,0.169,0.067,0.15,0.917,0.767,0.073,0.697,0.624,0.495,0.372,-0.123,0.18,0.9,0.72,0.084,0.257,0.173,0.087,0.654,0.567,0.446,0.348,-0.098,0.164,1.366,1.202,0.084,0.812,0.728,0.078,0.64,0.562,0.137,0.916,0.779,0.079,0.68,0.601,0.073,0.602,0.529,0.136,0.125,-0.011,0.085,0.634,0.549,0.084
69,2,0.069,-0.034,-0.103,0.122,0.207,0.085,0.084,0.068,-0.016,0.095,0.17,0.075,0.126,0.546,0.42,0.097,0.237,0.14,0.44,0.3,-0.14,0.077,0.371,0.294,0.102,0.128,0.026,0.084,0.499,0.415,0.311,0.168,-0.143,0.098,0.868,0.77,0.066,0.27,0.204,0.082,0.151,0.069,0.098,0.152,0.054,0.097,0.083,-0.014,0.08,0.155,0.075,0.143,0.068,-0.075,0.12,0.638,0.518,0.094
69,3,0.067,0,-0.067,0.108,0.16,0.052,0.1,0.107,0.007,0.095,0.214,0.119,0.121,0.409,0.288,0.07,0.138,0.068,0.393,0.232,-0.161,0.098,0.837,0.739,0.089,0.177,0.088,0.098,0.152,0.054,0.748,0.61,-0.138,0.088,0.296,0.208,0.097,0.488,0.391,0.074,0.177,0.103,0.087,0.159,0.072,0.09,0.065,-0.025,0.082,0.157,0.075,0.13,0.066,-0.064,0.122,0.1,-0.022,0.103
69,4,0.33,0.231,-0.099,0.13,0.192,0.062,0.095,0.103,0.008,0.086,0.18,0.094,0.136,0.861,0.725,0.071,0.299,0.228,0.307,0.108,-0.199,0.134,0.793,0.659,0.107,0.083,-0.024,0.13,0.148,0.018,0.302,0.108,-0.194,0.138,0.743,0.605,0.081,0.547,0.466,0.137,0.176,0.039,0.092,0.172,0.08,0.108,0.118,0.01,0.074,0.169,0.095,0.136,0.058,-0.078,0.135,0.2,0.065,0.102
69,5,0.198,0.118,-0.08,0.111,0.178,0.067,0.106,0.069,-0.037,0.113,1.38,1.267,0.087,0.304,0.217,0.087,0.234,0.147,0.215,0.098,-0.117,0.088,0.518,0.43,0.084,0.107,0.023,0.092,0.201,0.109,0.309,0.147,-0.162,0.101,0.467,0.366,0.098,0.312,0.214,0.09,0.152,0.062,0.092,0.141,0.049,0.095,0.068,-0.027,0.087,0.18,0.093,0.114,0.047,-0.067,0.12,0.128,0.008,0.102
69,7,0.26,0.171,-0.089,0.103,0.165,0.062,0.124,0.105,-0.019,0.103,0.463,0.36,0.127,0.095,-0.032,0.116,0.364,0.248,0.27,0.127,-0.143,0.112,0.296,0.184,0.105,0.084,-0.021,0.087,0.258,0.171,0.174,0.108,-0.066,0.092,0.525,0.433,0.081,0.275,0.194,0.085,0.121,0.036,0.084,0.153,0.069,0.082,0.04,-0.042,0.077,0.172,0.095,0.115,0.032,-0.083,0.119,0.095,-0.024,0.106
69,8,0.203,0.118,-0.085,0.117,0.145,0.028,0.105,0.079,-0.026,0.087,0.369,0.282,0.111,0.079,-0.032,0.074,0.234,0.16,0.312,0.145,-0.167,0.096,0.421,0.325,0.1,0.115,0.015,0.084,0.172,0.088,0.182,0.081,-0.101,0.09,0.36,0.27,0.132,0.308,0.176,0.047,0.084,0.037,0.067,0.669,0.602,0.099,0.078,-0.021,0.071,0.172,0.101,0.109,0.053,-0.056,0.092,0.078,-0.014,0.122
69,9,0.158,0.11,-0.048,0.09,0.131,0.041,0.085,0.089,0.004,0.082,0.172,0.09,0.098,0.237,0.139,0.09,0.229,0.139,0.621,0.467,-0.154,0.093,0.324,0.231,0.094,0.483,0.389,0.084,0.177,0.093,0.212,0.108,-0.104,0.084,0.36,0.276,0.089,0.283,0.194,0.079,0.193,0.114,0.097,0.141,0.044,0.09,0.063,-0.027,0.071,0.144,0.073,0.132,0.055,-0.077,0.128,0.085,-0.043,0.087
69,10,0.35,0.266,-0.084,0.1,0.181,0.081,0.11,0.123,0.013,0.108,0.978,0.87,0.097,0.302,0.205,0.113,0.253,0.14,0.199,0.068,-0.131,0.114,0.6,0.486,0.094,0.221,0.127,0.113,0.486,0.373,0.19,0.127,-0.063,0.153,0.615,0.462,0.092,0.799,0.707,0.094,0.164,0.07,0.082,0.12,0.038,0.1,0.123,0.023,0.092,0.222,0.13,0.122,0.057,-0.065,0.101,0.275,0.174,0.16
72,2,0.4,0.311,-0.089,0.1,0.328,0.228,0.113,1.678,1.565,0.092,0.212,0.12,0.167,0.62,0.453,0.099,0.43,0.331,1.145,0.971,-0.174,0.16,0.768,0.608,0.099,0.228,0.129,0.098,0.358,0.26,0.792,0.647,-0.145,0.103,0.481,0.378,0.099,2.228,2.129,0.136,1,0.864,0.151,0.578,0.427,0.11,1.241,1.131,0.133,0.343,0.21,0.198,0.102,-0.096,0.177,0.315,0.138,0.128
72,3,0.765,0.638,-0.127,0.095,0.366,0.271,0.112,0.695,0.583,0.102,0.073,-0.029,0.144,0.697,0.553,0.086,0.171,0.085,0.815,0.677,-0.138,0.151,0.428,0.277,0.105,0.418,0.313,0.123,0.748,0.625,1.323,1.194,-0.129,0.098,0.368,0.27,0.144,1.09,0.946,0.133,0.259,0.126,0.125,0.86,0.735,0.131,0.447,0.316,0.162,0.272,0.11,0.21,0.123,-0.087,0.171,0.598,0.427,0.08
72,4,0.71,0.549,-0.161,0.103,0.765,0.662,0.094,0.718,0.624,0.113,0.488,0.375,0.156,0.534,0.378,0.11,0.297,0.187,0.569,0.4,-0.169,0.185,0.594,0.409,0.107,0.228,0.121,0.117,0.189,0.072,0.364,0.212,-0.152,0.087,0.761,0.674,0.138,0.57,0.432,0.165,0.458,0.293,0.169,1.285,1.116,0.096,0.454,0.358,0.156,0.277,0.121,0.197,0.091,-0.106,0.219,0.792,0.573,0.078
72,5,0.683,0.554,-0.129,0.093,0.836,0.743,0.115,0.632,0.517,0.083,0.273,0.19,0.222,0.628,0.406,0.118,0.205,0.087,1.015,0.725,-0.29,0.085,1.676,1.591,0.126,0.143,0.017,0.118,0.282,0.164,0.55,0.479,-0.071,0.102,0.596,0.494,0.156,1.424,1.268,0.149,0.352,0.203,0.172,0.715,0.543,0.138,0.379,0.241,0.157,0.178,0.021,0.199,0.104,-0.095,0.208,0.586,0.378,0.109
72,7,0.531,0.402,-0.129,0.095,0.434,0.339,0.116,0.717,0.601,0.115,0.503,0.388,0.151,0.743,0.592,0.109,0.215,0.106,0.702,0.539,-0.163,0.085,1.057,0.972,0.138,0.203,0.065,0.133,0.225,0.092,0.359,0.243,-0.116,0.127,0.446,0.319,0.096,0.521,0.425,0.112,0.168,0.056,0.164,2.016,1.852,0.099,0.665,0.566,0.136,0.07,-0.066,0.144,0.234,0.09,0.115,0.647,0.532,0.089
72,8,0.384,0.25,-0.134,0.108,0.541,0.433,0.109,0.312,0.203,0.11,0.091,-0.019,0.141,0.522,0.381,0.104,0.307,0.203,0.654,0.455,-0.199,0.098,0.68,0.582,0.097,0.233,0.136,0.125,0.205,0.08,0.278,0.138,-0.14,0.103,0.618,0.515,0.164,0.838,0.674,0.182,0.275,0.093,0.135,0.436,0.301,0.128,0.567,0.439,0.183,0.276,0.093,0.171,0.078,-0.093,0.2,0.38,0.18,0.156
72,9,0.523,0.402,-0.121,0.1,0.44,0.34,0.114,0.338,0.224,0.11,0.128,0.018,0.148,0.441,0.293,0.094,0.215,0.121,0.585,0.423,-0.162,0.193,0.522,0.329,0.112,0.344,0.232,0.127,0.163,0.036,0.357,0.264,-0.093,0.124,0.543,0.419,0.175,0.769,0.594,0.159,0.359,0.2,0.144,0.198,0.054,0.135,0.531,0.396,0.201,0.19,-0.011,0.182,0.087,-0.095,0.202,0.475,0.273,0.109
72,10,0.648,0.511,-0.137,0.105,0.882,0.777,0.128,0.728,0.6,0.097,0.112,0.015,0.13,0.565,0.435,0.096,0.896,0.8,0.455,0.282,-0.173,0.087,0.713,0.626,0.091,0.68,0.589,0.12,0.205,0.085,0.306,0.18,-0.126,0.108,0.625,0.517,0.146,0.663,0.517,0.12,0.297,0.177,0.144,0.455,0.311,0.091,0.533,0.442,0.172,0.249,0.077,0.203,0.1,-0.103,0.197,0.488,0.291,0.094
75,2,0.246,0.141,-0.105,0.066,0.814,0.748,0.07,0.265,0.195,0.068,0.559,0.491,0.076,0.436,0.36,0.068,0.674,0.606,0.201,0.152,-0.049,0.063,1.353,1.29,0.063,0.888,0.825,0.065,0.693,0.628,0.177,0.091,-0.086,0.06,1.467,1.407,0.073,0.536,0.463,0.075,0.211,0.136,0.073,0.235,0.162,0.071,0.945,0.874,0.065,0.209,0.144,0.099,0.196,0.097,0.071,0.6,0.529,0.065
75,3,0.313,0.143,-0.17,0.069,0.828,0.759,0.063,0.757,0.694,0.073,0.171,0.098,0.075,1.137,1.062,0.06,0.522,0.462,0.21,0.097,-0.113,0.064,1.486,1.422,0.068,0.499,0.431,0.068,0.505,0.437,0.256,0.154,-0.102,0.066,1.429,1.363,0.063,0.443,0.38,0.076,0.271,0.195,0.075,0.189,0.114,0.073,0.255,0.182,0.057,0.116,0.059,0.112,0.223,0.111,0.062,0.561,0.499,0.07
75,4,0.255,0.156,-0.099,0.066,0.562,0.496,0.057,0.325,0.268,0.054,0.54,0.486,0.078,1.192,1.114,0.065,0.589,0.524,0.174,0.084,-0.09,0.07,1.467,1.397,0.071,0.186,0.115,0.06,0.644,0.584,0.17,0.139,-0.031,0.059,1.651,1.592,0.075,0.747,0.672,0.072,0.165,0.093,0.078,0.166,0.088,0.065,0.229,0.164,0.06,0.127,0.067,0.098,0.145,0.047,0.067,0.209,0.142,0.065
75,5,0.244,0.182,-0.062,0.074,0.992,0.918,0.057,1.582,1.525,0.067,0.604,0.537,0.076,0.798,0.722,0.066,0.43,0.364,0.205,0.118,-0.087,0.068,1.419,1.351,0.067,0.394,0.327,0.065,0.767,0.702,0.17,0.089,-0.081,0.057,1.522,1.465,0.068,0.968,0.9,0.07,0.221,0.151,0.063,0.153,0.09,0.068,0.258,0.19,0.052,0.095,0.043,0.099,0.156,0.057,0.068,0.322,0.254,0.068
75,7,0.196,0.099,-0.097,0.065,0.955,0.89,0.063,0.495,0.432,0.059,0.154,0.095,0.066,0.958,0.892,0.065,1.569,1.504,0.201,0.107,-0.094,0.063,1.27,1.207,0.059,0.478,0.419,0.063,0.582,0.519,0.149,0.1,-0.049,0.073,1.235,1.162,0.078,1.001,0.923,0.065,0.358,0.293,0.071,0.284,0.213,0.067,0.345,0.278,0.06,0.152,0.092,0.1,0.174,0.074,0.083,1.081,0.998,0.062
75,8,0.256,0.104,-0.152,0.087,0.335,0.248,0.065,0.815,0.75,0.063,0.235,0.172,0.089,0.33,0.241,0.063,0.538,0.475,0.187,0.1,-0.087,0.07,0.529,0.459,0.057,1.885,1.828,0.062,0.985,0.923,0.162,0.121,-0.041,0.068,1.397,1.329,0.063,1.273,1.21,0.076,0.804,0.728,0.065,0.16,0.095,0.062,0.263,0.201,0.059,0.139,0.08,0.092,0.158,0.066,0.058,1.153,1.095,0.067
75,9,0.203,0.104,-0.099,0.068,0.668,0.6,0.062,0.363,0.301,0.065,0.155,0.09,0.078,0.664,0.586,0.055,0.792,0.737,0.173,0.131,-0.042,0.068,0.778,0.71,0.068,0.505,0.437,0.059,0.646,0.587,0.156,0.135,-0.021,0.066,1.394,1.328,0.075,0.705,0.63,0.089,0.369,0.28,0.08,0.183,0.103,0.058,0.266,0.208,0.065,0.129,0.064,0.13,0.213,0.083,0.078,0.494,0.416,0.063
75,10,0.226,0.17,-0.056,0.068,0.515,0.447,0.07,0.543,0.473,0.07,0.148,0.078,0.088,0.255,0.167,0.065,0.507,0.442,0.186,0.142,-0.044,0.07,0.89,0.82,0.089,0.392,0.303,0.058,0.888,0.83,0.272,0.151,-0.121,0.066,1.183,1.117,0.091,0.415,0.324,0.073,0.193,0.12,0.084,0.166,0.082,0.065,0.211,0.146,0.058,0.171,0.113,0.109,0.186,0.077,0.071,0.261,0.19,0.065
78,2,0.45,0.3,-0.15,0.122,0.32,0.198,0.13,0.339,0.209,0.12,11.101,10.981,0.151,0.288,0.137,0.156,0.987,0.831,0.576,0.329,-0.247,0.278,0.52,0.242,0.149,0.532,0.383,0.114,0.248,0.134,0.321,0.207,-0.114,0.145,0.373,0.228,0.121,3.392,3.271,0.164,0.56,0.396,0.125,0.261,0.136,0.11,0.228,0.118,0.099,0.125,0.026,0.257,0.141,-0.116,0.171,0.452,0.281,0.117
78,3,0.245,0.164,-0.081,0.105,0.195,0.09,0.107,0.187,0.08,0.127,0.166,0.039,0.162,0.413,0.251,0.159,0.409,0.25,0.461,0.254,-0.207,0.111,0.675,0.564,0.109,1.169,1.06,0.104,0.225,0.121,0.367,0.238,-0.129,0.098,0.579,0.481,0.094,1.966,1.872,0.109,0.209,0.1,0.117,1.429,1.312,0.086,0.279,0.193,0.099,0.148,0.049,0.218,0.109,-0.109,0.161,0.758,0.597,0.083
78,4,0.41,0.29,-0.12,0.087,0.197,0.11,0.113,0.159,0.046,0.117,0.186,0.069,0.136,0.195,0.059,0.091,2.064,1.973,0.396,0.162,-0.234,0.098,0.657,0.559,0.084,1.146,1.062,0.107,0.143,0.036,0.355,0.258,-0.097,0.108,0.641,0.533,0.093,0.793,0.7,0.081,0.127,0.046,0.091,0.469,0.378,0.091,0.227,0.136,0.099,0.166,0.067,0.239,0.144,-0.095,0.161,0.505,0.344,0.076
78,5,0.267,0.183,-0.084,0.105,0.226,0.121,0.088,0.191,0.103,0.083,0.351,0.268,0.154,1.241,1.087,0.097,0.272,0.175,0.46,0.272,-0.188,0.092,0.607,0.515,0.084,0.578,0.494,0.104,0.25,0.146,0.645,0.532,-0.113,0.074,3.453,3.379,0.078,1.269,1.191,0.118,0.202,0.084,0.097,0.315,0.218,0.094,0.22,0.126,0.083,0.106,0.023,0.19,0.076,-0.114,0.164,0.284,0.12,0.104
78,7,0.275,0.175,-0.1,0.086,0.187,0.101,0.125,0.403,0.278,0.112,1.495,1.383,0.17,0.275,0.105,0.112,0.712,0.6,0.397,0.193,-0.204,0.087,0.51,0.423,0.084,1.138,1.054,0.099,0.235,0.136,0.307,0.233,-0.074,0.105,0.606,0.501,0.102,1.007,0.905,0.084,0.145,0.061,0.089,0.186,0.097,0.097,0.243,0.146,0.092,0.135,0.043,0.202,0.115,-0.087,0.142,0.25,0.108,0.12
78,8,0.235,0.203,-0.032,0.094,0.248,0.154,0.12,0.233,0.113,0.113,1.236,1.123,0.13,0.388,0.258,0.122,0.24,0.118,0.443,0.28,-0.163,0.106,0.664,0.558,0.097,1.357,1.26,0.112,0.298,0.186,0.313,0.229,-0.084,0.105,0.326,0.221,0.115,2.694,2.579,0.123,0.19,0.067,0.11,0.199,0.089,0.118,0.328,0.21,0.113,0.169,0.056,0.245,0.139,-0.106,0.171,0.49,0.319,0.091
78,9,0.319,0.177,-0.142,0.095,0.234,0.139,0.138,0.365,0.227,0.107,0.402,0.295,0.157,0.998,0.841,0.102,0.667,0.565,0.307,0.162,-0.145,0.095,0.623,0.528,0.081,0.986,0.905,0.112,0.184,0.072,0.34,0.261,-0.079,0.103,0.347,0.244,0.107,1.74,1.633,0.122,0.21,0.088,0.091,0.163,0.072,0.099,0.222,0.123,0.086,0.099,0.013,0.192,0.102,-0.09,0.145,0.178,0.033,0.088
78,10,0.387,0.295,-0.092,0.108,0.187,0.079,0.131,0.149,0.018,0.133,0.151,0.018,0.133,0.164,0.031,0.13,0.354,0.224,0.44,0.253,-0.187,0.095,0.631,0.536,0.094,1.007,0.913,0.104,0.15,0.046,0.246,0.186,-0.06,0.087,1.056,0.969,0.083,0.713,0.63,0.086,0.171,0.085,0.081,0.168,0.087,0.087,0.212,0.125,0.076,0.107,0.031,0.189,0.094,-0.095,0.158,0.204,0.046,0.086
81,2,0.621,0.376,-0.245,0.066,0.719,0.653,0.083,0.276,0.193,0.093,0.256,0.163,0.117,1.045,0.928,0.076,0.431,0.355,0.587,0.402,-0.185,0.159,0.792,0.633,0.112,0.564,0.452,0.16,0.363,0.203,0.432,0.243,-0.189,0.084,0.847,0.763,0.128,0.506,0.378,0.112,0.608,0.496,0.136,0.4,0.264,0.102,0.264,0.162,0.118,0.249,0.131,0.17,0.088,-0.082,0.153,0.163,0.01,0.104
81,3,0.588,0.318,-0.27,0.074,0.966,0.892,0.079,0.39,0.311,0.101,0.918,0.817,0.19,0.819,0.629,0.063,0.147,0.084,0.664,0.481,-0.183,0.154,0.7,0.546,0.122,0.51,0.388,0.099,0.264,0.165,0.568,0.416,-0.152,0.084,0.404,0.32,0.099,0.963,0.864,0.167,0.745,0.578,0.112,0.243,0.131,0.102,0.344,0.242,0.099,0.253,0.154,0.165,0.089,-0.076,0.155,0.199,0.044,0.132
81,4,0.841,0.572,-0.269,0.074,0.771,0.697,0.088,0.546,0.458,0.097,0.395,0.298,0.151,0.632,0.481,0.081,0.412,0.331,0.535,0.275,-0.26,0.106,0.925,0.819,0.131,0.27,0.139,0.125,0.495,0.37,0.557,0.288,-0.269,0.076,1.367,1.291,0.112,1.444,1.332,0.151,0.874,0.723,0.138,0.411,0.273,0.094,0.166,0.072,0.13,0.253,0.123,0.179,0.089,-0.09,0.171,0.189,0.018,0.105
81,5,0.716,0.468,-0.248,0.089,0.642,0.553,0.083,0.255,0.172,0.097,0.217,0.12,0.147,0.954,0.807,0.078,0.333,0.255,0.519,0.337,-0.182,0.151,0.637,0.486,0.152,0.313,0.161,0.147,0.422,0.275,0.468,0.277,-0.191,0.095,0.428,0.333,0.146,1.977,1.831,0.125,0.65,0.525,0.127,0.204,0.077,0.113,0.324,0.211,0.12,0.163,0.043,0.2,0.115,-0.085,0.155,0.215,0.06,0.129
81,7,0.674,0.475,-0.199,0.079,0.433,0.354,0.107,0.528,0.421,0.099,0.279,0.18,0.141,0.583,0.442,0.079,0.392,0.313,0.627,0.426,-0.201,0.183,0.605,0.422,0.143,0.269,0.126,0.12,0.346,0.226,0.547,0.359,-0.188,0.089,0.548,0.459,0.178,1.402,1.224,0.107,0.256,0.149,0.112,0.171,0.059,0.115,0.292,0.177,0.136,0.213,0.077,0.181,0.101,-0.08,0.153,0.908,0.755,0.098
81,8,0.757,0.519,-0.238,0.079,0.633,0.554,0.081,0.279,0.198,0.091,0.282,0.191,0.135,0.717,0.582,0.086,0.695,0.609,0.556,0.397,-0.159,0.188,0.532,0.344,0.126,0.524,0.398,0.159,0.46,0.301,0.568,0.372,-0.196,0.078,0.52,0.442,0.117,0.747,0.63,0.115,0.289,0.174,0.113,0.175,0.062,0.112,0.826,0.714,0.118,0.205,0.087,0.189,0.105,-0.084,0.181,0.204,0.023,0.12
81,9,0.544,0.319,-0.225,0.092,0.747,0.655,0.099,0.292,0.193,0.091,0.34,0.249,0.144,0.516,0.372,0.073,0.266,0.193,0.546,0.33,-0.216,0.177,0.651,0.474,0.101,0.616,0.515,0.159,0.364,0.205,0.456,0.293,-0.163,0.088,0.471,0.383,0.102,0.889,0.787,0.11,0.264,0.154,0.125,0.205,0.08,0.088,0.312,0.224,0.101,0.155,0.054,0.208,0.121,-0.087,0.181,0.268,0.087,0.154
81,10,0.667,0.426,-0.241,0.079,0.734,0.655,0.089,0.302,0.213,0.091,0.279,0.188,0.138,0.588,0.45,0.073,0.186,0.113,0.518,0.303,-0.215,0.186,0.77,0.584,0.096,0.392,0.296,0.13,0.354,0.224,0.591,0.288,-0.303,0.087,0.835,0.748,0.159,0.905,0.746,0.102,0.225,0.123,0.104,0.202,0.098,0.097,0.256,0.159,0.089,0.14,0.051,0.181,0.104,-0.077,0.158,0.186,0.028,0.126
84,2,0.332,0.169,-0.163,0.069,0.319,0.25,0.058,0.387,0.329,0.062,0.934,0.872,0.107,0.32,0.213,0.068,1.284,1.216,0.33,0.168,-0.162,0.071,0.72,0.649,0.063,0.628,0.565,0.123,0.226,0.103,0.332,0.206,-0.126,0.074,2.109,2.035,0.07,1.14,1.07,0.07,0.523,0.453,0.078,0.978,0.9,0.076,0.291,0.215,0.078,0.127,0.049,0.084,0.102,0.018,0.054,0.337,0.283,0.07
84,3,0.322,0.177,-0.145,0.079,0.87,0.791,0.075,0.528,0.453,0.067,0.72,0.653,0.099,0.717,0.618,0.08,1.85,1.77,0.222,0.081,-0.141,0.071,1.255,1.184,0.067,1.219,1.152,0.12,0.257,0.137,0.502,0.358,-0.144,0.066,1,0.934,0.07,0.932,0.862,0.069,0.957,0.888,0.071,0.904,0.833,0.075,0.327,0.252,0.078,0.117,0.039,0.075,0.127,0.052,0.057,0.335,0.278,0.067
84,4,0.29,0.172,-0.118,0.061,0.293,0.232,0.062,1.248,1.186,0.052,0.9,0.848,0.12,0.249,0.129,0.078,0.394,0.316,0.424,0.282,-0.142,0.069,1.232,1.163,0.07,0.173,0.103,0.102,0.266,0.164,0.44,0.309,-0.131,0.06,0.485,0.425,0.076,1.084,1.008,0.07,0.448,0.378,0.073,1.024,0.951,0.076,0.464,0.388,0.078,0.107,0.029,0.07,0.113,0.043,0.058,0.474,0.416,0.057
84,5,0.429,0.303,-0.126,0.066,0.344,0.278,0.073,0.42,0.347,0.07,0.672,0.602,0.117,0.32,0.203,0.068,0.631,0.563,0.408,0.275,-0.133,0.066,0.838,0.772,0.075,0.5,0.425,0.109,0.225,0.116,0.363,0.235,-0.128,0.063,0.457,0.394,0.076,0.93,0.854,0.067,0.242,0.175,0.068,0.376,0.308,0.068,1.125,1.057,0.078,0.15,0.072,0.078,0.116,0.038,0.063,0.338,0.275,0.065
84,7,0.89,0.725,-0.165,0.074,0.278,0.204,0.07,0.26,0.19,0.071,0.498,0.427,0.107,0.536,0.429,0.07,0.207,0.137,0.426,0.269,-0.157,0.076,1.013,0.937,0.071,0.546,0.475,0.117,0.223,0.106,0.332,0.212,-0.12,0.06,0.578,0.518,0.073,1.109,1.036,0.075,0.229,0.154,0.073,0.215,0.142,0.067,0.232,0.165,0.078,0.104,0.026,0.065,0.114,0.049,0.065,0.345,0.28,0.067
84,8,0.863,0.677,-0.186,0.066,0.433,0.367,0.075,0.821,0.746,0.07,1.531,1.461,0.112,0.202,0.09,0.07,0.286,0.216,0.586,0.358,-0.228,0.079,0.986,0.907,0.083,0.487,0.404,0.11,0.171,0.061,0.309,0.165,-0.144,0.061,0.517,0.456,0.078,1.176,1.098,0.083,0.258,0.175,0.076,0.256,0.18,0.075,0.242,0.167,0.073,0.094,0.021,0.072,0.147,0.075,0.062,0.361,0.299,0.07
84,9,1.012,0.847,-0.165,0.074,0.342,0.268,0.07,0.333,0.263,0.065,0.651,0.586,0.099,0.588,0.489,0.07,0.206,0.136,0.435,0.272,-0.163,0.079,1.212,1.133,0.068,0.155,0.087,0.107,0.179,0.072,1.183,1.026,-0.157,0.071,0.509,0.438,0.076,1.395,1.319,0.083,0.207,0.124,0.078,0.289,0.211,0.072,0.237,0.165,0.081,0.104,0.023,0.076,0.114,0.038,0.06,0.35,0.29,0.076
84,10,0.784,0.595,-0.189,0.079,0.777,0.698,0.076,0.343,0.267,0.068,0.845,0.777,0.101,0.41,0.309,0.065,0.281,0.216,0.343,0.186,-0.157,0.071,0.702,0.631,0.073,0.582,0.509,0.117,0.179,0.062,0.267,0.152,-0.115,0.073,0.578,0.505,0.075,1.168,1.093,0.076,0.225,0.149,0.083,0.206,0.123,0.071,0.246,0.175,0.08,0.109,0.029,0.065,0.139,0.074,0.055,0.559,0.504,0.086
84,2,0.447,0.222,-0.225,0.095,0.649,0.554,0.079,0.899,0.82,0.089,0.179,0.09,0.083,1.76,1.677,0.086,1.313,1.227,0.499,0.138,-0.361,0.106,1.156,1.05,0.078,0.5,0.422,0.086,0.631,0.545,0.481,0.324,-0.157,0.082,1.124,1.042,0.1,1.555,1.455,0.086,1.187,1.101,0.075,0.819,0.744,0.08,0.471,0.391,0.076,0.271,0.195,0.112,0.153,0.041,0.097,0.699,0.602,0.083
84,3,0.314,0.193,-0.121,0.084,0.714,0.63,0.086,0.377,0.291,0.086,0.217,0.131,0.081,0.945,0.864,0.081,1.145,1.064,1.187,0.81,-0.377,0.114,1.233,1.119,0.086,1.529,1.443,0.086,1.159,1.073,0.501,0.188,-0.313,0.14,1.153,1.013,0.104,0.912,0.808,0.084,0.287,0.203,0.106,1.364,1.258,0.081,0.335,0.254,0.097,0.313,0.216,0.141,0.287,0.146,0.089,0.492,0.403,0.089
87,4,0.548,0.187,-0.361,0.093,0.863,0.77,0.088,1.253,1.165,0.079,0.168,0.089,0.073,0.768,0.695,0.078,0.585,0.507,0.259,0.086,-0.173,0.106,0.68,0.574,0.086,0.595,0.509,0.096,0.742,0.646,0.293,0.207,-0.086,0.094,0.832,0.738,0.097,0.801,0.704,0.102,0.3,0.198,0.086,1.22,1.134,0.076,0.22,0.144,0.093,0.217,0.124,0.138,0.146,0.008,0.086,0.407,0.321,0.078
87,5,0.361,0.183,-0.178,0.089,0.743,0.654,0.081,0.266,0.185,0.078,0.258,0.18,0.1,3.127,3.027,0.073,0.778,0.705,0.392,0.261,-0.131,0.1,0.808,0.708,0.081,1.33,1.249,0.086,1.54,1.454,0.321,0.201,-0.12,0.082,0.918,0.836,0.096,1.505,1.409,0.1,0.205,0.105,0.102,1.869,1.767,0.08,0.332,0.252,0.099,0.588,0.489,0.159,0.133,-0.026,0.107,0.336,0.229,0.094
87,7,0.562,0.308,-0.254,0.106,1.409,1.303,0.091,0.302,0.211,0.081,0.986,0.905,0.099,0.948,0.849,0.084,0.279,0.195,0.372,0.196,-0.176,0.106,0.77,0.664,0.083,0.806,0.723,0.083,0.474,0.391,0.26,0.21,-0.05,0.08,0.747,0.667,0.093,1.256,1.163,0.083,0.196,0.113,0.11,1.007,0.897,0.076,0.207,0.131,0.104,0.199,0.095,0.139,0.107,-0.032,0.113,0.28,0.167,0.078
87,8,0.271,0.193,-0.078,0.092,0.39,0.298,0.078,1.187,1.109,0.075,0.126,0.051,0.079,0.896,0.817,0.076,0.534,0.458,0.223,0.115,-0.108,0.086,0.833,0.747,0.083,1.163,1.08,0.076,0.341,0.265,0.526,0.382,-0.144,0.089,1.564,1.475,0.088,0.945,0.857,0.093,0.533,0.44,0.097,1.308,1.211,0.078,0.173,0.095,0.091,0.197,0.106,0.136,0.112,-0.024,0.107,0.202,0.095,0.084
87,9,0.342,0.264,-0.078,0.089,0.403,0.314,0.075,0.967,0.892,0.079,0.148,0.069,0.086,0.943,0.857,0.078,0.618,0.54,0.325,0.112,-0.213,0.095,1.1,1.005,0.101,0.657,0.556,0.102,0.804,0.702,0.581,0.473,-0.108,0.087,0.707,0.62,0.094,0.801,0.707,0.101,0.199,0.098,0.094,1.792,1.698,0.073,0.199,0.126,0.099,0.199,0.1,0.128,0.117,-0.011,0.102,0.187,0.085,0.083
87,10,0.306,0.237,-0.069,0.095,0.936,0.841,0.083,0.286,0.203,0.084,0.549,0.465,0.102,0.873,0.771,0.081,0.536,0.455,0.273,0.115,-0.158,0.098,0.731,0.633,0.079,1.21,1.131,0.104,2.052,1.948,0.261,0.235,-0.026,0.083,1.009,0.926,0.094,0.909,0.815,0.091,0.21,0.119,0.093,1.48,1.387,0.08,0.451,0.371,0.114,0.212,0.098,0.139,0.11,-0.029,0.105,0.158,0.053,0.086
87,2,0.442,0.355,-0.087,0.119,0.376,0.257,0.107,0.662,0.555,0.11,0.079,-0.031,0.149,0.679,0.53,0.097,0.338,0.241,1.097,0.88,-0.217,0.203,0.729,0.526,0.104,0.541,0.437,0.131,0.293,0.162,0.302,0.16,-0.142,0.114,0.49,0.376,0.101,0.827,0.726,0.128,0.264,0.136,0.128,0.465,0.337,0.11,0.501,0.391,0.168,0.112,-0.056,0.182,0.118,-0.064,0.184,0.48,0.296,0.117
87,3,0.328,0.191,-0.137,0.126,0.325,0.199,0.115,0.436,0.321,0.136,0.102,-0.034,0.145,0.383,0.238,0.092,0.635,0.543,0.574,0.41,-0.164,0.143,0.596,0.453,0.097,0.323,0.226,0.139,0.149,0.01,0.396,0.283,-0.113,0.127,0.382,0.255,0.112,0.683,0.571,0.144,0.236,0.092,0.162,0.407,0.245,0.096,0.487,0.391,0.157,0.265,0.108,0.176,0.091,-0.085,0.19,0.432,0.242,0.146
87,4,0.452,0.339,-0.113,0.082,0.322,0.24,0.125,0.534,0.409,0.102,0.071,-0.031,0.136,0.715,0.579,0.122,0.153,0.031,0.642,0.455,-0.187,0.095,1.424,1.329,0.084,0.439,0.355,0.13,0.148,0.018,0.558,0.445,-0.113,0.084,0.391,0.307,0.141,0.8,0.659,0.133,0.269,0.136,0.102,0.565,0.463,0.107,0.549,0.442,0.249,0.501,0.252,0.233,0.162,-0.071,0.179,0.68,0.501,0.105
90,5,0.704,0.572,-0.132,0.111,0.719,0.608,0.122,0.385,0.263,0.131,0.084,-0.047,0.154,0.636,0.482,0.127,0.197,0.07,0.57,0.421,-0.149,0.18,0.663,0.483,0.123,0.275,0.152,0.117,0.138,0.021,0.573,0.484,-0.089,0.113,0.355,0.242,0.172,0.859,0.687,0.138,0.254,0.116,0.115,0.346,0.231,0.136,0.615,0.479,0.146,0.277,0.131,0.198,0.104,-0.094,0.19,0.708,0.518,0.088
90,7,0.716,0.603,-0.113,0.121,0.32,0.199,0.114,0.518,0.404,0.11,0.078,-0.032,0.145,0.376,0.231,0.11,0.326,0.216,0.336,0.241,-0.095,0.168,0.721,0.553,0.141,0.187,0.046,0.136,0.533,0.397,0.448,0.284,-0.164,0.146,0.591,0.445,0.131,0.579,0.448,0.136,0.223,0.087,0.135,0.362,0.227,0.115,1.023,0.908,0.105,0.243,0.138,0.123,0.21,0.087,0.128,0.27,0.142,0.104
90,8,0.532,0.405,-0.127,0.095,0.309,0.214,0.096,0.253,0.157,0.12,0.104,-0.016,0.139,0.389,0.25,0.086,0.286,0.2,0.421,0.275,-0.146,0.18,1.15,0.97,0.107,0.369,0.262,0.126,0.107,-0.019,0.65,0.455,-0.195,0.14,0.756,0.616,0.141,0.689,0.548,0.203,0.347,0.144,0.128,0.162,0.034,0.138,1.965,1.827,0.149,1.279,1.13,0.225,0.167,-0.058,0.186,0.317,0.131,0.121
90,9,0.526,0.434,-0.092,0.118,0.272,0.154,0.102,0.28,0.178,0.115,0.083,-0.032,0.144,0.486,0.342,0.115,0.239,0.124,0.488,0.342,-0.146,0.172,0.496,0.324,0.108,0.488,0.38,0.131,0.156,0.025,0.467,0.325,-0.142,0.153,0.539,0.386,0.162,0.543,0.381,0.144,0.252,0.108,0.133,0.393,0.26,0.117,0.724,0.607,0.16,0.319,0.159,0.197,0.112,-0.085,0.177,0.568,0.391,0.112
90,10,1.111,1.032,-0.079,0.113,0.29,0.177,0.113,0.267,0.154,0.112,0.081,-0.031,0.157,0.193,0.036,0.094,0.367,0.273,0.469,0.3,-0.169,0.186,0.641,0.455,0.099,0.274,0.175,0.128,0.141,0.013,0.433,0.343,-0.09,0.108,0.445,0.337,0.152,0.785,0.633,0.146,0.264,0.118,0.105,0.346,0.241,0.118,0.702,0.584,0.136,0.267,0.131,0.144,0.086,-0.058,0.179,0.608,0.429,0.107
90,2,0.819,0.605,-0.214,0.149,0.741,0.592,0.11,0.308,0.198,0.154,0.135,-0.019,0.142,0.25,0.108,0.125,1.324,1.199,0.613,0.345,-0.268,0.237,0.811,0.574,0.122,0.815,0.693,0.114,0.238,0.124,0.652,0.439,-0.213,0.132,0.447,0.315,0.11,1.342,1.232,0.219,0.149,-0.07,0.166,0.137,-0.029,0.128,0.216,0.088,0.212,0.167,-0.045,0.219,0.15,-0.069,0.147,0.849,0.702,0.261
90,3,0.927,0.608,-0.319,0.108,0.855,0.747,0.099,0.397,0.298,0.181,0.151,-0.03,0.142,0.587,0.445,0.083,0.297,0.214,0.606,0.398,-0.208,0.177,0.376,0.199,0.078,0.149,0.071,0.105,0.143,0.038,0.31,0.168,-0.142,0.111,0.338,0.227,0.083,0.492,0.409,0.185,0.13,-0.055,0.128,0.357,0.229,0.107,0.138,0.031,0.165,0.094,-0.071,0.161,0.1,-0.061,0.121,0.136,0.015,0.131
90,4,0.456,0.285,-0.171,0.108,0.299,0.191,0.099,0.243,0.144,0.118,0.277,0.159,0.104,0.426,0.322,0.151,0.398,0.247,0.458,0.223,-0.235,0.209,0.469,0.26,0.17,1.384,1.214,0.183,0.489,0.306,0.62,0.406,-0.214,0.175,0.486,0.311,0.126,0.872,0.746,0.202,0.127,-0.075,0.162,0.223,0.061,0.128,0.156,0.028,0.202,0.134,-0.068,0.166,0.102,-0.064,0.129,0.263,0.134,0.188
94,5,0.508,0.36,-0.148,0.116,1.679,1.563,0.161,0.794,0.633,0.214,0.587,0.373,0.194,0.69,0.496,0.099,0.328,0.229,0.447,0.23,-0.217,0.186,0.495,0.309,0.156,0.352,0.196,0.125,0.218,0.093,0.519,0.322,-0.197,0.156,0.401,0.245,0.101,1.457,1.356,0.2,0.112,-0.088,0.138,0.101,-0.037,0.129,0.167,0.038,0.199,0.125,-0.074,0.145,0.093,-0.052,0.136,0.223,0.087,0.154
94,7,0.586,0.431,-0.155,0.093,0.662,0.569,0.102,0.225,0.123,0.162,0.123,-0.039,0.139,0.247,0.108,0.078,0.256,0.178,0.347,0.146,-0.201,0.175,0.414,0.239,0.107,0.364,0.257,0.11,0.231,0.121,0.451,0.295,-0.156,0.128,0.364,0.236,0.102,0.527,0.425,0.15,0.091,-0.059,0.117,0.1,-0.017,0.1,0.136,0.036,0.187,0.11,-0.077,0.166,0.108,-0.058,0.123,0.555,0.432,0.102
94,8,0.393,0.282,-0.111,0.079,0.264,0.185,0.097,0.635,0.538,0.146,0.117,-0.029,0.134,0.334,0.2,0.058,0.259,0.201,0.398,0.224,-0.174,0.143,1.45,1.307,0.097,1.131,1.034,0.125,0.185,0.06,0.506,0.319,-0.187,0.113,0.32,0.207,0.107,0.372,0.265,0.156,0.086,-0.07,0.143,0.119,-0.024,0.115,0.159,0.044,0.212,0.151,-0.061,0.158,0.106,-0.052,0.136,0.172,0.036,0.104
94,9,0.665,0.512,-0.153,0.124,0.363,0.239,0.113,0.226,0.113,0.18,0.149,-0.031,0.154,0.306,0.152,0.083,0.277,0.194,0.354,0.198,-0.156,0.169,0.367,0.198,0.105,0.547,0.442,0.131,2.03,1.899,0.432,0.251,-0.181,0.14,0.359,0.219,0.128,0.423,0.295,0.204,0.128,-0.076,0.178,0.159,-0.019,0.115,0.153,0.038,0.19,0.102,-0.088,0.172,0.111,-0.061,0.121,0.208,0.087,0.139
94,10,0.571,0.426,-0.145,0.134,0.513,0.379,0.112,0.297,0.185,0.181,0.133,-0.048,0.192,0.277,0.085,0.094,0.258,0.164,0.725,0.489,-0.236,0.189,0.75,0.561,0.06,0.6,0.54,0.097,0.233,0.136,0.519,0.348,-0.171,0.132,0.318,0.186,0.117,0.346,0.229,0.164,0.104,-0.06,0.123,0.133,0.01,0.104,0.145,0.041,0.176,0.126,-0.05,0.139,0.094,-0.045,0.126,0.162,0.036,0.133
94,2,0.394,0.217,-0.177,0.142,0.295,0.153,0.159,0.463,0.304,0.148,0.347,0.199,0.161,0.694,0.533,0.107,0.32,0.213,0.324,0.152,-0.172,0.151,0.823,0.672,0.133,0.625,0.492,0.143,0.177,0.034,0.329,0.146,-0.183,0.157,0.551,0.394,0.143,0.473,0.33,0.195,0.122,-0.073,0.17,0.422,0.252,0.16,0.164,0.004,0.086,0.153,0.067,0.213,0.12,-0.093,0.135,0.354,0.219,0.151
94,3,0.299,0.123,-0.176,0.145,0.341,0.196,0.159,0.213,0.054,0.241,0.209,-0.032,0.121,0.404,0.283,0.123,0.334,0.211,0.304,0.136,-0.168,0.129,0.331,0.202,0.156,0.202,0.046,0.12,0.162,0.042,0.349,0.12,-0.229,0.165,0.474,0.309,0.083,0.426,0.343,0.143,0.098,-0.045,0.168,0.211,0.043,0.165,0.149,-0.016,0.118,0.136,0.018,0.205,0.11,-0.095,0.171,0.516,0.345,0.133
94,4,0.302,0.128,-0.174,0.143,0.287,0.144,0.141,0.221,0.08,0.146,0.205,0.059,0.128,0.357,0.229,0.136,0.388,0.252,0.307,0.144,-0.163,0.127,0.408,0.281,0.167,0.247,0.08,0.096,0.153,0.057,0.3,0.115,-0.185,0.159,0.293,0.134,0.125,0.385,0.26,0.146,0.115,-0.031,0.152,0.206,0.054,0.152,0.156,0.004,0.079,0.127,0.048,0.198,0.089,-0.109,0.14,0.277,0.137,0.151
97,5,0.262,0.123,-0.139,0.155,0.251,0.096,0.138,0.164,0.026,0.159,0.311,0.152,0.162,0.344,0.182,0.105,0.28,0.175,0.286,0.13,-0.156,0.125,0.521,0.396,0.15,0.334,0.184,0.113,0.123,0.01,0.285,0.107,-0.178,0.164,0.34,0.176,0.112,0.333,0.221,0.139,0.107,-0.032,0.157,0.186,0.029,0.146,0.117,-0.029,0.105,0.123,0.018,0.181,0.099,-0.082,0.15,0.124,-0.026,0.149
97,7,0.303,0.203,-0.1,0.108,0.178,0.07,0.117,0.135,0.018,0.178,0.126,-0.052,0.165,0.221,0.056,0.089,0.207,0.118,0.264,0.126,-0.138,0.119,0.335,0.216,0.141,0.167,0.026,0.104,0.078,-0.026,0.293,0.116,-0.177,0.146,0.359,0.213,0.11,0.393,0.283,0.149,0.107,-0.042,0.149,0.167,0.018,0.141,0.104,-0.037,0.102,0.12,0.018,0.193,0.095,-0.098,0.155,0.121,-0.034,0.162
97,8,0.337,0.154,-0.183,0.161,0.226,0.065,0.131,0.104,-0.027,0.166,0.108,-0.058,0.131,0.208,0.077,0.081,0.274,0.193,0.273,0.136,-0.137,0.106,0.266,0.16,0.138,0.179,0.041,0.073,0.091,0.018,0.792,0.576,-0.216,0.13,0.38,0.25,0.123,0.388,0.265,0.203,0.133,-0.07,0.167,0.18,0.013,0.133,0.109,-0.024,0.094,0.118,0.024,0.202,0.091,-0.111,0.148,0.197,0.049,0.125
97,9,2.219,2.011,-0.208,0.146,0.249,0.103,0.149,0.13,-0.019,0.177,0.116,-0.061,0.137,0.157,0.02,0.073,0.181,0.108,0.246,0.123,-0.123,0.135,0.41,0.275,0.165,0.272,0.107,0.1,0.174,0.074,0.282,0.102,-0.18,0.159,0.237,0.078,0.12,0.269,0.149,0.141,0.083,-0.058,0.146,0.162,0.016,0.125,0.096,-0.029,0.1,0.118,0.018,0.189,0.089,-0.1,0.147,0.123,-0.024,0.137
97,10,0.253,0.104,-0.149,0.137,0.192,0.055,0.126,0.102,-0.024,0.181,0.115,-0.066,0.153,0.186,0.033,0.088,0.194,0.106,0.236,0.107,-0.129,0.101,0.276,0.175,0.157,0.172,0.015,0.086,0.094,0.008,0.274,0.081,-0.193,0.167,0.291,0.124,0.115,0.277,0.162,0.135,0.075,-0.06,0.159,0.13,-0.029,0.144,0.115,-0.029,0.097,0.115,0.018,0.192,0.089,-0.103,0.145,0.199,0.054,0.138
97,2,0.277,0.18,-0.097,0.113,0.28,0.167,0.12,0.272,0.152,0.107,0.845,0.738,0.104,1.645,1.541,0.115,0.624,0.509,0.294,0.11,-0.184,0.09,0.803,0.713,0.128,1.16,1.032,0.138,1.447,1.309,0.347,0.225,-0.122,0.142,1.328,1.186,0.128,1.322,1.194,0.117,0.552,0.435,0.122,0.169,0.047,0.119,0.215,0.096,0.101,0.17,0.069,0.214,0.097,-0.117,0.148,0.519,0.371,0.13
97,3,0.225,0.18,-0.045,0.076,0.186,0.11,0.112,0.125,0.013,0.123,0.192,0.069,0.175,1.359,1.184,0.067,0.263,0.196,0.265,0.149,-0.116,0.087,0.56,0.473,0.107,0.665,0.558,0.11,0.835,0.725,0.255,0.131,-0.124,0.1,0.731,0.631,0.123,0.511,0.388,0.099,0.287,0.188,0.057,0.193,0.136,0.11,0.128,0.018,0.143,0.189,0.046,0.227,0.112,-0.115,0.146,0.341,0.195,0.123
97,4,0.165,0.112,-0.053,0.084,0.174,0.09,0.099,0.13,0.031,0.117,0.613,0.496,0.11,0.799,0.689,0.081,0.236,0.155,0.292,0.153,-0.139,0.085,0.422,0.337,0.11,0.686,0.576,0.107,0.588,0.481,0.228,0.115,-0.113,0.092,0.63,0.538,0.123,0.956,0.833,0.125,0.279,0.154,0.089,0.277,0.188,0.104,0.125,0.021,0.088,0.191,0.103,0.186,0.123,-0.063,0.139,0.566,0.427,0.149
100,5,0.167,0.11,-0.057,0.099,0.199,0.1,0.086,0.104,0.018,0.115,0.205,0.09,0.13,0.722,0.592,0.075,0.271,0.196,0.323,0.099,-0.224,0.149,0.751,0.602,0.089,0.238,0.149,0.099,0.879,0.78,0.27,0.175,-0.095,0.118,0.946,0.828,0.102,0.863,0.761,0.123,0.187,0.064,0.105,0.189,0.084,0.102,0.118,0.016,0.12,0.194,0.074,0.203,0.07,-0.133,0.154,0.429,0.275,0.136
100,7,0.306,0.125,-0.181,0.127,1.869,1.742,0.102,0.47,0.368,0.112,0.814,0.702,0.133,0.364,0.231,0.102,0.282,0.18,0.514,0.332,-0.182,0.151,0.72,0.569,0.107,0.662,0.555,0.099,0.162,0.063,0.432,0.255,-0.177,0.125,0.544,0.419,0.123,1.196,1.073,0.156,0.109,-0.047,0.141,0.174,0.033,0.115,1.165,1.05,0.151,0.215,0.064,0.163,0.076,-0.087,0.124,0.309,0.185,0.088
100,8,0.452,0.316,-0.136,0.092,0.283,0.191,0.101,0.145,0.044,0.131,0.401,0.27,0.117,0.773,0.656,0.096,0.57,0.474,0.401,0.23,-0.171,0.14,0.426,0.286,0.099,0.24,0.141,0.086,0.377,0.291,0.48,0.316,-0.164,0.125,0.526,0.401,0.091,1.012,0.921,0.118,0.179,0.061,0.097,0.11,0.013,0.088,0.23,0.142,0.138,0.119,-0.019,0.154,0.071,-0.083,0.114,0.35,0.236,0.081
100,9,0.418,0.255,-0.163,0.093,0.323,0.23,0.101,0.487,0.386,0.099,1.002,0.903,0.115,0.083,-0.032,0.092,0.467,0.375,0.464,0.333,-0.131,0.14,0.821,0.681,0.086,0.662,0.576,0.089,0.19,0.101,0.353,0.185,-0.168,0.122,0.855,0.733,0.149,1.427,1.278,0.136,0.213,0.077,0.107,0.125,0.018,0.078,0.168,0.09,0.149,0.132,-0.017,0.167,0.087,-0.08,0.122,0.232,0.11,0.086
100,10,0.377,0.246,-0.131,0.095,0.224,0.129,0.093,0.201,0.108,0.107,0.447,0.34,0.136,1.707,1.571,0.089,0.32,0.231,0.515,0.311,-0.204,0.157,0.792,0.635,0.081,0.153,0.072,0.081,1.761,1.68,0.498,0.327,-0.171,0.124,0.634,0.51,0.12,0.763,0.643,0.13,0.187,0.057,0.107,0.124,0.017,0.092,0.153,0.061,0.147,0.113,-0.034,0.136,0.06,-0.076,0.113,0.099,-0.014,0.098
100,2,0.55,0.42,-0.13,0.159,0.396,0.237,0.22,0.239,0.019,0.196,0.519,0.323,0.223,0.82,0.597,0.094,0.699,0.605,0.349,0.145,-0.204,0.188,0.716,0.528,0.12,0.585,0.465,0.155,0.29,0.135,0.383,0.197,-0.186,0.154,0.981,0.827,0.171,1.277,1.106,0.171,0.359,0.188,0.166,0.251,0.085,0.183,0.206,0.023,0.131,0.307,0.176,0.165,0.297,0.132,0.168,0.486,0.318,0.136
100,3,0.503,0.37,-0.133,0.165,0.379,0.214,0.197,0.166,-0.031,0.145,0.548,0.403,0.173,0.638,0.465,0.1,1.164,1.064,0.465,0.29,-0.175,0.143,1.247,1.104,0.139,0.395,0.256,0.157,0.186,0.029,0.391,0.252,-0.139,0.159,0.651,0.492,0.139,0.56,0.421,0.118,0.273,0.155,0.16,0.222,0.062,0.157,0.165,0.008,0.11,0.242,0.132,0.126,0.245,0.119,0.133,0.232,0.099,0.181
100,4,0.371,0.275,-0.096,0.123,1.338,1.215,0.176,0.408,0.232,0.134,0.358,0.224,0.158,0.295,0.137,0.126,0.379,0.253,0.357,0.187,-0.17,0.183,0.752,0.569,0.155,0.349,0.194,0.134,0.271,0.137,0.564,0.417,-0.147,0.155,0.628,0.473,0.168,0.571,0.403,0.108,0.273,0.165,0.152,0.307,0.155,0.187,0.204,0.017,0.1,0.302,0.202,0.126,0.236,0.11,0.121,0.219,0.098,0.189
100,5,0.437,0.302,-0.135,0.149,0.319,0.17,0.169,0.176,0.007,0.134,0.341,0.207,0.228,0.357,0.129,0.131,0.413,0.282,0.449,0.282,-0.167,0.18,0.472,0.292,0.171,0.256,0.085,0.137,0.189,0.052,0.343,0.17,-0.173,0.152,0.726,0.574,0.158,1.324,1.166,0.123,0.327,0.204,0.15,0.209,0.059,0.163,0.22,0.057,0.118,0.291,0.173,0.118,0.201,0.083,0.076,0.551,0.475,0.192
100,7,0.467,0.357,-0.11,0.141,0.311,0.17,0.174,0.145,-0.029,0.15,0.377,0.227,0.171,0.334,0.163,0.105,0.366,0.261,0.27,0.123,-0.147,0.16,0.67,0.51,0.158,0.273,0.115,0.11,0.175,0.065,0.4,0.255,-0.145,0.175,1.337,1.162,0.173,0.494,0.321,0.118,0.276,0.158,0.152,0.191,0.039,0.178,0.209,0.031,0.118,0.268,0.15,0.134,0.224,0.09,0.126,0.253,0.127,0.215
100,8,0.406,0.297,-0.109,0.14,0.293,0.153,0.168,0.121,-0.047,0.124,0.359,0.235,0.165,0.387,0.222,0.111,0.364,0.253,0.316,0.113,-0.203,0.163,0.412,0.249,0.147,0.252,0.105,0.113,0.162,0.049,0.609,0.455,-0.154,0.14,0.744,0.604,0.163,0.447,0.284,0.116,0.297,0.181,0.162,0.234,0.072,0.156,0.189,0.033,0.118,0.263,0.145,0.136,0.211,0.075,0.1,0.157,0.057,0.191
100,9,0.566,0.457,-0.109,0.143,0.467,0.324,0.157,0.175,0.018,0.139,0.323,0.184,0.155,0.625,0.47,0.126,0.375,0.249,0.304,0.115,-0.189,0.158,0.647,0.489,0.147,0.271,0.124,0.118,0.086,-0.032,0.632,0.451,-0.181,0.134,1.653,1.519,0.139,0.7,0.561,0.11,0.389,0.279,0.15,0.212,0.062,0.165,0.243,0.078,0.139,0.302,0.163,0.128,0.229,0.101,0.103,0.178,0.075,0.175
103,10,0.744,0.637,-0.107,0.188,0.302,0.114,0.19,0.145,-0.045,0.139,0.374,0.235,0.208,0.285,0.077,0.179,0.763,0.584,0.389,0.211,-0.178,0.144,0.418,0.274,0.171,0.256,0.085,0.152,0.176,0.024,0.772,0.578,-0.194,0.133,0.427,0.294,0.149,0.506,0.357,0.121,0.34,0.219,0.15,0.191,0.041,0.187,0.202,0.015,0.105,0.252,0.147,0.129,0.225,0.096,0.105,0.164,0.059,0.189
103,2
103,3
103,4
103,5
103,7
103,8
103,9
