4,2,0.588,0.24,-0.348,0.103,0.66,0.557,0.112,1.409,1.297,0.768,-0.01,-0.778,0.763,0.534,-0.229,0.141,1.105,0.964,0.147,0.094,-0.053,0.095,0.298,0.203,0.109,0.943,0.834,0.089,0.21,0.121,0.08,8.027,7.947,0.143
4,3,0.398,0.154,-0.244,0.095,0.354,0.259,0.112,1.294,1.182,0.867,-0.019,-0.886,0.838,0.421,-0.417,0.17,1.211,1.041,0.133,0.075,-0.058,0.105,0.318,0.213,0.102,2.042,1.94,0.132,0.055,-0.077,0.108,2.447,2.339,0.125
4,4,0.412,0.159,-0.253,0.132,0.677,0.545,0.114,0.56,0.446,0.709,0.018,-0.691,0.725,0.44,-0.285,0.159,1.395,1.236,0.138,0.086,-0.052,0.115,0.642,0.527,0.092,0.47,0.378,0.083,0.328,0.245,0.075,0.44,0.365,0.12
4,5,0.545,0.301,-0.244,0.119,0.393,0.274,0.104,1.074,0.97,1.892,-0.02,-1.912,1.875,0.861,-1.014,0.135,1.527,1.392,0.152,0.096,-0.056,0.129,0.44,0.311,0.086,0.333,0.247,0.142,0.084,-0.058,0.099,0.82,0.721,0.122
4,7,0.382,0.201,-0.181,0.098,0.456,0.358,0.097,0.452,0.355,0.411,0.018,-0.393,0.419,0.248,-0.171,0.116,0.379,0.263,0.134,0.086,-0.048,0.082,0.359,0.277,0.097,0.39,0.293,0.142,0.094,-0.048,0.105,0.488,0.383,0.147
4,8,0.591,0.405,-0.186,0.098,0.356,0.258,0.107,0.563,0.456,0.51,-0.052,-0.562,0.578,0.367,-0.211,0.135,0.458,0.323,0.121,0.062,-0.059,0.108,0.319,0.211,0.097,0.31,0.213,0.144,0.089,-0.055,0.097,0.408,0.311,0.12
4,9,0.443,0.253,-0.19,0.109,0.36,0.251,0.127,0.536,0.409,1.04,-0.004,-1.044,1.012,0.775,-0.237,0.118,0.822,0.704,0.123,0.151,0.028,0.073,0.587,0.514,0.102,0.57,0.468,0.121,0.063,-0.058,0.097,0.413,0.316,0.147
4,10,0.477,0.274,-0.203,0.122,0.375,0.253,0.065,0.891,0.826,1.071,-0.016,-1.087,1.123,0.848,-0.275,0.138,2.678,2.54,0.113,0.055,-0.058,0.121,0.345,0.224,0.093,0.286,0.193,0.155,0.1,-0.055,0.089,0.313,0.224,0.138
7,2,0.432,0.285,-0.147,0.103,0.492,0.389,0.094,0.902,0.808,1.062,0.177,-0.885,0.856,0.641,-0.215,0.078,1.909,1.831,0.221,0.128,-0.093,0.151,0.58,0.429,0.12,0.794,0.674,0.089,0.292,0.203,0.094,0.887,0.793,0.083
7,3,0.482,0.248,-0.234,0.133,1.513,1.38,0.094,0.835,0.741,1.039,0.167,-0.872,0.838,0.638,-0.2,0.076,1.33,1.254,0.19,0.099,-0.091,0.14,1.339,1.199,0.112,1.546,1.434,0.12,0.362,0.242,0.125,0.547,0.422,0.078
7,4,0.877,0.603,-0.274,0.133,0.791,0.658,0.086,1.692,1.606,0.889,0.099,-0.79,0.735,0.488,-0.247,0.083,1.267,1.184,0.205,0.094,-0.111,0.172,0.799,0.627,0.126,0.524,0.398,0.123,0.782,0.659,0.094,0.616,0.522,0.089
7,5,0.45,0.235,-0.215,0.108,1.929,1.821,0.083,0.374,0.291,1.613,0.131,-1.482,1.43,1.163,-0.267,0.094,1.374,1.28,0.187,0.102,-0.085,0.153,0.521,0.368,0.096,0.503,0.407,0.088,0.219,0.131,0.094,0.691,0.597,0.089
7,7,0.492,0.248,-0.244,0.119,1.264,1.145,0.097,0.351,0.254,1.014,0.162,-0.852,0.802,0.584,-0.218,0.083,2.306,2.223,0.197,0.133,-0.064,0.15,0.387,0.237,0.117,0.67,0.553,0.152,0.11,-0.042,0.155,0.351,0.196,0.096
7,8,0.382,0.204,-0.178,0.111,0.438,0.327,0.094,0.312,0.218,0.944,0.11,-0.834,0.803,0.587,-0.216,0.091,1.374,1.283,0.155,0.091,-0.064,0.129,0.371,0.242,0.128,0.766,0.638,0.102,0.192,0.09,0.107,0.693,0.586,0.089
7,9,0.385,0.238,-0.147,0.103,0.667,0.564,0.086,0.736,0.65,0.738,0.097,-0.641,0.589,0.366,-0.223,0.094,1.431,1.337,0.229,0.138,-0.091,0.14,0.392,0.252,0.112,0.555,0.443,0.167,0.136,-0.031,0.181,0.598,0.417,0.088
7,10,0.54,0.334,-0.206,0.135,0.658,0.523,0.099,0.436,0.337,0.74,0.018,-0.722,0.704,0.486,-0.218,0.089,1.019,0.93,0.173,0.109,-0.064,0.127,0.337,0.21,0.102,0.527,0.425,0.117,0.184,0.067,0.112,0.323,0.211,0.091
10,2,0.3,0.249,-0.051,0.134,0.983,0.849,0.094,1.345,1.251,2.214,0.662,-1.552,1.483,1.24,-0.243,0.182,1.094,0.912,0.099,0.205,0.106,0.087,0.454,0.367,0.086,0.479,0.393,0.097,0.426,0.329,0.094,0.588,0.494,0.129
10,3,0.266,0.183,-0.083,0.158,1.235,1.077,0.089,0.721,0.632,0.935,0.231,-0.704,0.647,0.462,-0.185,0.146,0.974,0.828,0.081,0.187,0.106,0.086,0.298,0.212,0.071,1.53,1.459,0.1,0.93,0.83,0.092,0.5,0.408,0.118
10,4,0.267,0.184,-0.083,0.153,0.461,0.308,0.097,1.071,0.974,1.461,0.632,-0.829,0.76,0.539,-0.221,0.168,1.04,0.872,0.079,0.19,0.111,0.087,0.268,0.181,0.073,1.778,1.705,0.102,0.42,0.318,0.095,1.101,1.006,0.097
10,5,0.333,0.231,-0.102,0.149,0.503,0.354,0.086,0.696,0.61,0.634,0.12,-0.514,0.523,0.331,-0.192,0.146,0.466,0.32,0.092,0.213,0.121,0.076,0.565,0.489,0.084,0.353,0.269,0.102,0.345,0.243,0.092,0.263,0.171,0.131
10,7,0.545,0.455,-0.09,0.15,0.352,0.202,0.089,1.917,1.828,0.62,0.124,-0.496,0.549,0.37,-0.179,0.157,0.52,0.363,0.092,0.234,0.142,0.115,0.638,0.523,0.094,0.938,0.844,0.105,0.353,0.248,0.113,1.042,0.929,0.157
10,8,0.384,0.318,-0.066,0.135,0.45,0.315,0.094,2.603,2.509,0.487,0.142,-0.345,0.377,0.204,-0.173,0.149,1.195,1.046,0.095,0.17,0.075,0.107,0.294,0.187,0.086,0.283,0.197,0.097,0.311,0.214,0.095,0.506,0.411,0.121
10,9,0.408,0.328,-0.08,0.159,0.371,0.212,0.094,0.763,0.669,0.484,0.092,-0.392,0.449,0.279,-0.17,0.139,0.871,0.732,0.084,0.157,0.073,0.086,0.21,0.124,0.095,0.7,0.605,0.118,0.211,0.093,0.097,0.175,0.078,0.139
10,10,0.385,0.299,-0.086,0.14,0.513,0.373,0.086,0.701,0.615,0.505,0.289,-0.216,0.248,0.156,-0.092,0.124,0.346,0.222,0.081,0.161,0.08,0.092,0.428,0.336,0.087,0.356,0.269,0.102,0.291,0.189,0.111,0.227,0.116,0.147
13,2,0.319,0.186,-0.133,0.102,0.402,0.3,0.077,0.571,0.494,1.026,0,-1.026,1.028,0.867,-0.161,0.088,0.96,0.872,0.111,0.243,0.132,0.087,0.701,0.614,0.068,0.348,0.28,0.095,0.216,0.121,0.082,0.525,0.443,0.084
13,3,0.27,0.137,-0.133,0.114,0.353,0.239,0.081,0.653,0.572,0.4,0,-0.4,0.402,0.263,-0.139,0.096,0.489,0.393,0.119,0.23,0.111,0.107,0.284,0.177,0.07,0.254,0.184,0.108,0.228,0.12,0.094,0.231,0.137,0.087
13,4,0.245,0.121,-0.124,0.1,0.269,0.169,0.066,1.133,1.067,0.389,0,-0.389,0.391,0.242,-0.149,0.112,0.313,0.201,0.139,0.686,0.547,0.095,0.359,0.264,0.082,0.486,0.404,0.097,0.286,0.189,0.095,0.253,0.158,0.084
13,5,0.283,0.155,-0.128,0.103,0.347,0.244,0.071,0.589,0.518,0.68,0,-0.68,0.682,0.549,-0.133,0.085,0.584,0.499,0.124,0.214,0.09,0.105,0.839,0.734,0.065,0.389,0.324,0.106,0.225,0.119,0.084,0.26,0.176,0.084
13,7,0.238,0.097,-0.141,0.12,0.31,0.19,0.07,0.761,0.691,0.712,0,-0.712,0.714,0.582,-0.132,0.082,0.561,0.479,0.121,0.193,0.072,0.094,0.219,0.125,0.073,0.382,0.309,0.102,0.209,0.107,0.11,0.17,0.06,0.097
13,8,0.235,0.107,-0.128,0.104,0.304,0.2,0.071,0.588,0.517,0.558,0,-0.558,0.56,0.42,-0.14,0.098,0.449,0.351,0.11,0.191,0.081,0.105,0.235,0.13,0.075,0.573,0.498,0.1,0.191,0.091,0.092,0.205,0.113,0.08
13,9,0.229,0.097,-0.132,0.113,0.28,0.167,0.066,0.44,0.374,0.553,0,-0.553,0.555,0.417,-0.138,0.111,0.349,0.238,0.147,0.108,-0.039,0.129,0.344,0.215,0.071,0.555,0.484,0.103,0.227,0.124,0.106,0.149,0.043,0.097
13,10,0.258,0.139,-0.119,0.101,0.35,0.249,0.071,0.401,0.33,0.585,0,-0.585,0.587,0.457,-0.13,0.098,0.755,0.657,0.177,0.113,-0.064,0.135,0.241,0.106,0.076,0.641,0.565,0.106,0.207,0.101,0.089,0.162,0.073,0.099
16,2,0.322,0.181,-0.141,0.112,0.327,0.215,0.087,0.689,0.602,1.025,0.094,-0.931,0.897,0.682,-0.215,0.084,1.06,0.976,0.138,0.097,-0.041,0.13,0.431,0.301,0.15,0.715,0.565,0.11,0.418,0.308,0.119,0.404,0.285,0.087
16,3,0.354,0.189,-0.165,0.137,0.313,0.176,0.087,1.29,1.203,0.754,0.104,-0.65,0.658,0.439,-0.219,0.089,0.699,0.61,0.135,0.05,-0.085,0.125,0.296,0.171,0.092,0.944,0.852,0.1,0.359,0.259,0.116,0.391,0.275,0.1
16,4,0.307,0.184,-0.123,0.108,0.343,0.235,0.076,1.595,1.519,0.811,0.061,-0.75,0.761,0.551,-0.21,0.114,0.803,0.689,0.133,0.053,-0.08,0.119,0.311,0.192,0.095,0.683,0.588,0.111,0.266,0.155,0.11,0.364,0.254,0.095
16,5,0.488,0.329,-0.159,0.122,1.834,1.712,0.097,0.387,0.29,0.925,0.156,-0.769,0.738,0.494,-0.244,0.092,1.029,0.937,0.141,0.082,-0.059,0.119,0.277,0.158,0.095,0.621,0.526,0.113,0.23,0.117,0.113,0.388,0.275,0.134
16,7,0.305,0.126,-0.179,0.147,0.29,0.143,0.116,0.388,0.272,0.984,0.129,-0.855,0.869,0.695,-0.174,0.081,0.519,0.438,0.127,0.06,-0.067,0.114,0.298,0.184,0.14,0.733,0.593,0.1,0.297,0.197,0.1,0.24,0.14,0.11
16,8,0.805,0.726,-0.079,0.098,0.215,0.117,0.084,0.576,0.492,0.714,0.129,-0.585,0.593,0.403,-0.19,0.081,0.716,0.635,0.149,0.074,-0.075,0.14,0.314,0.174,0.092,0.369,0.277,0.103,0.395,0.292,0.095,0.228,0.133,0.094
16,9,0.509,0.35,-0.159,0.128,0.26,0.132,0.095,0.619,0.524,0.567,0.073,-0.494,0.47,0.323,-0.147,0.081,0.648,0.567,0.105,0.063,-0.042,0.129,0.446,0.317,0.091,0.498,0.407,0.098,0.209,0.111,0.097,0.569,0.472,0.097
16,10,0.288,0.142,-0.146,0.135,0.224,0.089,0.089,0.447,0.358,0.652,0.092,-0.56,0.532,0.371,-0.161,0.086,0.768,0.682,0.127,0.063,-0.064,0.13,0.28,0.15,0.094,0.709,0.615,0.097,0.996,0.899,0.082,0.338,0.256,0.085
19,2,0.188,0.099,-0.089,0.115,0.491,0.376,0.086,1.052,0.966,1.66,-0.078,-1.738,1.763,1.437,-0.326,0.067,0.737,0.67,0.132,0.081,-0.051,0.131,0.468,0.337,0.105,1.069,0.964,0.094,0.459,0.365,0.113,1.581,1.468,0.089
19,3,0.306,0.169,-0.137,0.09,0.512,0.422,0.097,2.125,2.028,1.643,-0.069,-1.712,1.689,1.439,-0.25,0.08,0.703,0.623,0.125,0.07,-0.055,0.118,0.419,0.301,0.096,0.773,0.677,0.11,0.601,0.491,0.104,1.318,1.214,0.092
19,4,0.366,0.187,-0.179,0.077,0.543,0.466,0.076,2.076,2,1.501,-0.093,-1.594,1.582,1.315,-0.267,0.089,0.621,0.532,0.102,0.055,-0.047,0.118,0.388,0.27,0.096,1.238,1.142,0.105,0.838,0.733,0.12,0.974,0.854,0.12
19,5,0.317,0.178,-0.139,0.078,0.506,0.428,0.063,2.891,2.828,1.28,-0.098,-1.378,1.408,1.113,-0.295,0.102,0.75,0.648,0.097,0.055,-0.042,0.11,0.349,0.239,0.102,0.865,0.763,0.092,0.429,0.337,0.13,0.91,0.78,0.099
19,7,0.309,0.101,-0.208,0.112,0.712,0.6,0.104,2.718,2.614,0.577,-0.137,-0.714,0.702,0.42,-0.282,0.096,0.621,0.525,0.107,0.06,-0.047,0.11,0.334,0.224,0.102,0.621,0.519,0.123,0.447,0.324,0.122,0.498,0.376,0.102
19,8,0.262,0.115,-0.147,0.09,0.363,0.273,0.096,1.211,1.115,1.492,-0.08,-1.572,1.551,1.297,-0.254,0.132,0.442,0.31,0.131,0.083,-0.048,0.113,0.311,0.198,0.125,0.737,0.612,0.094,0.477,0.383,0.12,0.9,0.78,0.08
19,9,0.194,0.068,-0.126,0.079,0.326,0.247,0.12,1.233,1.113,1.857,-0.096,-1.953,1.97,1.681,-0.289,0.091,0.513,0.422,0.116,0.047,-0.069,0.142,0.389,0.247,0.135,0.773,0.638,0.115,0.666,0.551,0.104,0.469,0.365,0.086
19,10,0.262,0.138,-0.124,0.093,0.44,0.347,0.11,2.06,1.95,0.996,-0.043,-1.039,1.014,0.781,-0.233,0.099,0.494,0.395,0.1,0.053,-0.047,0.115,0.338,0.223,0.126,0.995,0.869,0.094,0.724,0.63,0.107,0.637,0.53,0.101
22,2,0.761,0.415,-0.346,0.101,1.377,1.276,0.081,1.072,0.991,1.051,0.138,-0.913,0.928,0.623,-0.305,0.086,3.277,3.191,0.117,0.174,0.057,0.112,1.55,1.438,0.11,1.211,1.101,0.122,0.613,0.491,0.102,0.717,0.615,0.081
22,3,0.273,0.128,-0.145,0.09,0.527,0.437,0.084,1.545,1.461,1,0.047,-0.953,0.964,0.641,-0.323,0.069,1.695,1.626,0.147,0.07,-0.077,0.174,0.845,0.671,0.076,0.456,0.38,0.099,0.493,0.394,0.102,0.922,0.82,0.086
22,4,0.332,0.196,-0.136,0.076,0.944,0.868,0.083,3.094,3.011,0.897,0.091,-0.806,0.837,0.522,-0.315,0.083,0.704,0.621,0.187,0.096,-0.091,0.172,1.455,1.283,0.086,0.446,0.36,0.115,0.285,0.17,0.12,0.694,0.574,0.096
22,5,0.28,0.18,-0.1,0.081,1.135,1.054,0.099,1.226,1.127,1.382,-0.008,-1.39,1.401,1.078,-0.323,0.067,1.744,1.677,0.17,0.099,-0.071,0.137,1.297,1.16,0.094,0.246,0.152,0.114,0.335,0.221,0.105,0.758,0.653,0.091
22,7,0.259,0.159,-0.1,0.113,0.954,0.841,0.084,0.868,0.784,0.573,0.129,-0.444,0.455,0.221,-0.234,0.091,0.61,0.519,0.163,0.088,-0.075,0.158,0.341,0.183,0.091,1.146,1.055,0.096,0.289,0.193,0.097,0.385,0.288,0.096
22,8,0.246,0.13,-0.116,0.084,0.628,0.544,0.083,1.264,1.181,0.58,0.135,-0.445,0.467,0.259,-0.208,0.094,1.378,1.284,0.187,0.118,-0.069,0.168,0.79,0.622,0.084,0.31,0.226,0.115,0.323,0.208,0.102,0.336,0.234,0.073
22,9,0.183,0.146,-0.037,0.113,0.702,0.589,0.088,1.9,1.812,1.237,0.083,-1.154,1.162,0.705,-0.457,0.057,0.83,0.773,0.15,0.076,-0.074,0.134,0.404,0.27,0.089,0.456,0.367,0.11,0.277,0.167,0.118,0.876,0.758,0.115
22,10,0.348,0.225,-0.123,0.09,1.752,1.662,0.083,0.773,0.69,0.615,0.125,-0.49,0.458,0.23,-0.228,0.085,0.725,0.64,0.171,0.089,-0.082,0.15,0.425,0.275,0.112,1.216,1.104,0.107,0.21,0.103,0.101,0.539,0.438,0.117
25,2,0.204,0.083,-0.121,0.09,0.187,0.097,0.063,0.473,0.41,0.478,0.007,-0.471,0.458,0.213,-0.245,0.086,0.907,0.821,0.111,0.026,-0.085,0.116,0.363,0.247,0.067,0.306,0.239,0.068,0.287,0.219,0.086,0.194,0.108,0.062
25,3,0.272,0.143,-0.129,0.098,0.181,0.083,0.064,0.43,0.366,0.486,0.057,-0.429,0.44,0.232,-0.208,0.086,0.504,0.418,0.105,0.049,-0.056,0.103,0.226,0.123,0.078,1.074,0.996,0.065,0.109,0.044,0.073,0.091,0.018,0.072
25,4,0.393,0.264,-0.129,0.1,0.154,0.054,0.07,0.603,0.533,0.545,0.013,-0.532,0.501,0.238,-0.263,0.08,0.598,0.518,0.108,0.052,-0.056,0.094,0.19,0.096,0.086,0.994,0.908,0.084,0.132,0.048,0.065,0.094,0.029,0.078
25,5,0.327,0.196,-0.131,0.097,0.522,0.425,0.058,0.624,0.566,0.5,-0.005,-0.505,0.526,0.245,-0.281,0.086,0.624,0.538,0.11,0.052,-0.058,0.091,0.194,0.103,0.082,0.264,0.182,0.078,0.217,0.139,0.076,0.261,0.185,0.08
25,7,0.283,0.152,-0.131,0.1,0.167,0.067,0.055,0.35,0.295,0.636,0.014,-0.622,0.593,0.344,-0.249,0.077,0.615,0.538,0.087,0.034,-0.053,0.085,0.167,0.082,0.085,0.247,0.162,0.05,0.583,0.533,0.073,0.145,0.072,0.075
25,8,0.427,0.274,-0.153,0.095,0.279,0.184,0.08,0.839,0.759,0.479,-0.003,-0.482,0.451,0.196,-0.255,0.088,0.505,0.417,0.098,0.036,-0.062,0.093,0.183,0.09,0.078,0.235,0.157,0.078,0.191,0.113,0.073,0.091,0.018,0.078
25,9,0.303,0.198,-0.105,0.079,0.177,0.098,0.057,0.384,0.327,0.434,0.011,-0.423,0.404,0.232,-0.172,0.077,0.399,0.322,0.103,0.042,-0.061,0.092,0.181,0.089,0.076,0.341,0.265,0.073,0.196,0.123,0.071,0.243,0.172,0.068
25,10,0.371,0.243,-0.128,0.082,0.2,0.118,0.071,0.294,0.223,0.609,0.037,-0.572,0.536,0.253,-0.283,0.076,0.625,0.549,0.115,0.07,-0.045,0.076,0.187,0.111,0.078,0.752,0.674,0.068,0.191,0.123,0.073,0.109,0.036,0.086
28,2,0.267,0.162,-0.105,0.063,0.261,0.198,0.047,1.638,1.591,1.079,0.172,-0.907,0.891,0.801,-0.09,0.06,0.683,0.623,0.147,0.055,-0.092,0.129,0.818,0.689,0.058,1.172,1.114,0.083,0.703,0.62,0.069,0.655,0.586,0.07
28,3,0.295,0.193,-0.102,0.069,0.355,0.286,0.075,1.331,1.256,0.886,0.178,-0.708,0.716,0.591,-0.125,0.064,0.791,0.727,0.132,0.037,-0.095,0.145,1.223,1.078,0.065,0.562,0.497,0.11,0.305,0.195,0.081,0.22,0.139,0.07
28,4,0.46,0.321,-0.139,0.069,0.787,0.718,0.052,0.647,0.595,0.776,0.154,-0.622,0.636,0.48,-0.156,0.067,0.758,0.691,0.154,0.031,-0.123,0.172,0.365,0.193,0.065,0.727,0.662,0.083,0.338,0.255,0.086,0.688,0.602,0.065
28,5,0.447,0.287,-0.16,0.08,0.75,0.67,0.065,0.824,0.759,0.937,0.117,-0.82,0.834,0.678,-0.156,0.066,0.804,0.738,0.14,0.063,-0.077,0.108,0.231,0.123,0.071,0.369,0.298,0.073,0.24,0.167,0.081,0.182,0.101,0.065
28,7,0.254,0.17,-0.084,0.07,0.292,0.222,0.063,0.132,0.069,0.907,0.181,-0.726,0.744,0.62,-0.124,0.062,0.801,0.739,0.147,0.07,-0.077,0.111,0.278,0.167,0.068,0.33,0.262,0.099,0.231,0.132,0.117,0.143,0.026,0.07
28,8,0.321,0.227,-0.094,0.063,0.367,0.304,0.06,0.935,0.875,1.013,0.105,-0.908,0.934,0.778,-0.156,0.075,0.552,0.477,0.137,0.05,-0.087,0.142,0.24,0.098,0.068,1.151,1.083,0.11,1.165,1.055,0.036,0.234,0.198,0.068
28,9,0.385,0.287,-0.098,0.063,0.836,0.773,0.057,0.265,0.208,1.15,0.209,-0.941,0.962,0.784,-0.178,0.072,0.61,0.538,0.15,0.055,-0.095,0.148,0.294,0.146,0.094,0.691,0.597,0.118,0.254,0.136,0.088,0.166,0.078,0.067
28,10,0.384,0.248,-0.136,0.077,0.731,0.654,0.062,0.389,0.327,1.132,0.191,-0.941,0.958,0.815,-0.143,0.064,0.627,0.563,0.136,0.06,-0.076,0.131,0.257,0.126,0.073,0.274,0.201,0.099,0.308,0.209,0.086,0.18,0.094,0.066
31,2,0.29,0.188,-0.102,0.089,0.277,0.188,0.071,0.936,0.865,0.328,0,-0.328,0.33,0.202,-0.128,0.05,0.811,0.761,0.096,0.147,0.051,0.097,0.598,0.501,0.087,0.833,0.746,0.093,0.276,0.183,0.099,0.174,0.075,0.125
31,3,0.27,0.162,-0.108,0.116,0.311,0.195,0.078,1.122,1.044,0.267,0,-0.267,0.269,0.12,-0.149,0.052,0.592,0.54,0.1,0.146,0.046,0.107,0.374,0.267,0.094,0.552,0.458,0.091,0.359,0.268,0.107,0.191,0.084,0.11
31,4,0.275,0.172,-0.103,0.092,0.319,0.227,0.073,1.482,1.409,0.33,0,-0.33,0.332,0.193,-0.139,0.079,0.683,0.604,0.117,0.164,0.047,0.109,0.389,0.28,0.092,1.203,1.111,0.102,0.282,0.18,0.083,0.145,0.062,0.101
31,5,0.351,0.18,-0.171,0.138,0.442,0.304,0.098,0.946,0.848,0.745,0,-0.745,0.747,0.489,-0.258,0.109,0.642,0.533,0.091,0.124,0.033,0.097,0.398,0.301,0.104,1.041,0.937,0.096,0.242,0.146,0.115,0.174,0.059,0.11
31,7,0.664,0.446,-0.218,0.095,1.005,0.91,0.112,0.731,0.619,1.167,0,-1.167,1.169,0.97,-0.199,0.084,1.005,0.921,0.065,0.152,0.087,0.076,0.588,0.512,0.088,0.896,0.808,0.083,0.371,0.288,0.081,0.171,0.09,0.089
31,8,0.424,0.287,-0.137,0.085,0.499,0.414,0.071,0.97,0.899,0.748,0,-0.748,0.75,0.593,-0.157,0.063,0.633,0.57,0.081,0.205,0.124,0.073,0.345,0.272,0.092,0.374,0.282,0.1,0.305,0.205,0.086,0.264,0.178,0.117
31,9,0.472,0.348,-0.124,0.081,0.563,0.482,0.094,0.687,0.593,0.679,0,-0.679,0.681,0.461,-0.22,0.099,0.624,0.525,0.087,0.151,0.064,0.091,0.644,0.553,0.102,0.603,0.501,0.099,0.496,0.397,0.083,0.206,0.123,0.099
31,10,0.459,0.344,-0.115,0.074,0.64,0.566,0.076,0.87,0.794,0.878,0,-0.878,0.88,0.746,-0.134,0.066,1.489,1.423,0.156,0.122,-0.034,0.071,0.624,0.553,0.122,0.3,0.178,0.081,0.292,0.211,0.101,0.302,0.201,0.133
34,2,0.223,0.146,-0.077,0.108,0.213,0.105,0.079,0.954,0.875,0.227,0,-0.227,0.229,0.145,-0.084,0.09,0.661,0.571,0.139,0.07,-0.069,0.127,0.343,0.216,0.081,0.304,0.223,0.078,0.443,0.365,0.079,0.596,0.517,0.094
34,3,0.403,0.154,-0.249,0.116,0.481,0.365,0.078,0.36,0.282,0.21,0,-0.21,0.212,0.126,-0.086,0.098,0.303,0.205,0.139,0.094,-0.045,0.095,0.308,0.213,0.081,0.281,0.2,0.084,0.274,0.19,0.078,0.4,0.322,0.08
34,4,0.307,0.172,-0.135,0.111,0.716,0.605,0.071,0.679,0.608,0.208,0,-0.208,0.21,0.126,-0.084,0.067,0.923,0.856,0.126,0.065,-0.061,0.108,0.288,0.18,0.063,0.33,0.267,0.102,0.151,0.049,0.07,0.355,0.285,0.097
34,5,0.294,0.165,-0.129,0.11,0.183,0.073,0.088,0.314,0.226,0.307,0,-0.307,0.309,0.198,-0.111,0.074,0.5,0.426,0.121,0.06,-0.061,0.105,0.37,0.265,0.081,0.363,0.282,0.092,0.177,0.085,0.083,0.477,0.394,0.075
34,7,0.411,0.256,-0.155,0.1,0.389,0.289,0.086,0.406,0.32,0.24,0,-0.24,0.242,0.144,-0.098,0.078,0.356,0.278,0.123,0.057,-0.066,0.105,0.28,0.175,0.089,0.487,0.398,0.092,0.13,0.038,0.076,0.503,0.427,0.083
34,8,0.39,0.251,-0.139,0.095,0.242,0.147,0.078,0.447,0.369,0.244,0,-0.244,0.246,0.168,-0.078,0.087,0.347,0.26,0.098,0.034,-0.064,0.095,0.668,0.573,0.1,0.717,0.617,0.112,0.081,-0.031,0.083,0.307,0.224,0.097
34,9,0.319,0.196,-0.123,0.097,0.205,0.108,0.089,0.646,0.557,0.334,0,-0.334,0.336,0.21,-0.126,0.089,0.52,0.431,0.149,0.091,-0.058,0.098,0.262,0.164,0.097,0.246,0.149,0.089,0.124,0.035,0.076,0.38,0.304,0.07
34,10,0.267,0.149,-0.118,0.099,0.236,0.137,0.071,1.116,1.045,0.261,0,-0.261,0.263,0.155,-0.108,0.071,0.384,0.313,0.126,0.065,-0.061,0.137,0.425,0.288,0.088,0.348,0.26,0.099,0.073,-0.026,0.092,0.367,0.275,0.065
37,2,0.317,0.204,-0.113,0.092,0.413,0.321,0.092,0.975,0.883,2.043,0,-2.043,2.045,1.856,-0.189,0.095,0.586,0.491,0.189,0.099,-0.09,0.129,0.404,0.275,0.091,0.313,0.222,0.096,0.386,0.29,0.081,0.341,0.26,0.096
37,3,0.262,0.162,-0.1,0.086,0.48,0.394,0.092,0.816,0.724,0.868,0,-0.868,0.87,0.722,-0.148,0.079,0.887,0.808,0.223,0.14,-0.083,0.14,0.341,0.201,0.088,0.52,0.432,0.097,0.714,0.617,0.094,0.691,0.597,0.085
37,4,0.343,0.225,-0.118,0.089,0.897,0.808,0.089,0.908,0.819,0.431,0,-0.431,0.433,0.275,-0.158,0.092,0.521,0.429,0.199,0.136,-0.063,0.126,0.38,0.254,0.084,0.387,0.303,0.092,0.364,0.272,0.086,0.294,0.208,0.099
37,5,0.283,0.177,-0.106,0.095,0.46,0.365,0.087,1.689,1.602,0.451,0,-0.451,0.453,0.217,-0.236,0.092,1.049,0.957,0.205,0.128,-0.077,0.129,0.325,0.196,0.086,0.541,0.455,0.091,0.42,0.329,0.078,0.297,0.219,0.091
37,7,0.693,0.567,-0.126,0.085,0.991,0.906,0.086,1.067,0.981,0.365,0,-0.365,0.367,0.246,-0.121,0.102,0.349,0.247,0.207,0.112,-0.095,0.145,0.368,0.223,0.089,0.302,0.213,0.099,0.331,0.232,0.083,0.279,0.196,0.096
37,8,0.254,0.167,-0.087,0.102,0.501,0.399,0.083,0.604,0.521,1.008,0,-1.008,1.01,0.895,-0.115,0.097,0.701,0.604,0.223,0.128,-0.095,0.135,0.302,0.167,0.088,0.366,0.278,0.094,0.343,0.249,0.084,0.302,0.218,0.102
37,9,0.264,0.182,-0.082,0.103,0.342,0.239,0.081,1.309,1.228,0.402,0,-0.402,0.404,0.272,-0.132,0.095,0.457,0.362,0.202,0.125,-0.077,0.113,0.224,0.111,0.088,0.381,0.293,0.092,0.362,0.27,0.081,0.286,0.205,0.092
37,10,0.395,0.282,-0.113,0.087,0.555,0.468,0.096,0.769,0.673,0.673,0,-0.673,0.675,0.585,-0.09,0.117,0.333,0.216,0.199,0.112,-0.087,0.132,0.402,0.27,0.083,0.566,0.483,0.089,0.297,0.208,0.084,0.279,0.195,0.094
38,2,0.155,0.062,-0.093,0.124,0.657,0.533,0.091,1.739,1.648,0.357,0,-0.357,0.359,0.209,-0.15,0.076,0.876,0.8,0.119,0.031,-0.088,0.118,0.247,0.129,0.089,0.739,0.65,0.105,0.2,0.095,0.073,0.6,0.527,0.079
38,3,0.175,0.091,-0.084,0.108,0.265,0.157,0.083,0.328,0.245,0.185,0,-0.185,0.187,0.066,-0.121,0.079,0.333,0.254,0.129,0.078,-0.051,0.095,0.606,0.511,0.102,0.346,0.244,0.092,0.182,0.09,0.078,0.327,0.249,0.071
38,4,0.183,0.083,-0.1,0.089,0.182,0.093,0.084,0.28,0.196,0.237,0,-0.237,0.239,0.126,-0.113,0.084,0.297,0.213,0.113,0.047,-0.066,0.097,1.527,1.43,0.094,0.259,0.165,0.086,0.155,0.069,0.068,0.366,0.298,0.081
38,5,0.186,0.091,-0.095,0.111,0.54,0.429,0.084,0.409,0.325,0.182,0,-0.182,0.184,0.068,-0.116,0.058,0.471,0.413,0.121,0.055,-0.066,0.098,0.262,0.164,0.086,0.24,0.154,0.081,0.176,0.095,0.084,0.238,0.154,0.073
38,7,0.235,0.13,-0.105,0.079,0.396,0.317,0.06,0.21,0.15,0.918,0,-0.918,0.92,0.768,-0.152,0.065,1.946,1.881,0.133,0.088,-0.045,0.089,0.239,0.15,0.091,0.7,0.609,0.076,0.38,0.304,0.062,0.836,0.774,0.068
38,8,0.15,0.08,-0.07,0.1,0.265,0.165,0.073,0.882,0.809,0.258,0,-0.258,0.259,0.141,-0.118,0.068,0.963,0.895,0.113,0.058,-0.055,0.094,0.343,0.249,0.078,0.513,0.435,0.084,0.148,0.064,0.07,0.273,0.203,0.079
38,9,0.157,0.086,-0.071,0.102,0.202,0.1,0.068,0.422,0.354,0.257,0,-0.257,0.259,0.155,-0.104,0.07,0.388,0.318,0.09,0.039,-0.051,0.092,0.208,0.116,0.075,0.888,0.813,0.073,0.251,0.178,0.062,0.273,0.211,0.075
38,10,0.167,0.065,-0.102,0.086,0.277,0.191,0.066,1.029,0.963,0.263,0,-0.263,0.265,0.115,-0.15,0.071,1.064,0.993,0.11,0.039,-0.071,0.102,0.267,0.165,0.078,0.217,0.139,0.081,0.145,0.064,0.081,0.258,0.177,0.073
41,2,0.34,0.256,-0.084,0.134,0.412,0.278,0.091,0.962,0.871,0.209,0,-0.209,0.211,0.055,-0.156,0.165,0.492,0.327,0.123,0.2,0.077,0.099,0.294,0.195,0.144,0.756,0.612,0.104,0.212,0.108,0.097,0.215,0.118,0.157
41,3,0.296,0.206,-0.09,0.142,0.322,0.18,0.094,1.626,1.532,0.288,0,-0.288,0.29,0.126,-0.164,0.139,0.368,0.229,0.115,0.231,0.116,0.099,0.237,0.138,0.128,0.437,0.309,0.123,0.236,0.113,0.122,0.3,0.178,0.177
41,4,0.286,0.206,-0.08,0.132,0.335,0.203,0.086,0.576,0.49,0.282,0,-0.282,0.284,0.147,-0.137,0.149,0.465,0.316,0.12,0.213,0.093,0.101,0.245,0.144,0.112,0.441,0.329,0.121,0.306,0.185,0.104,0.279,0.175,0.096
41,5,0.236,0.154,-0.082,0.139,0.36,0.221,0.084,0.6,0.516,0.35,0,-0.35,0.352,0.246,-0.106,0.125,0.346,0.221,0.131,0.23,0.099,0.105,0.29,0.185,0.118,0.418,0.3,0.121,0.249,0.128,0.105,0.295,0.19,0.089
41,7,0.521,0.436,-0.085,0.132,0.639,0.507,0.091,0.419,0.328,0.235,0,-0.235,0.237,0.133,-0.104,0.13,0.352,0.222,0.115,0.217,0.102,0.099,0.272,0.173,0.112,0.89,0.778,0.107,0.892,0.785,0.078,0.196,0.118,0.136
41,8,0.285,0.196,-0.089,0.126,0.319,0.193,0.096,0.373,0.277,0.264,0,-0.264,0.266,0.16,-0.106,0.13,0.323,0.193,0.122,0.222,0.1,0.097,0.244,0.147,0.109,0.657,0.548,0.115,0.241,0.126,0.094,0.207,0.113,0.107
41,9,0.257,0.141,-0.116,0.145,0.328,0.183,0.088,1.258,1.17,0.266,0,-0.266,0.268,0.142,-0.126,0.132,0.305,0.173,0.101,0.202,0.101,0.094,0.258,0.164,0.102,0.331,0.229,0.122,0.266,0.144,0.092,0.297,0.205,0.092
41,10,0.307,0.219,-0.088,0.077,0.278,0.201,0.097,0.438,0.341,0.248,0,-0.248,0.25,0.141,-0.109,0.133,0.364,0.231,0.118,0.205,0.087,0.11,0.292,0.182,0.128,0.398,0.27,0.131,0.27,0.139,0.086,0.253,0.167,0.107
44,2,0.667,0.512,-0.155,0.136,0.613,0.477,0.094,1.186,1.092,0.528,0,-0.528,0.529,0.312,-0.217,0.079,0.748,0.669,0.104,0.122,0.018,0.123,0.269,0.146,0.084,0.374,0.29,0.092,0.215,0.123,0.086,0.372,0.286,0.083
44,3,0.286,0.157,-0.129,0.137,0.33,0.193,0.097,1.117,1.02,0.456,0,-0.456,0.458,0.236,-0.222,0.087,0.653,0.566,0.075,0.253,0.178,0.083,0.307,0.224,0.068,0.515,0.447,0.099,0.241,0.142,0.083,0.304,0.221,0.102
44,4,0.354,0.185,-0.169,0.13,0.359,0.229,0.107,1.034,0.927,0.69,0,-0.69,0.692,0.459,-0.233,0.086,0.853,0.767,0.14,0.092,-0.048,0.126,0.254,0.128,0.094,0.395,0.301,0.089,0.225,0.136,0.091,0.251,0.16,0.091
44,5,1.253,1.09,-0.163,0.116,1.205,1.089,0.078,0.988,0.91,0.386,0,-0.386,0.388,0.165,-0.223,0.097,0.648,0.551,0.092,0.052,-0.04,0.126,0.288,0.162,0.086,1.244,1.158,0.083,0.526,0.443,0.073,0.235,0.162,0.08
44,7,0.331,0.193,-0.138,0.126,0.856,0.73,0.083,1.471,1.388,0.713,0,-0.713,0.715,0.526,-0.189,0.09,0.481,0.391,0.113,0.06,-0.053,0.11,0.267,0.157,0.075,0.271,0.196,0.091,0.336,0.245,0.083,0.219,0.136,0.115
44,8,0.365,0.141,-0.224,0.159,1.076,0.917,0.073,0.58,0.507,1.171,0,-1.171,1.173,0.997,-0.176,0.079,0.444,0.365,0.126,0.089,-0.037,0.107,0.256,0.149,0.097,0.465,0.368,0.088,0.224,0.136,0.094,0.223,0.129,0.096
44,9,0.349,0.177,-0.172,0.141,0.432,0.291,0.107,0.597,0.49,0.778,0,-0.778,0.78,0.619,-0.161,0.095,0.488,0.393,0.105,0.073,-0.032,0.123,0.486,0.363,0.086,0.305,0.219,0.099,0.227,0.128,0.081,0.279,0.198,0.076
44,10,0.425,0.288,-0.137,0.121,0.355,0.234,0.112,1.503,1.391,0.452,0,-0.452,0.454,0.218,-0.236,0.094,0.666,0.572,0.126,0.096,-0.03,0.116,0.257,0.141,0.097,0.776,0.679,0.081,0.227,0.146,0.089,0.213,0.124,0.086
47,2,0.75,0.635,-0.115,0.083,0.319,0.236,0.086,0.95,0.864,1.393,0.01,-1.383,1.418,1.265,-0.153,0.076,0.946,0.87,0.129,0.065,-0.064,0.109,0.982,0.873,0.089,2.775,2.686,0.076,0.664,0.588,0.116,0.711,0.595,0.111
47,3,0.295,0.171,-0.124,0.09,0.313,0.223,0.071,0.934,0.863,1.338,-0.135,-1.473,1.446,1.3,-0.146,0.064,1.181,1.117,0.108,0.044,-0.064,0.125,0.931,0.806,0.084,0.532,0.448,0.079,0.809,0.73,0.06,0.348,0.288,0.06
47,4,0.146,0,-0.146,0.109,0.265,0.156,0.084,0.895,0.811,2.127,-0.016,-2.143,2.159,2.044,-0.115,0.075,0.918,0.843,0.114,0.052,-0.062,0.117,1.314,1.197,0.081,1.151,1.07,0.09,0.522,0.432,0.077,0.608,0.531,0.081
47,5,0.266,0.144,-0.122,0.091,0.353,0.262,0.068,0.765,0.697,0.837,-0.015,-0.852,0.886,0.794,-0.092,0.081,0.32,0.239,0.098,0.048,-0.05,0.108,0.388,0.28,0.087,0.532,0.445,0.076,0.273,0.197,0.076,0.278,0.202,0.058
47,7,0.426,0.19,-0.236,0.077,1.079,1.002,0.089,1.26,1.171,1.801,0.106,-1.695,1.716,1.395,-0.321,0.072,1.777,1.705,0.152,0.086,-0.066,0.158,0.191,0.033,0.102,1.411,1.309,0.094,2.402,2.308,0.081,0.639,0.558,0.073
47,8,0.491,0.209,-0.282,0.071,1.62,1.549,0.062,1.001,0.939,1.887,0.07,-1.817,1.831,1.143,-0.688,0.051,1.984,1.933,0.145,0.081,-0.064,0.158,2.334,2.176,0.094,0.724,0.63,0.078,0.572,0.494,0.073,0.446,0.373,0.07
47,9,0.547,0.308,-0.239,0.069,1.143,1.074,0.081,1.203,1.122,1.699,0.097,-1.602,1.623,1.231,-0.392,0.061,1.48,1.419,0.145,0.078,-0.067,0.161,0.85,0.689,0.081,0.979,0.898,0.091,1.65,1.559,0.099,0.132,0.033,0.102
47,10,0.766,0.473,-0.293,0.071,0.959,0.888,0.073,1.126,1.053,1.047,0.089,-0.958,0.927,0.677,-0.25,0.064,1.425,1.361,0.186,0.144,-0.042,0.152,0.687,0.535,0.094,0.987,0.893,0.099,0.415,0.316,0.115,0.141,0.026,0.091
50,2,0.314,0.139,-0.175,0.133,0.429,0.296,0.084,1.692,1.608,0.693,0,-0.693,0.695,0.534,-0.161,0.089,0.654,0.565,0.123,0.201,0.078,0.1,0.362,0.262,0.168,0.797,0.629,0.092,0.248,0.156,0.089,0.286,0.197,0.11
50,3,0.419,0.294,-0.125,0.094,0.428,0.334,0.084,1.13,1.046,0.695,0,-0.695,0.697,0.554,-0.143,0.08,0.346,0.266,0.097,0.18,0.083,0.079,0.327,0.248,0.124,1.002,0.878,0.106,1.007,0.901,0.092,0.403,0.311,0.079
50,4,0.387,0.3,-0.087,0.098,0.412,0.314,0.076,0.499,0.423,0.666,0,-0.666,0.668,0.509,-0.159,0.088,0.391,0.303,0.107,1.351,1.244,0.098,0.331,0.233,0.112,2.01,1.898,0.105,0.299,0.194,0.103,0.569,0.466,0.113
50,5,0.385,0.297,-0.088,0.104,0.415,0.311,0.099,1.373,1.274,0.587,0,-0.587,0.589,0.401,-0.188,0.12,0.834,0.714,0.108,0.23,0.122,0.118,0.349,0.231,0.107,0.856,0.749,0.105,0.297,0.192,0.081,0.926,0.845,0.087
50,7,0.677,0.528,-0.149,0.098,0.337,0.239,0.09,0.488,0.398,0.544,0,-0.544,0.546,0.411,-0.135,0.095,0.377,0.282,0.099,0.182,0.083,0.098,0.305,0.207,0.113,0.496,0.383,0.092,0.24,0.148,0.1,0.149,0.049,0.086
50,8,0.794,0.664,-0.13,0.082,0.373,0.291,0.084,1.61,1.526,0.642,0,-0.642,0.644,0.498,-0.146,0.1,0.291,0.191,0.098,0.172,0.074,0.087,0.411,0.324,0.095,0.584,0.489,0.105,0.245,0.14,0.105,0.144,0.039,0.087
50,9,0.429,0.321,-0.108,0.077,0.321,0.244,0.076,0.414,0.338,0.511,0,-0.511,0.512,0.38,-0.132,0.095,1.875,1.78,0.115,1.344,1.229,0.108,0.815,0.707,0.105,0.33,0.225,0.1,0.224,0.124,0.092,0.116,0.024,0.102
50,10,0.54,0.413,-0.127,0.096,0.679,0.583,0.079,0.739,0.66,0.87,0,-0.87,0.873,0.728,-0.145,0.09,0.311,0.221,0.103,0.181,0.078,0.086,0.55,0.464,0.09,0.234,0.144,0.095,0.81,0.715,0.084,0.147,0.063,0.073
53,2,0.583,0.237,-0.346,0.101,0.706,0.605,0.104,1.077,0.973,2.151,0,-2.151,2.153,1.309,-0.844,0.135,1.732,1.597,0.142,0.071,-0.071,0.162,0.18,0.018,0.107,1.233,1.126,0.081,0.343,0.262,0.073,0.21,0.137,0.088
53,3,0.4,0.204,-0.196,0.103,0.965,0.862,0.117,0.849,0.732,0.585,0,-0.585,0.587,0.23,-0.357,0.116,0.949,0.833,0.152,0.078,-0.074,0.158,0.428,0.27,0.109,0.629,0.52,0.091,0.343,0.252,0.096,0.271,0.175,0.099
53,4,0.619,0.222,-0.397,0.108,0.814,0.706,0.128,1.644,1.516,0.814,0,-0.814,0.816,0.194,-0.622,0.118,1.162,1.044,0.132,0.071,-0.061,0.147,0.414,0.267,0.118,1.964,1.846,0.094,0.201,0.107,0.105,0.12,0.015,0.099
53,5,0.476,0.245,-0.231,0.111,1.092,0.981,0.12,0.615,0.495,0.917,0,-0.917,0.919,0.519,-0.4,0.113,1.005,0.892,0.147,0.073,-0.074,0.132,0.34,0.208,0.122,0.518,0.396,0.099,0.313,0.214,0.088,0.111,0.023,0.102
53,7,0.544,0.365,-0.179,0.1,0.598,0.498,0.114,1.504,1.39,0.762,0,-0.762,0.764,0.401,-0.363,0.099,0.783,0.684,0.126,0.073,-0.053,0.147,0.154,0.007,0.118,0.457,0.339,0.078,0.413,0.335,0.086,0.155,0.069,0.112
53,8,0.497,0.303,-0.194,0.095,0.35,0.255,0.103,1.176,1.073,0.862,0,-0.862,0.864,0.516,-0.348,0.086,0.783,0.697,0.126,0.068,-0.058,0.115,0.202,0.087,0.094,0.678,0.584,0.112,0.253,0.141,0.102,0.277,0.175,0.104
53,9,0.387,0.217,-0.17,0.1,0.368,0.268,0.112,1.135,1.023,1.163,0,-1.163,1.165,0.746,-0.419,0.116,0.97,0.854,0.123,0.065,-0.058,0.126,0.239,0.113,0.104,0.547,0.443,0.094,0.219,0.125,0.089,0.105,0.016,0.101
53,10,0.473,0.306,-0.167,0.095,0.345,0.25,0.096,0.19,0.094,0.582,0,-0.582,0.584,0.348,-0.236,0.108,0.435,0.327,0.126,0.068,-0.058,0.128,0.241,0.113,0.1,0.523,0.423,0.11,0.282,0.172,0.086,0.102,0.016,0.093
56,2,0.212,0.162,-0.05,0.078,0.278,0.2,0.089,1.288,1.199,0.437,0,-0.437,0.438,0.239,-0.199,0.1,1.174,1.074,0.221,0.136,-0.085,0.158,1.59,1.432,0.112,0.88,0.768,0.11,0.629,0.519,0.12,0.21,0.09,0.052
56,3,0.269,0.177,-0.092,0.1,0.735,0.635,0.099,0.802,0.703,1.323,0,-1.323,1.325,1.081,-0.244,0.134,0.741,0.607,0.241,0.167,-0.074,0.165,0.561,0.396,0.104,0.634,0.53,0.089,0.233,0.144,0.13,0.328,0.198,0.096
56,4,0.502,0.408,-0.094,0.075,0.31,0.235,0.086,1.056,0.97,3.511,0,-3.511,3.513,3.342,-0.171,0.098,0.778,0.68,0.152,0.107,-0.045,0.089,0.313,0.224,0.091,0.613,0.522,0.11,0.32,0.21,0.107,0.349,0.242,0.099
56,5,0.316,0.23,-0.086,0.105,0.308,0.203,0.091,0.48,0.389,0.53,0,-0.53,0.532,0.367,-0.165,0.1,0.765,0.665,0.144,0.078,-0.066,0.145,0.347,0.202,0.084,0.292,0.208,0.076,0.284,0.208,0.086,0.613,0.527,0.088
56,7,0.222,0.164,-0.058,0.089,0.259,0.17,0.083,0.38,0.297,0.334,0,-0.334,0.336,0.178,-0.158,0.113,0.382,0.269,0.171,0.107,-0.064,0.14,0.294,0.154,0.08,0.723,0.643,0.125,0.267,0.142,0.12,0.335,0.215,0.094
56,8,0.324,0.214,-0.11,0.119,0.306,0.187,0.086,0.334,0.248,0.561,0,-0.561,0.563,0.429,-0.134,0.098,0.364,0.266,0.168,0.094,-0.074,0.139,1.006,0.867,0.119,0.15,0.031,0.102,0.724,0.622,0.096,0.253,0.157,0.039
56,9,0.228,0.107,-0.121,0.09,0.278,0.188,0.08,0.295,0.215,0.284,0,-0.284,0.286,0.167,-0.119,0.084,0.302,0.218,0.152,0.092,-0.06,0.144,0.272,0.128,0.097,0.567,0.47,0.094,0.245,0.151,0.099,0.231,0.132,0.109
56,10,0.264,0.17,-0.094,0.081,0.294,0.213,0.079,0.278,0.199,0.435,0,-0.435,0.437,0.306,-0.131,0.071,0.317,0.246,0.168,0.099,-0.069,0.134,0.275,0.141,0.097,0.418,0.321,0.094,0.238,0.144,0.091,0.242,0.151,0.123
59,2,0.778,0.628,-0.15,0.114,0.989,0.875,0.148,9.592,9.444,5.125,0.177,-4.948,4.929,4.611,-0.318,0.067,1.71,1.643,0.164,0.275,0.111,0.114,1.773,1.659,0.12,0.552,0.432,0.112,1.783,1.671,0.146,0.406,0.26,0.07
59,3,0.458,0.29,-0.168,0.132,0.927,0.795,0.109,0.824,0.715,0.997,0.199,-0.798,0.772,0.593,-0.179,0.094,1.789,1.695,0.169,0.298,0.129,0.117,3.251,3.134,0.131,1.339,1.208,0.154,0.426,0.272,0.12,1.012,0.892,0.097
59,4,0.474,0.329,-0.145,0.128,0.34,0.212,0.104,0.519,0.415,0.692,0.257,-0.435,0.461,0.286,-0.175,0.091,1.952,1.861,0.175,0.854,0.679,0.135,0.505,0.37,0.125,1.097,0.972,0.107,1.176,1.069,0.165,0.342,0.177,0.092
59,5,0.414,0.266,-0.148,0.124,0.397,0.273,0.102,0.567,0.465,0.673,0.14,-0.533,0.554,0.377,-0.177,0.091,2.682,2.591,0.175,0.274,0.099,0.136,0.296,0.16,0.148,1.308,1.16,0.154,0.39,0.236,0.146,0.491,0.345,0.085
59,7,0.5,0.329,-0.171,0.14,0.508,0.368,0.109,0.68,0.571,1.896,0.183,-1.713,1.744,1.575,-0.169,0.077,1.01,0.933,0.151,0.253,0.102,0.155,0.321,0.166,0.131,0.684,0.553,0.14,0.3,0.16,0.151,0.447,0.296,0.088
59,8,0.474,0.329,-0.145,0.134,0.359,0.225,0.099,0.626,0.527,0.947,0.232,-0.715,0.731,0.532,-0.199,0.097,1.495,1.398,0.191,0.298,0.107,0.155,0.496,0.341,0.112,0.647,0.535,0.154,0.329,0.175,0.148,0.375,0.227,0.083
59,9,0.694,0.542,-0.152,0.121,0.628,0.507,0.099,2.025,1.926,0.709,0.054,-0.655,0.681,0.522,-0.159,0.102,0.673,0.571,0.147,0.257,0.11,0.143,0.367,0.224,0.109,1.202,1.093,0.125,0.343,0.218,0.136,0.352,0.216,0.091
59,10,0.619,0.503,-0.116,0.132,0.628,0.496,0.11,0.413,0.303,0.882,0.18,-0.702,0.733,0.555,-0.178,0.099,0.669,0.57,0.159,0.254,0.095,0.159,0.324,0.165,0.112,0.932,0.82,0.136,0.313,0.177,0.157,0.355,0.198,0.088
62,2,1.138,0.941,-0.197,0.176,1.438,1.262,0.091,8.002,7.911,2.391,0.218,-2.173,2.107,1.651,-0.456,0.155,1.196,1.041,0.108,0.213,0.105,0.095,0.348,0.253,0.092,1.529,1.437,0.097,0.583,0.486,0.107,0.828,0.721,0.071
62,3,1.514,1.339,-0.175,0.184,1.404,1.22,0.102,1.866,1.764,3.071,0.123,-2.948,2.857,2.481,-0.376,0.136,2.202,2.066,0.14,0.251,0.111,0.11,0.707,0.597,0.089,0.376,0.287,0.071,0.321,0.25,0.076,0.593,0.517,0.063
62,4,2.76,2.574,-0.186,0.155,2.227,2.072,0.078,0.67,0.592,2.049,0.079,-1.97,1.938,1.689,-0.249,0.132,1.101,0.969,0.078,0.575,0.497,0.107,0.733,0.626,0.071,0.448,0.377,0.076,0.498,0.422,0.06,0.471,0.411,0.055
62,5,0.701,0.548,-0.153,0.167,0.958,0.791,0.124,0.768,0.644,0.694,0.015,-0.679,0.662,0.491,-0.171,0.121,0.627,0.506,0.121,0.403,0.282,0.104,1.462,1.358,0.076,0.552,0.476,0.081,0.418,0.337,0.078,0.349,0.271,0.069
62,7,0.671,0.517,-0.154,0.132,0.999,0.867,0.082,0.92,0.838,0.825,0.008,-0.817,0.791,0.654,-0.137,0.098,0.66,0.562,0.105,0.213,0.108,0.084,0.283,0.199,0.089,3.869,3.78,0.081,0.595,0.514,0.071,0.332,0.261,0.061
62,8,0.724,0.509,-0.215,0.178,1.216,1.038,0.11,1.631,1.521,0.783,0.011,-0.772,0.758,0.569,-0.189,0.094,0.565,0.471,0.081,0.171,0.09,0.071,0.26,0.189,0.07,0.339,0.269,0.087,1.055,0.968,0.157,1.083,0.926,0.073
62,9,0.583,0.418,-0.165,0.14,1.088,0.948,0.097,0.72,0.623,0.437,0.018,-0.419,0.398,0.202,-0.196,0.127,3.725,3.598,0.15,0.245,0.095,0.082,0.358,0.276,0.066,0.272,0.206,0.071,0.395,0.324,0.065,0.332,0.267,0.065
62,10,0.54,0.373,-0.167,0.136,0.517,0.381,0.091,0.881,0.79,0.727,0.026,-0.701,0.689,0.522,-0.167,0.097,0.727,0.63,0.102,0.301,0.199,0.076,0.547,0.471,0.073,0.304,0.231,0.073,0.311,0.238,0.068,0.319,0.251,0.084
65,2,0.39,0.216,-0.174,0.098,1.109,1.011,0.084,2.264,2.18,1.208,-0.004,-1.212,1.193,1.028,-0.165,0.065,1.642,1.577,0.163,0.749,0.586,0.12,0.815,0.695,0.121,1.232,1.111,0.113,0.779,0.666,0.104,1.073,0.969,0.074
65,3,0.569,0.258,-0.311,0.128,2.829,2.701,0.098,0.883,0.785,0.57,0.031,-0.539,0.565,0.37,-0.195,0.079,1.262,1.183,0.153,0.389,0.236,0.184,0.979,0.795,0.113,0.486,0.373,0.197,0.446,0.249,0.155,3.847,3.692,0.089
65,4,0.581,0.377,-0.204,0.16,1.831,1.671,0.084,1.582,1.498,0.582,-0.018,-0.6,0.571,0.399,-0.172,0.103,1.569,1.466,0.171,0.284,0.113,0.182,0.785,0.603,0.103,0.582,0.479,0.139,0.479,0.34,0.118,0.667,0.549,0.079
65,5,0.459,0.274,-0.185,0.122,0.988,0.866,0.105,0.431,0.326,0.705,0.016,-0.689,0.678,0.488,-0.19,0.098,1.344,1.246,0.16,0.452,0.292,0.153,0.443,0.29,0.126,0.476,0.35,0.158,0.448,0.29,0.076,0.967,0.891,0.076
65,7,0.696,0.421,-0.275,0.115,6.27,6.155,0.081,1.218,1.137,0.877,0.026,-0.851,0.867,0.648,-0.219,0.092,1.287,1.195,0.139,0.258,0.119,0.16,0.311,0.151,0.121,0.377,0.256,0.139,0.344,0.205,0.121,0.903,0.782,0.081
65,8,0.342,0.2,-0.142,0.095,1.036,0.941,0.095,1.035,0.94,2.09,0.016,-2.074,2.091,1.863,-0.228,0.108,1.603,1.495,0.2,1.122,0.922,0.19,0.863,0.673,0.121,0.45,0.329,0.155,0.575,0.42,0.178,0.761,0.583,0.079
65,9,0.388,0.213,-0.175,0.144,1.051,0.907,0.113,0.483,0.37,0.967,0.042,-0.925,0.946,0.721,-0.225,0.111,2.241,2.13,0.142,0.292,0.15,0.124,0.248,0.124,0.105,0.491,0.386,0.144,0.336,0.192,0.142,0.302,0.16,0.087
65,10,0.359,0.226,-0.133,0.101,0.615,0.514,0.083,1.122,1.039,0.556,0.016,-0.54,0.571,0.398,-0.173,0.094,1.08,0.986,0.134,0.359,0.225,0.142,0.349,0.207,0.103,0.434,0.331,0.14,0.3,0.16,0.152,0.207,0.055,0.108
68,2,0.355,0.147,-0.208,0.093,1.076,0.983,0.089,0.618,0.529,0.348,0.007,-0.341,0.319,0.143,-0.176,0.087,0.757,0.67,0.116,0.183,0.067,0.116,0.395,0.279,0.087,0.494,0.407,0.07,0.389,0.319,0.079,0.413,0.334,0.078
68,3,0.419,0.226,-0.193,0.115,0.403,0.288,0.108,0.773,0.665,0.425,-0.023,-0.448,0.431,0.252,-0.179,0.1,0.558,0.458,0.15,0.116,-0.034,0.09,0.291,0.201,0.095,0.53,0.435,0.082,0.302,0.22,0.078,0.291,0.213,0.089
68,4,0.263,0.195,-0.068,0.1,0.266,0.166,0.099,1.208,1.109,0.461,-0.015,-0.476,0.442,0.211,-0.231,0.098,0.765,0.667,0.134,0.087,-0.047,0.095,0.258,0.163,0.081,0.48,0.399,0.079,0.221,0.142,0.103,0.276,0.173,0.11
68,5,0.206,0.087,-0.119,0.1,0.282,0.182,0.087,0.758,0.671,0.498,0.008,-0.49,0.498,0.268,-0.23,0.103,0.64,0.537,0.148,0.092,-0.056,0.087,0.276,0.189,0.092,0.431,0.339,0.095,0.32,0.225,0.086,0.508,0.422,0.079
68,7,0.275,0.118,-0.157,0.126,0.291,0.165,0.09,0.743,0.653,0.375,-0.022,-0.397,0.408,0.221,-0.187,0.092,0.624,0.532,0.185,0.127,-0.058,0.1,0.294,0.194,0.085,0.455,0.37,0.081,0.224,0.143,0.076,0.335,0.259,0.084
68,8,0.412,0.261,-0.151,0.095,0.303,0.208,0.092,0.659,0.567,0.375,-0.01,-0.385,0.397,0.223,-0.174,0.102,0.477,0.375,0.195,0.15,-0.045,0.116,0.255,0.139,0.098,0.502,0.404,0.081,0.314,0.233,0.045,0.49,0.445,0.092
68,9,0.758,0.638,-0.12,0.09,0.262,0.172,0.113,0.612,0.499,0.424,-0.007,-0.431,0.41,0.222,-0.188,0.09,0.771,0.681,0.158,0.111,-0.047,0.095,0.271,0.176,0.076,0.41,0.334,0.066,0.278,0.212,0.087,0.312,0.225,0.086
68,10,0.237,0.139,-0.098,0.13,0.298,0.168,0.087,0.439,0.352,0.298,-0.013,-0.311,0.338,0.172,-0.166,0.097,0.479,0.382,0.156,0.105,-0.051,0.082,0.248,0.166,0.105,1.032,0.927,0.074,0.208,0.134,0.09,0.245,0.155,0.089
71,2,0.483,0.13,-0.353,0.092,0.615,0.523,0.086,0.936,0.85,1.998,0,-1.998,2,1.889,-0.111,0.117,0.973,0.856,0.197,0.152,-0.045,0.126,0.349,0.223,0.136,0.81,0.674,0.096,0.839,0.743,0.086,0.325,0.239,0.092
71,3,0.626,0.547,-0.079,0.113,0.424,0.311,0.12,0.679,0.559,0.564,0,-0.564,0.566,0.382,-0.184,0.116,1.753,1.637,0.179,0.099,-0.08,0.185,1.082,0.897,0.088,0.381,0.293,0.104,0.521,0.417,0.151,0.547,0.396,0.175
71,4,0.437,0.358,-0.079,0.11,0.367,0.257,0.128,2.591,2.463,1.158,0,-1.158,1.16,0.719,-0.441,0.151,1.39,1.239,0.144,0.132,-0.012,0.153,0.834,0.681,0.089,0.585,0.496,0.133,0.418,0.285,0.104,0.366,0.262,0.139
71,5,0.666,0.501,-0.165,0.1,1.183,1.083,0.128,1.868,1.74,0.557,0,-0.557,0.559,0.241,-0.318,0.147,1.436,1.289,0.176,0.121,-0.055,0.181,0.726,0.545,0.081,0.451,0.37,0.107,0.783,0.676,0.099,0.379,0.28,0.099
71,7,0.395,0.279,-0.116,0.097,0.448,0.351,0.088,0.689,0.601,0.771,0,-0.771,0.773,0.56,-0.213,0.119,0.592,0.473,0.225,0.169,-0.056,0.137,0.494,0.357,0.086,0.978,0.892,0.105,0.465,0.36,0.096,0.456,0.36,0.151
71,8,1.296,1.209,-0.087,0.15,0.453,0.303,0.089,1.003,0.914,0.397,0,-0.397,0.399,0.309,-0.09,0.119,0.914,0.795,0.229,0.208,-0.021,0.16,0.556,0.396,0.089,0.559,0.47,0.112,0.467,0.355,0.096,0.415,0.319,0.136
71,9,0.356,0.237,-0.119,0.09,0.422,0.332,0.109,0.419,0.31,0.968,0,-0.968,0.97,0.795,-0.175,0.107,0.698,0.591,0.225,0.242,0.017,0.118,0.406,0.288,0.104,0.878,0.774,0.11,0.441,0.331,0.1,0.243,0.143,0.154
71,10,0.376,0.253,-0.123,0.098,0.283,0.185,0.097,0.851,0.754,0.358,0,-0.358,0.36,0.21,-0.15,0.114,1.112,0.998,0.207,0.165,-0.042,0.136,0.895,0.759,0.086,0.531,0.445,0.106,0.742,0.636,0.096,0.338,0.242,0.114
74,2,0.782,0.705,-0.077,0.095,0.421,0.326,0.112,0.481,0.369,0.849,0,-0.849,0.851,0.493,-0.358,0.107,1.297,1.19,0.153,0.063,-0.09,0.147,0.646,0.499,0.089,0.423,0.334,0.12,0.22,0.1,0.099,0.325,0.226,0.131
74,3,0.24,0.162,-0.078,0.086,0.253,0.167,0.11,0.433,0.323,1.518,0,-1.518,1.52,1.375,-0.145,0.11,0.552,0.442,0.155,0.078,-0.077,0.16,0.495,0.335,0.104,0.433,0.329,0.13,0.31,0.18,0.115,0.359,0.244,0.123
74,4,0.269,0.18,-0.089,0.1,0.301,0.201,0.091,0.179,0.088,0.617,0,-0.617,0.619,0.487,-0.132,0.103,0.41,0.307,0.145,0.065,-0.08,0.129,0.77,0.641,0.099,0.477,0.378,0.093,0.165,0.072,0.105,0.199,0.094,0.144
74,5,0.438,0.352,-0.086,0.1,0.267,0.167,0.094,0.18,0.086,1.061,0,-1.061,1.063,0.858,-0.205,0.076,0.457,0.381,0.132,0.044,-0.088,0.129,0.258,0.129,0.099,0.343,0.244,0.083,0.189,0.106,0.075,0.178,0.103,0.105
74,7,0.28,0.183,-0.097,0.086,0.274,0.188,0.084,0.537,0.453,0.665,0,-0.665,0.667,0.585,-0.082,0.099,0.592,0.493,0.136,0.097,-0.039,0.144,0.563,0.419,0.088,0.307,0.219,0.083,0.178,0.095,0.081,0.176,0.095,0.12
74,8,0.327,0.206,-0.121,0.074,0.296,0.222,0.091,1.237,1.146,0.3,0,-0.3,0.301,0.17,-0.131,0.092,0.376,0.284,0.145,0.07,-0.075,0.122,0.265,0.143,0.11,0.357,0.247,0.081,0.178,0.097,0.1,0.15,0.05,0.136
74,9,0.29,0.18,-0.11,0.079,0.728,0.649,0.085,0.771,0.686,0.274,0,-0.274,0.276,0.149,-0.127,0.105,0.811,0.706,0.14,0.066,-0.074,0.123,0.252,0.129,0.102,0.341,0.239,0.065,0.152,0.087,0.128,0.169,0.041,0.112
74,10,0.306,0.203,-0.103,0.087,0.309,0.222,0.083,0.357,0.274,0.677,0,-0.677,0.679,0.574,-0.105,0.069,0.746,0.677,0.15,0.079,-0.071,0.136,0.298,0.162,0.078,0.577,0.499,0.084,0.171,0.087,0.096,0.158,0.062,0.104
77,2,0.379,0.193,-0.186,0.092,0.536,0.444,0.099,2.905,2.806,0.807,0,-0.807,0.809,0.593,-0.216,0.138,0.93,0.792,0.104,0.287,0.183,0.109,0.878,0.769,0.086,0.758,0.672,0.068,1.187,1.119,0.083,0.829,0.746,0.071
77,3,0.323,0.178,-0.145,0.095,0.741,0.646,0.073,0.723,0.65,0.791,0,-0.791,0.793,0.643,-0.15,0.09,0.861,0.771,0.115,0.235,0.12,0.1,0.794,0.694,0.078,1.54,1.462,0.12,0.915,0.795,0.063,1.544,1.481,0.076
77,4,0.412,0.154,-0.258,0.133,0.805,0.672,0.092,1.39,1.298,1.97,0,-1.97,1.972,1.691,-0.281,0.114,0.92,0.806,0.123,0.246,0.123,0.115,0.995,0.88,0.075,0.461,0.386,0.086,0.865,0.779,0.061,0.526,0.465,0.076
77,5,0.512,0.237,-0.275,0.087,1.253,1.166,0.086,0.808,0.722,1.317,0,-1.317,1.319,1.031,-0.288,0.113,1.087,0.974,0.101,0.603,0.502,0.136,0.576,0.44,0.088,0.58,0.492,0.107,1.092,0.985,0.073,0.5,0.427,0.073
77,7,0.33,0.186,-0.144,0.081,0.638,0.557,0.07,1.033,0.963,0.88,0,-0.88,0.882,0.615,-0.267,0.084,1.094,1.01,0.096,0.215,0.119,0.08,0.662,0.582,0.086,0.428,0.342,0.086,0.516,0.43,0.062,1.359,1.297,0.063
77,8,0.319,0.185,-0.134,0.077,0.934,0.857,0.083,1.474,1.391,0.727,0,-0.727,0.729,0.476,-0.253,0.146,0.961,0.815,0.126,0.259,0.133,0.094,0.552,0.458,0.076,0.51,0.434,0.084,0.539,0.455,0.057,1.315,1.258,0.061
77,9,0.465,0.24,-0.225,0.069,0.82,0.751,0.085,1.705,1.62,0.432,0,-0.432,0.433,0.191,-0.242,0.13,0.845,0.715,0.118,0.074,-0.044,0.102,0.781,0.679,0.096,1.164,1.068,0.07,1.295,1.225,0.073,1.355,1.282,0.049
77,10,0.393,0.193,-0.2,0.095,0.753,0.658,0.094,1.137,1.043,0.661,0,-0.661,0.663,0.484,-0.179,0.092,1.754,1.662,0.118,0.062,-0.056,0.095,1.032,0.937,0.068,1.037,0.969,0.079,1.185,1.106,0.063,0.258,0.195,0.06
80,2,0.92,0.494,-0.426,0.092,0.87,0.778,0.081,0.977,0.896,1.089,0,-1.089,1.091,0.75,-0.341,0.103,1.666,1.563,0.133,0.264,0.131,0.104,1.205,1.101,0.089,3.038,2.949,0.123,1.046,0.923,0.099,0.437,0.338,0.172
80,3,0.659,0.405,-0.254,0.103,0.742,0.639,0.094,0.492,0.398,0.949,0,-0.949,0.95,0.579,-0.371,0.082,1.234,1.152,0.228,0.13,-0.098,0.156,1.313,1.157,0.091,0.768,0.677,0.099,0.415,0.316,0.063,0.695,0.632,0.178
80,4,0.622,0.389,-0.233,0.084,0.631,0.547,0.086,1.932,1.846,1.123,0,-1.123,1.125,0.89,-0.235,0.084,1.108,1.024,0.213,0.13,-0.083,0.137,1.081,0.944,0.063,1.59,1.527,0.079,0.537,0.458,0.093,0.692,0.599,0.168
80,5,0.372,0.195,-0.177,0.114,0.39,0.276,0.081,1.44,1.359,1.085,0,-1.085,1.087,0.861,-0.226,0.116,1.1,0.984,0.195,0.118,-0.077,0.108,0.625,0.517,0.062,0.633,0.571,0.141,1.659,1.518,0.094,0.351,0.257,0.149
80,7,0.525,0.303,-0.222,0.089,0.461,0.372,0.076,1.296,1.22,1.043,0,-1.043,1.045,0.664,-0.381,0.122,2.189,2.067,0.203,0.11,-0.093,0.158,0.546,0.388,0.091,1.064,0.973,0.104,0.942,0.838,0.086,1.488,1.402,0.144
80,8,0.481,0.279,-0.202,0.09,0.454,0.364,0.073,1.281,1.208,0.699,0,-0.699,0.701,0.473,-0.228,0.074,1.183,1.109,0.17,0.114,-0.056,0.121,0.461,0.34,0.088,1.001,0.913,0.115,0.308,0.193,0.073,0.512,0.439,0.12
80,9,0.674,0.41,-0.264,0.082,0.547,0.465,0.073,1.008,0.935,0.618,0,-0.618,0.62,0.45,-0.17,0.087,0.446,0.359,0.187,0.121,-0.066,0.11,0.454,0.344,0.066,0.652,0.586,0.11,0.415,0.305,0.066,1.228,1.162,0.167
80,10,0.452,0.277,-0.175,0.084,0.635,0.551,0.076,0.407,0.331,0.488,0,-0.488,0.489,0.301,-0.188,0.081,0.454,0.373,0.175,0.128,-0.047,0.118,0.411,0.293,0.078,0.484,0.406,0.092,0.32,0.228,0.084,0.613,0.529,0.155
83,2,0.401,0.246,-0.155,0.163,0.891,0.728,0.107,1.087,0.98,0.872,-0.183,-1.055,0.985,0.795,-0.19,0.11,0.957,0.847,0.11,0.362,0.252,0.099,0.461,0.362,0.12,0.894,0.774,0.102,0.241,0.139,0.093,0.281,0.188,0.096
83,3,0.432,0.276,-0.156,0.117,0.639,0.522,0.105,1.553,1.448,0.521,-0.217,-0.738,0.712,0.527,-0.185,0.145,1.17,1.025,0.101,0.225,0.124,0.094,0.284,0.19,0.091,0.575,0.484,0.091,0.644,0.553,0.081,0.322,0.241,0.104
83,4,0.427,0.279,-0.148,0.117,1.084,0.967,0.104,0.647,0.543,0.704,-0.167,-0.871,0.824,0.604,-0.22,0.14,0.994,0.854,0.099,0.21,0.111,0.094,0.253,0.159,0.107,2.54,2.433,0.102,0.374,0.272,0.136,0.398,0.262,0.105
83,5,0.527,0.374,-0.153,0.136,1.217,1.081,0.092,0.649,0.557,0.623,-0.128,-0.751,0.721,0.546,-0.175,0.122,0.889,0.767,0.094,0.202,0.108,0.089,0.246,0.157,0.101,1.241,1.14,0.086,0.261,0.175,0.086,0.335,0.249,0.091
83,7,0.364,0.259,-0.105,0.129,0.499,0.37,0.091,0.708,0.617,1.795,-0.013,-1.808,1.797,1.56,-0.237,0.116,0.999,0.883,0.099,0.194,0.095,0.099,0.271,0.172,0.094,1.349,1.255,0.099,0.259,0.16,0.081,0.222,0.141,0.078
83,8,0.417,0.28,-0.137,0.113,0.839,0.726,0.086,0.947,0.861,1.341,-0.139,-1.48,1.456,1.208,-0.248,0.092,1.601,1.509,0.102,0.22,0.118,0.099,0.302,0.203,0.112,2.754,2.642,0.117,0.459,0.342,0.089,0.199,0.11,0.115
83,9,0.349,0.225,-0.124,0.155,1.173,1.018,0.11,0.489,0.379,0.955,-0.073,-1.028,0.997,0.784,-0.213,0.118,1.006,0.888,0.097,0.217,0.12,0.099,0.413,0.314,0.12,0.861,0.741,0.091,0.25,0.159,0.086,0.438,0.352,0.094
83,10,0.745,0.603,-0.142,0.093,0.99,0.897,0.092,0.517,0.425,0.669,-0.047,-0.716,0.69,0.471,-0.219,0.134,1.019,0.885,0.091,0.207,0.116,0.086,0.274,0.188,0.101,0.873,0.772,0.085,0.271,0.186,0.081,0.304,0.223,0.104
86,2,0.942,0.786,-0.156,0.132,0.721,0.589,0.076,0.939,0.863,0.718,0,-0.718,0.72,0.478,-0.242,0.119,1.58,1.461,0.175,0.136,-0.039,0.149,1.219,1.07,0.096,0.145,0.049,0.102,0.439,0.337,0.096,0.202,0.106,0.086
86,3,0.419,0.248,-0.171,0.124,0.958,0.834,0.088,1.152,1.064,0.329,0,-0.329,0.331,0.17,-0.161,0.103,1.156,1.053,0.149,0.118,-0.031,0.115,1.082,0.967,0.128,0.367,0.239,0.128,0.42,0.292,0.102,0.246,0.144,0.107
86,4,0.489,0.292,-0.197,0.114,1.339,1.225,0.109,1.052,0.943,1.705,0,-1.705,1.707,1.489,-0.218,0.121,1.391,1.27,0.176,0.1,-0.076,0.136,0.221,0.085,0.12,0.966,0.846,0.104,0.192,0.088,0.093,0.405,0.312,0.138
86,5,0.346,0.198,-0.148,0.103,0.461,0.358,0.089,0.741,0.652,0.862,0,-0.862,0.864,0.653,-0.211,0.106,0.445,0.339,0.152,0.11,-0.042,0.112,0.29,0.178,0.057,1.518,1.461,0.125,0.254,0.129,0.106,0.49,0.384,0.093
86,7,1.449,1.288,-0.161,0.098,0.255,0.157,0.115,0.901,0.786,0.377,0,-0.377,0.378,0.097,-0.281,0.146,1.987,1.841,0.157,0.102,-0.055,0.118,0.18,0.062,0.109,0.425,0.316,0.107,0.513,0.406,0.113,0.195,0.082,0.102
86,8,3.656,3.563,-0.093,0.142,0.181,0.039,0.117,1.073,0.956,0.777,0,-0.777,0.78,0.619,-0.161,0.11,0.48,0.37,0.141,0.122,-0.019,0.097,0.28,0.183,0.088,0.788,0.7,0.107,0.253,0.146,0.094,0.166,0.072,0.099
86,9,0.463,0.245,-0.218,0.117,0.979,0.862,0.094,1.42,1.326,0.473,0,-0.473,0.475,0.238,-0.237,0.111,0.577,0.466,0.159,0.114,-0.045,0.092,1.005,0.913,0.089,0.148,0.059,0.102,0.268,0.166,0.102,0.691,0.589,0.104
86,10,0.706,0.514,-0.192,0.127,0.911,0.784,0.097,0.775,0.678,0.284,0,-0.284,0.286,0.154,-0.132,0.095,0.48,0.385,0.162,0.114,-0.048,0.124,0.857,0.733,0.094,0.142,0.048,0.11,0.259,0.149,0.107,0.346,0.239,0.075
89,2,0.319,0.232,-0.087,0.103,0.638,0.535,0.102,2.366,2.264,1.379,-0.022,-1.401,1.383,1.221,-0.162,0.074,1.443,1.369,0.12,0.179,0.059,0.096,0.904,0.808,0.11,0.568,0.458,0.096,0.32,0.224,0.084,0.328,0.244,0.109
89,3,1.223,1.126,-0.097,0.121,0.761,0.64,0.097,1.941,1.844,1.899,0.024,-1.875,1.858,1.712,-0.146,0.111,2.131,2.02,0.212,0.17,-0.042,0.1,0.331,0.231,0.107,1.244,1.137,0.12,1.803,1.683,0.084,0.055,-0.029,0.133
89,4,0.685,0.261,-0.424,0.103,1.401,1.298,0.092,9.561,9.469,1.433,0.17,-1.263,1.245,0.589,-0.656,0.16,1.552,1.392,0.133,0.102,-0.031,0.12,0.295,0.175,0.099,0.786,0.687,0.086,0.235,0.149,0.063,1.195,1.132,0.143
89,5,0.418,0.227,-0.191,0.103,0.539,0.436,0.083,6.125,6.042,1.461,0.379,-1.082,1.063,0.646,-0.417,0.094,1.365,1.271,0.152,0.075,-0.077,0.137,0.338,0.201,0.096,1.13,1.034,0.102,0.318,0.216,0.071,1.085,1.014,0.109
89,7,0.766,0.345,-0.421,0.103,1.445,1.342,0.104,0.576,0.472,0.89,0.229,-0.661,0.693,0.398,-0.295,0.104,0.999,0.895,0.132,0.081,-0.051,0.118,0.775,0.657,0.078,0.392,0.314,0.094,0.271,0.177,0.06,0.111,0.051,0.123
89,8,0.698,0.24,-0.458,0.093,1.268,1.175,0.092,0.251,0.159,0.98,0.123,-0.857,0.879,0.586,-0.293,0.089,0.915,0.826,0.137,0.073,-0.064,0.111,0.335,0.224,0.073,0.626,0.553,0.086,0.749,0.663,0.087,0.58,0.493,0.087
89,9,0.5,0.253,-0.247,0.093,0.982,0.889,0.107,0.318,0.211,1.168,0.248,-0.92,0.944,0.553,-0.391,0.092,0.916,0.824,0.139,0.086,-0.053,0.115,0.46,0.345,0.097,0.874,0.777,0.083,0.348,0.265,0.083,0.794,0.711,0.096
89,10,0.706,0.334,-0.372,0.109,1.162,1.053,0.084,0.678,0.594,1.999,0.204,-1.795,1.814,1.524,-0.29,0.091,0.791,0.7,0.147,0.102,-0.045,0.129,0.342,0.213,0.086,0.514,0.428,0.08,0.245,0.165,0.068,0.325,0.257,0.115
93,2,0.463,0.282,-0.181,0.122,0.346,0.224,0.102,0.369,0.267,1.103,0.133,-0.97,1.009,0.815,-0.194,0.091,0.904,0.813,0.165,0.112,-0.053,0.123,0.195,0.072,0.089,0.462,0.373,0.107,0.325,0.218,0.091,0.73,0.639,0.083
93,3,0.372,0.201,-0.171,0.108,0.232,0.124,0.1,0.174,0.074,0.642,-0.008,-0.65,0.663,0.486,-0.177,0.091,0.494,0.403,0.178,0.104,-0.074,0.134,0.353,0.219,0.094,0.374,0.28,0.118,0.223,0.105,0.076,0.531,0.455,0.089
93,4,0.275,0.123,-0.152,0.103,0.232,0.129,0.094,0.441,0.347,0.443,-0.026,-0.469,0.503,0.309,-0.194,0.099,0.371,0.272,0.192,0.107,-0.085,0.124,0.289,0.165,0.086,0.296,0.21,0.123,0.247,0.124,0.101,0.196,0.095,0.105
93,5,0.445,0.162,-0.283,0.106,0.653,0.547,0.112,0.203,0.091,0.402,-0.019,-0.421,0.452,0.277,-0.175,0.091,0.322,0.231,0.207,0.123,-0.084,0.131,0.273,0.142,0.096,0.363,0.267,0.118,0.458,0.34,0.088,0.121,0.033,0.089
93,7,0.392,0.245,-0.147,0.093,0.198,0.105,0.092,0.38,0.288,0.485,0.023,-0.462,0.519,0.31,-0.209,0.086,0.325,0.239,0.191,0.122,-0.069,0.116,0.204,0.088,0.086,0.404,0.318,0.097,0.195,0.098,0.091,0.199,0.108,0.083
93,8,0.395,0.211,-0.184,0.101,0.238,0.137,0.102,0.65,0.548,0.367,0.018,-0.349,0.391,0.192,-0.199,0.088,0.363,0.275,0.181,0.123,-0.058,0.097,0.118,0.021,0.094,0.33,0.236,0.084,0.609,0.525,0.101,0.243,0.142,0.086
93,9,0.356,0.183,-0.173,0.106,0.237,0.131,0.097,0.961,0.864,0.908,0.031,-0.877,0.908,0.618,-0.29,0.113,0.725,0.612,0.176,0.107,-0.069,0.113,0.154,0.041,0.099,0.372,0.273,0.117,0.217,0.1,0.107,0.359,0.252,0.091
93,10,0.39,0.243,-0.147,0.1,0.278,0.178,0.086,0.487,0.401,0.368,-0.01,-0.378,0.426,0.213,-0.213,0.094,0.302,0.208,0.179,0.099,-0.08,0.132,0.178,0.046,0.097,0.22,0.123,0.097,0.47,0.373,0.096,0.114,0.018,0.089
96,2,0.466,0.182,-0.284,0.144,1.087,0.943,0.115,0.903,0.788,1.069,0,-1.069,1.071,0.822,-0.249,0.123,1.119,0.996,0.133,0.306,0.173,0.133,0.372,0.239,0.128,0.83,0.702,0.117,0.359,0.242,0.123,1.324,1.201,0.11
96,3,1.191,1.014,-0.177,0.145,0.616,0.471,0.107,1.122,1.015,0.465,0,-0.465,0.467,0.262,-0.205,0.111,1.142,1.031,0.102,0.192,0.09,0.12,0.254,0.134,0.138,0.637,0.499,0.144,0.375,0.231,0.157,0.651,0.494,0.101
96,4,0.489,0.279,-0.21,0.135,0.617,0.482,0.107,0.939,0.832,1.016,0,-1.016,1.018,0.803,-0.215,0.118,0.375,0.257,0.104,0.194,0.09,0.123,0.249,0.126,0.107,0.393,0.286,0.153,0.367,0.214,0.154,0.437,0.283,0.136
96,5,0.436,0.232,-0.204,0.151,0.432,0.281,0.107,2.414,2.307,0.604,0,-0.604,0.606,0.393,-0.213,0.131,0.416,0.285,0.149,0.226,0.077,0.133,0.252,0.119,0.109,0.433,0.324,0.133,0.303,0.17,0.112,0.354,0.242,0.086
96,7,0.337,0.154,-0.183,0.095,1.477,1.382,0.097,0.17,0.073,0.815,0,-0.815,0.817,0.63,-0.187,0.105,0.666,0.561,0.149,0.096,-0.053,0.124,0.293,0.169,0.102,0.354,0.252,0.117,0.318,0.201,0.097,0.202,0.105,0.099
96,8,0.34,0.169,-0.171,0.104,0.367,0.263,0.089,0.697,0.608,0.622,0,-0.622,0.624,0.476,-0.148,0.111,0.429,0.318,0.15,0.075,-0.075,0.134,0.333,0.199,0.117,0.369,0.252,0.133,0.4,0.267,0.149,0.412,0.263,0.115
96,9,0.502,0.379,-0.123,0.068,0.372,0.304,0.076,0.218,0.142,0.686,0,-0.686,0.688,0.562,-0.126,0.068,0.512,0.444,0.106,0.05,-0.056,0.087,0.614,0.527,0.084,0.359,0.275,0.094,0.209,0.115,0.074,1.031,0.957,0.073
96,10,0.634,0.54,-0.094,0.063,0.315,0.252,0.073,0.475,0.402,0.39,0.001,-0.389,0.39,0.259,-0.131,0.076,0.345,0.269,0.1,0.053,-0.047,0.089,0.418,0.329,0.092,0.622,0.53,0.07,0.256,0.186,0.078,0.404,0.326,0.066
99,2,0.217,0.149,-0.068,0.165,0.455,0.29,0.115,1.194,1.079,0.776,0,-0.776,0.778,0.657,-0.121,0.084,1.03,0.946,0.146,0.506,0.36,0.12,0.583,0.463,0.151,0.535,0.384,0.169,0.318,0.149,0.123,0.326,0.203,0.13
99,3,0.23,0.161,-0.069,0.179,0.624,0.445,0.2,1.457,1.257,0.538,0,-0.538,0.54,0.333,-0.207,0.094,0.735,0.641,0.109,0.236,0.127,0.099,0.423,0.324,0.154,0.619,0.465,0.133,0.329,0.196,0.143,0.362,0.219,0.164
99,4,0.332,0.253,-0.079,0.202,0.776,0.574,0.12,1.95,1.83,0.87,0,-0.87,0.873,0.662,-0.211,0.116,0.522,0.406,0.115,0.226,0.111,0.127,0.521,0.394,0.169,0.617,0.448,0.141,0.398,0.257,0.157,1.739,1.582,0.151
99,5,0.235,0.172,-0.063,0.168,0.721,0.553,0.115,0.818,0.703,1.083,0,-1.083,1.085,0.872,-0.213,0.153,0.484,0.331,0.143,0.246,0.103,0.13,0.498,0.368,0.141,0.478,0.337,0.149,0.35,0.201,0.148,0.49,0.342,0.17
99,7,0.306,0.264,-0.042,0.172,0.775,0.603,0.125,0.779,0.654,0.684,0,-0.684,0.686,0.519,-0.167,0.147,0.497,0.35,0.214,0.162,-0.052,0.152,0.401,0.249,0.141,0.797,0.656,0.146,0.37,0.224,0.149,0.768,0.619,0.202
99,8,0.445,0.376,-0.069,0.186,2.857,2.671,0.133,0.515,0.382,0.454,0,-0.454,0.457,0.327,-0.13,0.11,0.408,0.298,0.104,0.176,0.072,0.112,0.593,0.481,0.12,0.563,0.443,0.122,0.33,0.208,0.11,0.581,0.471,0.125
99,9,0.35,0.292,-0.058,0.166,1.78,1.614,0.11,0.69,0.58,0.399,0,-0.399,0.401,0.319,-0.082,0.111,0.443,0.332,0.089,0.184,0.095,0.086,0.448,0.362,0.134,0.357,0.223,0.115,0.359,0.244,0.123,1.003,0.88,0.114
99,10,0.433,0.316,-0.117,0.198,0.784,0.586,0.094,0.496,0.402,0.866,0,-0.866,0.868,0.659,-0.209,0.159,0.505,0.346,0.139,0.252,0.113,0.125,0.326,0.201,0.125,0.367,0.242,0.159,0.354,0.195,0.136,0.805,0.669,0.143
102,2,0.444,0.269,-0.175,0.087,0.924,0.837,0.083,2.835,2.752,0.784,-0.017,-0.801,0.769,0.612,-0.157,0.085,1.042,0.957,0.052,0.589,0.537,0.1,1.447,1.347,0.081,0.382,0.301,0.11,0.387,0.277,0.068,1.457,1.389,0.091
102,3,0.463,0.321,-0.142,0.077,0.404,0.327,0.076,0.759,0.683,0.567,0.013,-0.554,0.568,0.379,-0.189,0.091,0.762,0.671,0.115,0.231,0.116,0.088,1.917,1.829,0.078,0.693,0.615,0.086,0.25,0.164,0.071,0.992,0.921,0.09
102,4,0.408,0.238,-0.17,0.086,0.632,0.546,0.082,3.222,3.14,0.597,-0.026,-0.623,0.599,0.453,-0.146,0.091,0.473,0.382,0.078,0.178,0.1,0.089,0.812,0.723,0.089,0.652,0.563,0.107,0.171,0.064,0.081,0.456,0.375,0.073
102,5,0.392,0.235,-0.157,0.095,0.502,0.407,0.083,0.747,0.664,0.675,0.036,-0.639,0.65,0.434,-0.216,0.1,0.586,0.486,0.078,0.153,0.075,0.086,0.585,0.499,0.092,0.346,0.254,0.08,0.325,0.245,0.078,0.412,0.334,0.071
102,7,0.437,0.298,-0.139,0.097,0.484,0.387,0.072,1.266,1.194,0.506,-0.018,-0.524,0.479,0.314,-0.165,0.094,0.847,0.753,0.078,0.181,0.103,0.086,0.441,0.355,0.084,0.5,0.416,0.099,0.228,0.129,0.086,1.817,1.731,0.078
102,8,0.363,0.222,-0.141,0.087,0.396,0.309,0.073,1.547,1.474,0.59,0.036,-0.554,0.527,0.365,-0.162,0.086,0.958,0.872,0.078,0.181,0.103,0.086,0.459,0.373,0.078,0.42,0.342,0.078,0.17,0.092,0.079,0.425,0.346,0.079
102,9,0.439,0.287,-0.152,0.09,0.991,0.901,0.083,1.097,1.014,0.444,-0.036,-0.48,0.452,0.319,-0.133,0.083,1.429,1.346,0.081,0.251,0.17,0.104,0.825,0.721,0.083,0.502,0.419,0.091,0.186,0.095,0.084,0.951,0.867,0.091
102,10,0.564,0.373,-0.191,0.087,0.87,0.783,0.084,1.555,1.471,0.373,-0.004,-0.377,0.365,0.255,-0.11,0.083,0.299,0.216,0.065,0.189,0.124,0.073,1.338,1.265,0.078,0.23,0.152,0.088,0.23,0.142,0.078,0.826,0.748,0.092
