0.227,0.175,-0.052,0.097,0.151,0.054,0.094,0.13,0.036,0.088,0.114,0.026,0.112,0.349,0.237,0.083,0.284,0.201,0.234,0.105,-0.129,0.105,0.296,0.191,0.104,0.313,0.209,0.133,0.119,-0.014,0.214,0.077,-0.137,0.106,0.25,0.144,0.092,0.562,0.47,0.1,0.192,0.092,0.084,0.096,0.012,0.079,0.11,0.031,0.081,0.137,0.056,0.121,0.084,-0.037,0.082,0.023,-0.059,0.108
0.312,0.191,-0.121,0.097,0.236,0.139,0.123,0.45,0.327,0.083,0.127,0.044,0.11,0.503,0.393,0.097,0.295,0.198,0.252,0.097,-0.155,0.124,0.343,0.219,0.092,0.341,0.249,0.118,0.099,-0.019,0.239,0.103,-0.136,0.09,0.368,0.278,0.081,0.593,0.512,0.099,0.192,0.093,0.076,0.119,0.043,0.089,0.075,-0.014,0.082,0.141,0.059,0.1,0.068,-0.032,0.094,0.068,-0.026,0.084
0.183,0.109,-0.074,0.116,0.147,0.031,0.122,0.146,0.024,0.099,0.132,0.033,0.094,0.377,0.283,0.078,0.161,0.083,0.342,0.107,-0.235,0.055,1.185,1.13,0.107,0.447,0.34,0.093,0.191,0.098,0.234,0.11,-0.124,0.1,0.25,0.15,0.078,0.714,0.636,0.099,0.204,0.105,0.086,0.127,0.041,0.087,0.105,0.018,0.072,0.139,0.067,0.105,0.076,-0.029,0.09,0.042,-0.048,0.126
0.185,0.144,-0.041,0.107,0.132,0.025,0.108,0.117,0.009,0.087,0.105,0.018,0.107,0.279,0.172,0.105,0.233,0.128,0.378,0.126,-0.252,0.14,1.138,0.998,0.112,0.511,0.399,0.117,0.133,0.016,0.224,0.086,-0.138,0.106,0.358,0.252,0.118,0.473,0.355,0.083,0.171,0.088,0.081,0.098,0.017,0.084,0.099,0.015,0.055,0.125,0.07,0.102,0.07,-0.032,0.079,0.045,-0.034,0.071
0.165,0.133,-0.032,0.112,0.13,0.018,0.104,0.122,0.018,0.102,0.112,0.01,0.113,0.779,0.666,0.071,0.218,0.147,0.239,0.097,-0.142,0.128,0.268,0.14,0.128,0.323,0.195,0.131,0.252,0.121,0.202,0.084,-0.118,0.129,0.412,0.283,0.104,0.503,0.399,0.089,0.166,0.077,0.086,0.104,0.018,0.084,0.099,0.015,0.063,0.129,0.066,0.097,0.066,-0.031,0.113,0.057,-0.056,0.092
0.189,0.128,-0.061,0.105,0.128,0.023,0.11,0.197,0.087,0.12,0.141,0.021,0.109,0.338,0.229,0.102,0.231,0.129,0.236,0.081,-0.155,0.124,0.894,0.77,0.128,0.182,0.054,0.11,0.127,0.017,0.365,0.165,-0.2,0.101,0.328,0.227,0.102,0.465,0.363,0.084,0.158,0.074,0.073,0.174,0.101,0.088,0.701,0.613,0.057,0.147,0.09,0.081,0.047,-0.034,0.102,0.071,-0.031,0.091
0.136,0.112,-0.024,0.104,0.091,-0.013,0.11,0.131,0.021,0.099,0.158,0.059,0.167,0.574,0.407,0.07,0.196,0.126,0.294,0.105,-0.189,0.119,0.282,0.163,0.146,0.354,0.208,0.118,0.216,0.098,0.179,0.044,-0.135,0.113,0.25,0.137,0.097,0.524,0.427,0.097,0.163,0.066,0.087,0.105,0.018,0.086,0.101,0.015,0.062,0.15,0.088,0.084,0.049,-0.035,0.111,0.053,-0.058,0.107
0.265,0.141,-0.124,0.107,0.407,0.3,0.083,0.07,-0.013,0.092,0.12,0.028,0.102,0.565,0.463,0.073,0.145,0.072,0.31,0.11,-0.2,0.124,0.297,0.173,0.121,0.481,0.36,0.078,0.122,0.044,0.207,0.089,-0.118,0.132,0.592,0.46,0.105,0.365,0.26,0.096,0.186,0.09,0.092,0.112,0.02,0.107,0.083,-0.024,0.084,0.151,0.067,0.097,0.065,-0.032,0.098,0.061,-0.037,0.094
0.185,0.143,-0.042,0.107,0.143,0.036,0.102,0.12,0.018,0.086,0.112,0.026,0.204,0.783,0.579,0.088,0.181,0.093,0.229,0.081,-0.148,0.117,0.299,0.182,0.126,0.44,0.314,0.112,0.176,0.064,0.221,0.074,-0.147,0.136,0.255,0.119,0.084,0.421,0.337,0.086,0.156,0.07,0.088,0.096,0.008,0.092,0.109,0.017,0.068,0.145,0.077,0.081,0.05,-0.031,0.113,0.057,-0.056,0.108
0.135,0.107,-0.028,0.11,0.117,0.007,0.096,0.115,0.019,0.072,0.09,0.018,0.108,0.38,0.272,0.073,1.32,1.247,0.231,0.065,-0.166,0.109,0.706,0.597,0.12,0.993,0.873,0.097,0.39,0.293,0.235,0.214,-0.021,0.089,0.285,0.196,0.094,0.331,0.237,0.099,0.173,0.074,0.089,0.102,0.013,0.073,0.086,0.013,0.067,0.129,0.062,0.102,0.06,-0.042,0.1,0.061,-0.039,0.08
0.157,0.104,-0.053,0.089,0.117,0.028,0.094,0.123,0.029,0.099,0.127,0.028,0.123,0.262,0.139,0.083,0.173,0.09,0.231,0.102,-0.129,0.103,0.271,0.168,0.109,0.274,0.165,0.11,0.151,0.041,0.165,0.044,-0.121,0.133,0.233,0.1,0.117,0.416,0.299,0.094,0.176,0.082,0.081,0.104,0.023,0.086,0.096,0.01,0.07,0.137,0.067,0.098,0.066,-0.032,0.076,0.044,-0.032,0.076
0.149,0.099,-0.05,0.089,0.117,0.028,0.102,0.11,0.008,0.094,0.112,0.018,0.104,0.308,0.204,0.088,0.649,0.561,0.221,0.118,-0.103,0.087,0.252,0.165,0.12,0.3,0.18,0.112,0.161,0.049,0.158,0.047,-0.111,0.1,0.229,0.129,0.118,0.367,0.249,0.089,0.174,0.085,0.076,0.096,0.02,0.094,0.105,0.011,0.073,0.134,0.061,0.126,0.071,-0.055,0.122,0.031,-0.091,0.123
0.172,0.133,-0.039,0.089,0.127,0.038,0.097,0.107,0.01,0.081,0.287,0.206,0.102,0.272,0.17,0.078,0.309,0.231,0.221,0.113,-0.108,0.076,0.476,0.4,0.094,0.379,0.285,0.1,0.14,0.04,0.238,0.108,-0.13,0.105,0.204,0.099,0.112,0.475,0.363,0.086,0.163,0.077,0.073,0.112,0.039,0.078,0.096,0.018,0.073,0.147,0.074,0.1,0.065,-0.035,0.097,0.066,-0.031,0.099
0.146,0.104,-0.042,0.089,0.13,0.041,0.107,0.091,-0.016,0.092,0.144,0.052,0.13,0.297,0.167,0.089,0.405,0.316,0.235,0.118,-0.117,0.097,0.255,0.158,0.105,0.333,0.228,0.102,0.135,0.033,0.162,0.004,-0.158,0.097,0.25,0.153,0.096,0.513,0.417,0.086,0.158,0.072,0.084,0.102,0.018,0.089,0.107,0.018,0.078,0.15,0.072,0.115,0.07,-0.045,0.101,0.056,-0.045,0.097
0.175,0.148,-0.027,0.084,0.117,0.033,0.089,0.102,0.013,0.104,0.138,0.034,0.091,0.263,0.172,0.079,0.199,0.12,0.263,0.129,-0.134,0.082,0.242,0.16,0.104,0.348,0.244,0.121,0.185,0.064,0.161,0.04,-0.121,0.105,0.211,0.106,0.094,0.418,0.324,0.084,0.166,0.082,0.081,0.109,0.028,0.089,0.104,0.015,0.083,0.145,0.062,0.116,0.068,-0.048,0.132,0.063,-0.069,0.1
0.146,0.107,-0.039,0.092,0.117,0.025,0.107,0.094,-0.013,0.084,0.099,0.015,0.11,0.194,0.084,0.095,1.006,0.911,0.271,0.102,-0.169,0.108,0.3,0.192,0.117,0.395,0.278,0.099,0.148,0.049,0.168,0.052,-0.116,0.135,0.243,0.108,0.091,0.513,0.422,0.074,0.158,0.084,0.076,0.109,0.033,0.086,0.104,0.018,0.069,0.145,0.076,0.108,0.066,-0.042,0.121,0.081,-0.04,0.094
0.215,0.167,-0.048,0.105,0.141,0.036,0.094,0.104,0.01,0.118,0.171,0.053,0.126,0.26,0.134,0.07,0.217,0.147,0.241,0.107,-0.134,0.103,0.227,0.124,0.13,0.282,0.152,0.092,0.126,0.034,0.133,0.038,-0.095,0.103,0.35,0.247,0.107,0.741,0.634,0.081,0.18,0.099,0.097,0.133,0.036,0.102,0.117,0.015,0.065,0.142,0.077,0.089,0.065,-0.024,0.103,0.071,-0.032,0.087
0.189,0.133,-0.056,0.116,0.151,0.035,0.1,0.115,0.015,0.094,0.125,0.031,0.109,0.22,0.111,0.078,0.181,0.103,0.208,0.1,-0.108,0.096,0.236,0.14,0.11,0.287,0.177,0.123,0.167,0.044,0.156,0.021,-0.135,0.11,0.24,0.13,0.091,0.456,0.365,0.107,0.184,0.077,0.079,0.102,0.023,0.096,0.114,0.018,0.086,0.166,0.08,0.131,0.07,-0.061,0.118,0.107,-0.011,0.103
0.203,0.177,-0.026,0.102,0.133,0.031,0.102,0.117,0.015,0.112,0.13,0.018,0.102,0.243,0.141,0.105,0.2,0.095,0.247,0.102,-0.145,0.106,0.26,0.154,0.118,0.295,0.177,0.11,0.177,0.067,0.182,0.06,-0.122,0.105,0.487,0.382,0.086,0.328,0.242,0.062,0.178,0.116,0.107,0.166,0.059,0.097,0.135,0.038,0.076,0.156,0.08,0.11,0.049,-0.061,0.116,0.084,-0.032,0.1
0.146,0.084,-0.062,0.096,0.138,0.042,0.099,0.117,0.018,0.117,0.151,0.034,0.086,0.217,0.131,0.099,0.153,0.054,0.247,0.115,-0.132,0.093,0.253,0.16,0.127,0.346,0.219,0.115,0.149,0.034,0.175,0.01,-0.165,0.076,0.314,0.238,0.113,0.462,0.349,0.092,0.176,0.084,0.074,0.089,0.015,0.089,0.107,0.018,0.083,0.147,0.064,0.126,0.071,-0.055,0.118,0.084,-0.034,0.084
0.259,0.187,-0.072,0.113,0.162,0.049,0.089,0.148,0.059,0.096,0.114,0.018,0.113,0.277,0.164,0.081,0.145,0.064,0.231,0.103,-0.128,0.1,0.231,0.131,0.115,0.272,0.157,0.112,0.187,0.075,0.258,0.099,-0.159,0.12,0.486,0.366,0.096,0.278,0.182,0.087,0.179,0.092,0.071,0.351,0.28,0.097,0.148,0.051,0.047,0.32,0.273,0.096,0.065,-0.031,0.105,0.073,-0.032,0.091
0.4,0.232,-0.168,0.074,0.278,0.204,0.107,0.133,0.026,0.149,0.167,0.018,0.123,0.253,0.13,0.066,0.156,0.09,0.278,0.123,-0.155,0.1,0.248,0.148,0.114,0.346,0.232,0.11,0.146,0.036,0.194,0.062,-0.132,0.104,0.209,0.105,0.094,0.457,0.363,0.081,0.161,0.08,0.083,0.096,0.013,0.075,0.101,0.026,0.068,0.132,0.064,0.103,0.066,-0.037,0.124,0.05,-0.074,0.097
0.138,0.091,-0.047,0.102,0.12,0.018,0.094,0.082,-0.012,0.111,0.1,-0.011,0.102,0.19,0.088,0.091,0.137,0.046,0.614,0.448,-0.166,0.114,0.263,0.149,0.123,0.301,0.178,0.088,0.173,0.085,0.159,0.037,-0.122,0.129,0.201,0.072,0.115,0.565,0.45,0.1,0.2,0.1,0.088,0.106,0.018,0.094,0.115,0.021,0.07,0.145,0.075,0.126,0.083,-0.043,0.127,0.082,-0.045,0.084
0.205,0.159,-0.046,0.105,0.442,0.337,0.084,0.102,0.018,0.109,0.142,0.033,0.12,0.373,0.253,0.08,0.124,0.044,0.278,0.118,-0.16,0.101,0.24,0.139,0.125,0.254,0.129,0.11,0.174,0.064,0.195,0.034,-0.161,0.127,0.315,0.188,0.11,0.413,0.303,0.089,0.218,0.129,0.033,0.183,0.15,0.107,0.135,0.028,0.081,0.179,0.098,0.115,0.078,-0.037,0.102,0.071,-0.031,0.091
0.178,0.149,-0.029,0.109,0.137,0.028,0.113,0.128,0.015,0.086,0.526,0.44,0.086,0.457,0.371,0.075,0.121,0.046,0.266,0.095,-0.171,0.119,0.295,0.176,0.114,0.346,0.232,0.104,0.122,0.018,0.179,0.066,-0.113,0.127,0.235,0.108,0.088,0.338,0.25,0.07,0.158,0.088,0.07,0.106,0.036,0.092,0.08,-0.012,0.084,0.156,0.072,0.11,0.081,-0.029,0.097,0.047,-0.05,0.09
0.156,0.13,-0.026,0.102,0.133,0.031,0.096,0.158,0.062,0.102,0.766,0.664,0.107,0.519,0.412,0.073,0.145,0.072,0.205,0.071,-0.134,0.103,0.26,0.157,0.102,0.379,0.277,0.116,0.133,0.017,0.159,0.053,-0.106,0.129,0.204,0.075,0.096,0.258,0.162,0.091,0.163,0.072,0.097,0.122,0.025,0.089,0.107,0.018,0.071,0.14,0.069,0.113,0.068,-0.045,0.102,0.063,-0.039,0.126
0.158,0.148,-0.01,0.097,0.109,0.012,0.092,0.107,0.015,0.105,0.12,0.015,0.107,0.789,0.682,0.086,0.151,0.065,0.215,0.104,-0.111,0.097,0.229,0.132,0.112,0.267,0.155,0.094,0.145,0.051,0.179,0.047,-0.132,0.108,0.23,0.122,0.099,0.338,0.239,0.089,0.158,0.069,0.097,0.115,0.018,0.075,0.101,0.026,0.078,0.158,0.08,0.102,0.065,-0.037,0.107,0.089,-0.018,0.123
0.143,0.104,-0.039,0.091,0.13,0.039,0.102,0.07,-0.032,0.1,0.118,0.018,0.104,0.986,0.882,0.071,0.089,0.018,0.273,0.107,-0.166,0.119,0.305,0.186,0.086,0.403,0.317,0.123,0.096,-0.027,0.192,0.074,-0.118,0.129,0.235,0.106,0.094,0.289,0.195,0.097,0.176,0.079,0.1,0.115,0.015,0.081,0.099,0.018,0.067,0.142,0.075,0.097,0.076,-0.021,0.078,0.042,-0.036,0.109
0.167,0.141,-0.026,0.081,0.114,0.033,0.089,0.099,0.01,0.113,0.123,0.01,0.112,0.256,0.144,0.086,0.521,0.435,0.175,0.099,-0.076,0.098,0.228,0.13,0.092,0.28,0.188,0.102,0.184,0.082,0.176,0.065,-0.111,0.122,0.263,0.141,0.102,0.424,0.322,0.086,0.171,0.085,0.089,0.101,0.012,0.081,0.099,0.018,0.084,0.145,0.061,0.127,0.066,-0.061,0.138,0.068,-0.07,0.109
0.156,0.143,-0.013,0.108,0.117,0.009,0.089,0.107,0.018,0.097,0.11,0.013,0.099,0.274,0.175,0.078,0.168,0.09,0.271,0.087,-0.184,0.1,0.278,0.178,0.118,0.318,0.2,0.126,0.211,0.085,0.126,0.019,-0.107,0.123,0.206,0.083,0.106,0.271,0.165,0.089,0.161,0.072,0.099,0.085,-0.014,0.124,0.152,0.028,0.089,0.156,0.067,0.115,0.076,-0.039,0.125,0.007,-0.118,0.149
0.151,0.112,-0.039,0.12,0.112,-0.008,0.1,0.11,0.01,0.099,0.117,0.018,0.107,0.367,0.26,0.123,0.106,-0.017,0.293,0.119,-0.174,0.122,0.303,0.181,0.115,0.629,0.514,0.124,0.128,0.004,0.158,0.055,-0.103,0.121,0.199,0.078,0.099,0.418,0.319,0.091,0.209,0.118,0.136,0.19,0.054,0.094,0.105,0.011,0.081,0.145,0.064,0.124,0.063,-0.061,0.132,0.034,-0.098,0.13
0.109,0.078,-0.031,0.094,0.112,0.018,0.104,0.09,-0.014,0.095,0.103,0.008,0.125,0.63,0.505,0.078,0.121,0.043,0.257,0.079,-0.178,0.087,0.317,0.23,0.118,0.308,0.19,0.099,0.138,0.039,0.144,0.047,-0.097,0.113,0.229,0.116,0.094,0.367,0.273,0.084,0.178,0.094,0.079,0.097,0.018,0.083,0.101,0.018,0.081,0.14,0.059,0.148,0.07,-0.078,0.12,0.05,-0.07,0.128
0.186,0.141,-0.045,0.092,0.153,0.061,0.107,0.125,0.018,0.113,0.123,0.01,0.083,0.33,0.247,0.081,0.21,0.129,0.186,0.113,-0.073,0.099,0.225,0.126,0.102,0.213,0.111,0.099,0.142,0.043,0.153,0.061,-0.092,0.108,0.226,0.118,0.115,0.295,0.18,0.089,0.621,0.532,0.087,0.11,0.023,0.08,0.124,0.044,0.073,0.171,0.098,0.071,0.018,-0.053,0.116,0.084,-0.032,0.097
0.143,0.124,-0.019,0.092,0.11,0.018,0.081,0.099,0.018,0.1,0.104,0.004,0.118,0.252,0.134,0.073,0.247,0.174,0.239,0.118,-0.121,0.087,0.252,0.165,0.094,0.241,0.147,0.096,0.138,0.042,0.159,0.128,-0.031,0.073,0.505,0.432,0.083,0.362,0.279,0.075,0.25,0.175,0.097,0.117,0.02,0.097,0.107,0.01,0.076,0.148,0.072,0.091,0.057,-0.034,0.108,0.076,-0.032,0.094
0.12,0.091,-0.029,0.086,0.117,0.031,0.094,0.068,-0.026,0.105,0.112,0.007,0.094,0.138,0.044,0.099,0.264,0.165,0.257,0.097,-0.16,0.116,0.34,0.224,0.131,0.406,0.275,0.102,0.135,0.033,0.24,0.061,-0.179,0.132,0.333,0.201,0.102,0.498,0.396,0.089,0.182,0.093,0.086,0.106,0.02,0.089,0.104,0.015,0.081,0.138,0.057,0.12,0.068,-0.052,0.121,0.071,-0.05,0.094
0.138,0.124,-0.014,0.084,0.108,0.024,0.096,0.082,-0.014,0.121,0.103,-0.018,0.115,0.323,0.208,0.089,0.163,0.074,0.203,0.077,-0.126,0.102,0.234,0.132,0.107,0.295,0.188,0.107,0.161,0.054,0.212,0.042,-0.17,0.105,0.278,0.173,0.1,0.285,0.185,0.086,0.207,0.121,0.094,0.107,0.013,0.078,0.104,0.026,0.083,0.155,0.072,0.1,0.052,-0.048,0.111,0.066,-0.045,0.115
0.148,0.12,-0.028,0.086,0.114,0.028,0.094,0.114,0.02,0.112,0.133,0.021,0.078,0.178,0.1,0.084,0.593,0.509,0.555,0.469,-0.086,0.097,0.228,0.131,0.147,0.337,0.19,0.115,0.151,0.036,0.21,0.042,-0.168,0.122,0.212,0.09,0.097,0.354,0.257,0.076,0.174,0.098,0.075,0.098,0.023,0.091,0.078,-0.013,0.079,0.145,0.066,0.088,0.034,-0.054,0.118,0.102,-0.016,0.095
0.112,0.081,-0.031,0.091,0.112,0.021,0.096,0.114,0.018,0.086,0.114,0.028,0.105,0.174,0.069,0.099,0.272,0.173,0.283,0.162,-0.121,0.09,0.473,0.383,0.134,0.515,0.381,0.12,0.103,-0.017,0.257,0.119,-0.138,0.126,0.246,0.12,0.099,0.4,0.301,0.06,0.16,0.1,0.078,0.119,0.041,0.092,0.065,-0.027,0.076,0.156,0.08,0.079,0.039,-0.04,0.108,0.071,-0.037,0.086
0.139,0.125,-0.014,0.131,0.109,-0.022,0.1,0.128,0.028,0.102,0.115,0.013,0.11,0.29,0.18,0.075,0.224,0.149,0.634,0.574,-0.06,0.081,0.177,0.096,0.101,0.317,0.216,0.102,0.159,0.057,0.166,0.071,-0.095,0.121,0.208,0.087,0.083,0.318,0.235,0.086,0.186,0.1,0.076,0.091,0.015,0.075,0.093,0.018,0.068,0.145,0.077,0.076,0.037,-0.039,0.097,0.066,-0.031,0.096
0.16,0.128,-0.032,0.099,0.122,0.023,0.1,0.083,-0.017,0.103,0.121,0.018,0.104,0.289,0.185,0.076,0.161,0.085,0.236,0.107,-0.129,0.095,0.216,0.121,0.097,0.375,0.278,0.096,0.133,0.037,0.175,0.059,-0.116,0.133,0.328,0.195,0.071,0.371,0.3,0.081,0.187,0.106,0.102,0.109,0.007,0.076,0.097,0.021,0.078,0.15,0.072,0.092,0.049,-0.043,0.108,0.077,-0.031,0.083
0.185,0.162,-0.023,0.094,0.125,0.031,0.107,0.067,-0.04,0.111,0.118,0.007,0.099,0.169,0.07,0.101,0.179,0.078,0.228,0.094,-0.134,0.097,0.242,0.145,0.091,0.405,0.314,0.102,0.156,0.054,0.18,0.084,-0.096,0.126,0.206,0.08,0.105,0.493,0.388,0.062,0.163,0.101,0.075,0.119,0.044,0.087,0.091,0.004,0.073,0.145,0.072,0.084,0.037,-0.047,0.171,0.066,-0.105,0.097
0.605,0.563,-0.042,0.091,0.323,0.232,0.089,0.135,0.046,0.107,0.125,0.018,0.104,0.271,0.167,0.073,0.493,0.42,0.299,0.032,-0.267,0.092,0.668,0.576,0.162,0.45,0.288,0.129,0.1,-0.029,0.241,0.121,-0.12,0.134,0.214,0.08,0.091,0.39,0.299,0.07,0.153,0.083,0.085,0.104,0.019,0.083,0.098,0.015,0.063,0.14,0.077,0.079,0.037,-0.042,0.118,0.065,-0.053,0.118
0.238,0.191,-0.047,0.11,0.202,0.092,0.102,0.122,0.02,0.1,0.112,0.012,0.102,0.264,0.162,0.089,0.143,0.054,0.21,0.073,-0.137,0.106,0.238,0.132,0.133,0.303,0.17,0.169,0.36,0.191,0.157,0.068,-0.089,0.106,0.188,0.082,0.109,0.392,0.283,0.081,0.174,0.093,0.081,0.104,0.023,0.088,0.098,0.01,0.074,0.153,0.079,0.093,0.026,-0.067,0.127,0.105,-0.022,0.123
0.193,0.144,-0.049,0.086,0.351,0.265,0.091,0.14,0.049,0.102,0.146,0.044,0.096,0.191,0.095,0.086,0.179,0.093,0.268,0.113,-0.155,0.102,0.221,0.119,0.102,0.437,0.335,0.107,0.168,0.061,0.206,0.05,-0.156,0.135,0.226,0.091,0.101,0.611,0.51,0.073,0.194,0.121,0.078,0.104,0.026,0.104,0.117,0.013,0.068,0.145,0.077,0.094,0.062,-0.032,0.108,0.069,-0.039,0.11
0.178,0.138,-0.04,0.115,0.133,0.018,0.105,0.091,-0.014,0.098,0.11,0.012,0.102,0.192,0.09,0.101,0.467,0.366,0.268,0.176,-0.092,0.045,0.852,0.807,0.083,0.216,0.133,0.102,0.12,0.018,0.769,0.655,-0.114,0.097,0.206,0.109,0.094,0.315,0.221,0.094,0.176,0.082,0.105,0.133,0.028,0.097,0.109,0.012,0.073,0.15,0.077,0.085,0.034,-0.051,0.121,0.08,-0.041,0.109
0.141,0.08,-0.061,0.105,0.135,0.03,0.097,0.078,-0.019,0.098,0.116,0.018,0.104,0.156,0.052,0.104,0.317,0.213,0.239,0.134,-0.105,0.094,0.839,0.745,0.086,0.214,0.128,0.121,0.177,0.056,0.174,0.068,-0.106,0.114,0.191,0.077,0.099,0.39,0.291,0.07,0.157,0.087,0.084,0.105,0.021,0.093,0.082,-0.011,0.082,0.159,0.077,0.084,0.039,-0.045,0.118,0.084,-0.034,0.113
0.136,0.097,-0.039,0.133,0.462,0.329,0.089,0.127,0.038,0.105,0.123,0.018,0.109,0.197,0.088,0.086,0.174,0.088,0.233,0.099,-0.134,0.108,0.896,0.788,0.094,0.431,0.337,0.089,0.11,0.021,0.181,0.088,-0.093,0.101,0.193,0.092,0.092,0.372,0.28,0.102,0.21,0.108,0.075,0.106,0.031,0.089,0.107,0.018,0.073,0.145,0.072,0.097,0.057,-0.04,0.119,0.071,-0.048,0.11
0.13,0.091,-0.039,0.099,0.14,0.041,0.1,0.07,-0.03,0.124,0.141,0.017,0.089,0.156,0.067,0.099,0.217,0.118,0.366,0.233,-0.133,0.101,0.817,0.716,0.096,0.41,0.314,0.118,0.133,0.015,0.247,0.105,-0.142,0.121,0.219,0.098,0.094,0.403,0.309,0.086,0.192,0.106,0.088,0.132,0.044,0.094,0.107,0.013,0.062,0.145,0.083,0.102,0.054,-0.048,0.124,0.071,-0.053,0.103
0.147,0.101,-0.046,0.092,0.118,0.026,0.091,0.07,-0.021,0.11,0.128,0.018,0.073,0.135,0.062,0.072,0.162,0.09,0.294,0.126,-0.168,0.101,0.874,0.773,0.099,0.155,0.056,0.139,0.247,0.108,0.186,0.094,-0.092,0.081,1.08,0.999,0.084,0.321,0.237,0.081,0.155,0.074,0.084,0.127,0.043,0.089,0.097,0.008,0.078,0.142,0.064,0.095,0.06,-0.035,0.11,0.087,-0.023,0.094
0.178,0.115,-0.063,0.086,0.145,0.059,0.107,0.081,-0.026,0.113,0.141,0.028,0.096,0.192,0.096,0.078,0.129,0.051,0.231,0.118,-0.113,0.09,0.219,0.129,0.133,0.841,0.708,0.175,0.136,-0.039,0.313,0.121,-0.192,0.132,0.457,0.325,0.092,0.555,0.463,0.078,0.145,0.067,0.081,0.389,0.308,0.071,0.104,0.033,0.071,0.151,0.08,0.085,0.039,-0.046,0.103,0.05,-0.053,0.092
0.133,0.106,-0.027,0.092,0.108,0.016,0.091,0.077,-0.014,0.103,0.118,0.015,0.062,0.173,0.111,0.057,0.094,0.037,0.291,0.138,-0.153,0.101,0.359,0.258,0.096,0.451,0.355,0.089,0.12,0.031,0.202,0.07,-0.132,0.114,0.194,0.08,0.088,0.395,0.307,0.07,0.16,0.09,0.076,0.094,0.018,0.073,0.091,0.018,0.07,0.134,0.064,0.105,0.063,-0.042,0.093,0.018,-0.075,0.106
0.125,0.106,-0.019,0.09,0.1,0.01,0.099,0.08,-0.019,0.1,0.118,0.018,0.099,0.189,0.09,0.065,0.101,0.036,1.167,1.035,-0.132,0.09,0.525,0.435,0.11,0.625,0.515,0.136,0.094,-0.042,0.199,0.087,-0.112,0.123,0.232,0.109,0.096,0.678,0.582,0.076,0.163,0.087,0.078,0.096,0.018,0.065,0.083,0.018,0.073,0.135,0.062,0.1,0.052,-0.048,0.106,0.016,-0.09,0.111
0.143,0.125,-0.018,0.105,0.135,0.03,0.094,0.2,0.106,0.151,0.14,-0.011,0.074,0.151,0.077,0.083,0.12,0.037,0.23,0.104,-0.126,0.087,0.206,0.119,0.105,0.604,0.499,0.087,0.091,0.004,0.126,0.036,-0.09,0.116,0.212,0.096,0.091,0.302,0.211,0.078,0.163,0.085,0.07,0.104,0.034,0.081,0.086,0.005,0.073,0.15,0.077,0.084,0.036,-0.048,0.084,0.113,0.029,0.088
0.239,0.152,-0.087,0.095,0.149,0.054,0.093,0.077,-0.016,0.11,0.128,0.018,0.1,0.205,0.105,0.084,0.145,0.061,0.237,0.11,-0.127,0.09,0.167,0.077,0.099,0.697,0.598,0.099,0.068,-0.031,0.244,0.097,-0.147,0.095,0.26,0.165,0.097,0.442,0.345,0.081,0.168,0.087,0.073,0.093,0.02,0.076,0.092,0.016,0.062,0.124,0.062,0.092,0.055,-0.037,0.086,0.104,0.018,0.086
0.151,0.13,-0.021,0.081,0.097,0.016,0.086,0.096,0.01,0.081,0.093,0.012,0.097,0.133,0.036,0.097,0.125,0.028,0.218,0.105,-0.113,0.089,0.183,0.094,0.093,0.59,0.497,0.107,0.091,-0.016,0.492,0.362,-0.13,0.098,0.235,0.137,0.083,0.312,0.229,0.076,0.161,0.085,0.081,0.099,0.018,0.073,0.091,0.018,0.072,0.152,0.08,0.084,0.047,-0.037,0.084,0.097,0.013,0.073
0.155,0.11,-0.045,0.086,0.106,0.02,0.105,0.123,0.018,0.107,0.132,0.025,0.113,0.29,0.177,0.076,0.138,0.062,0.234,0.102,-0.132,0.097,0.201,0.104,0.109,0.639,0.53,0.126,0.206,0.08,0.212,0.088,-0.124,0.093,0.178,0.085,0.094,0.341,0.247,0.078,0.158,0.08,0.086,0.096,0.01,0.071,0.089,0.018,0.073,0.147,0.074,0.085,0.045,-0.04,0.089,0.045,-0.044,0.086
0.149,0.104,-0.045,0.11,0.169,0.059,0.094,0.135,0.041,0.097,0.117,0.02,0.113,0.301,0.188,0.072,0.232,0.16,0.247,0.112,-0.135,0.09,0.971,0.881,0.084,1.059,0.975,0.097,0.133,0.036,0.244,0.11,-0.134,0.098,0.221,0.123,0.084,0.313,0.229,0.081,0.168,0.087,0.079,0.083,0.004,0.076,0.094,0.018,0.076,0.14,0.064,0.084,0.044,-0.04,0.089,0.058,-0.031,0.084
0.138,0.109,-0.029,0.092,0.12,0.028,0.084,0.055,-0.029,0.097,0.112,0.015,0.091,0.217,0.126,0.084,0.176,0.092,0.224,0.11,-0.114,0.095,0.275,0.18,0.097,0.715,0.618,0.099,0.151,0.052,0.158,0.086,-0.072,0.102,0.2,0.098,0.078,0.266,0.188,0.068,0.163,0.095,0.071,0.129,0.058,0.084,0.063,-0.021,0.086,0.148,0.062,0.086,0.055,-0.031,0.094,0.083,-0.011,0.089
0.141,0.114,-0.027,0.094,0.112,0.018,0.084,0.065,-0.019,0.095,0.105,0.01,0.091,0.209,0.118,0.061,0.151,0.09,0.267,0.125,-0.142,0.098,0.242,0.144,0.115,0.525,0.41,0.101,0.111,0.01,0.18,0.087,-0.093,0.124,0.229,0.105,0.094,0.434,0.34,0.078,0.145,0.067,0.091,0.117,0.026,0.073,0.091,0.018,0.07,0.142,0.072,0.087,0.042,-0.045,0.1,0.11,0.01,0.078
0.163,0.094,-0.069,0.102,0.442,0.34,0.089,0.107,0.018,0.083,0.111,0.028,0.113,0.344,0.231,0.081,0.274,0.193,0.357,0.181,-0.176,0.113,0.889,0.776,0.091,0.14,0.049,0.136,0.252,0.116,0.183,0.094,-0.089,0.108,0.432,0.324,0.091,0.392,0.301,0.076,0.156,0.08,0.091,0.114,0.023,0.084,0.07,-0.014,0.079,0.153,0.074,0.082,0.039,-0.043,0.103,0.069,-0.034,0.096
0.293,0.24,-0.053,0.118,0.177,0.059,0.089,0.063,-0.026,0.123,0.138,0.015,0.11,0.429,0.319,0.07,0.135,0.065,0.285,0.115,-0.17,0.084,0.33,0.246,0.109,0.403,0.294,0.109,0.127,0.018,0.152,0.052,-0.1,0.114,0.217,0.103,0.115,0.295,0.18,0.091,0.199,0.108,0.084,0.158,0.074,0.079,0.096,0.017,0.079,0.161,0.082,0.076,0.029,-0.047,0.083,0.065,-0.018,0.102
0.162,0.117,-0.045,0.11,0.261,0.151,0.092,0.169,0.077,0.123,0.096,-0.027,0.113,0.684,0.571,0.102,0.341,0.239,0.161,0.1,-0.061,0.092,0.215,0.123,0.128,0.296,0.168,0.109,0.171,0.062,0.15,0.063,-0.087,0.118,0.188,0.07,0.101,0.253,0.152,0.073,0.163,0.09,0.086,0.166,0.08,0.097,0.047,-0.05,0.102,0.674,0.572,0.074,0.021,-0.053,0.089,0.068,-0.021,0.078
0.131,0.078,-0.053,0.097,0.153,0.056,0.089,0.107,0.018,0.115,0.103,-0.012,0.124,0.219,0.095,0.079,0.292,0.213,0.273,0.191,-0.082,0.098,1.037,0.939,0.081,0.652,0.571,0.1,0.141,0.041,0.142,0.073,-0.069,0.1,0.21,0.11,0.102,0.339,0.237,0.073,0.178,0.105,0.073,0.114,0.041,0.087,0.075,-0.012,0.082,0.156,0.074,0.079,0.04,-0.039,0.105,0.083,-0.022,0.081
0.222,0.183,-0.039,0.12,0.135,0.015,0.108,0.076,-0.032,0.108,0.123,0.015,0.112,0.279,0.167,0.105,0.122,0.017,0.229,0.105,-0.124,0.093,0.379,0.286,0.114,0.264,0.15,0.096,0.124,0.028,0.132,0.063,-0.069,0.103,0.213,0.11,0.092,0.277,0.185,0.089,0.194,0.105,0.081,0.109,0.028,0.094,0.076,-0.018,0.078,0.158,0.08,0.09,0.042,-0.048,0.084,0.06,-0.024,0.095
0.164,0.133,-0.031,0.096,0.127,0.031,0.086,0.096,0.01,0.1,0.113,0.013,0.104,0.215,0.111,0.078,0.103,0.025,0.31,0.147,-0.163,0.093,0.304,0.211,0.157,0.322,0.165,0.109,0.125,0.016,0.15,0.075,-0.075,0.106,0.378,0.272,0.105,0.422,0.317,0.07,0.165,0.095,0.076,0.114,0.038,0.073,0.091,0.018,0.084,0.156,0.072,0.107,0.075,-0.032,0.087,0.094,0.007,0.081
0.159,0.117,-0.042,0.097,0.146,0.049,0.091,0.07,-0.021,0.12,0.112,-0.008,0.081,0.552,0.471,0.113,0.213,0.1,0.267,0.123,-0.144,0.092,1.087,0.995,0.13,1.682,1.552,0.102,0.081,-0.021,0.156,0.085,-0.071,0.104,0.218,0.114,0.054,0.502,0.448,0.089,0.179,0.09,0.084,0.132,0.048,0.082,0.086,0.004,0.068,0.135,0.067,0.092,0.055,-0.037,0.112,0.13,0.018,0.089
0.228,0.143,-0.085,0.116,0.183,0.067,0.096,0.085,-0.011,0.101,0.113,0.012,0.089,0.143,0.054,0.086,0.135,0.049,0.239,0.11,-0.129,0.095,0.229,0.134,0.131,0.485,0.354,0.113,0.136,0.023,0.408,0.021,-0.387,0.087,0.555,0.468,0.106,0.423,0.317,0.081,0.166,0.085,0.083,0.104,0.021,0.088,0.072,-0.016,0.079,0.148,0.069,0.087,0.058,-0.029,0.081,0.089,0.008,0.078
0.203,0.162,-0.041,0.091,0.135,0.044,0.105,0.065,-0.04,0.11,0.125,0.015,0.123,0.481,0.358,0.073,0.821,0.748,0.23,0.094,-0.136,0.095,0.27,0.175,0.104,0.264,0.16,0.091,0.12,0.029,0.168,0.068,-0.1,0.126,0.221,0.095,0.094,0.246,0.152,0.086,0.186,0.1,0.074,0.168,0.094,0.092,0.061,-0.031,0.065,0.147,0.082,0.079,0.05,-0.029,0.091,0.078,-0.013,0.086
0.123,0.076,-0.047,0.104,0.13,0.026,0.089,0.096,0.007,0.102,0.12,0.018,0.136,0.125,-0.011,0.09,0.19,0.1,0.228,0.138,-0.09,0.098,0.579,0.481,0.094,0.241,0.147,0.086,0.106,0.02,0.258,0.131,-0.127,0.096,0.209,0.113,0.081,0.405,0.324,0.07,0.186,0.116,0.076,0.109,0.033,0.078,0.096,0.018,0.068,0.137,0.069,0.076,0.04,-0.036,0.094,0.054,-0.04,0.103
0.12,0.089,-0.031,0.091,0.119,0.028,0.089,0.058,-0.031,0.104,0.122,0.018,0.089,0.138,0.049,0.065,0.142,0.077,0.375,0.165,-0.21,0.119,0.88,0.761,0.083,0.23,0.147,0.117,0.101,-0.016,0.272,0.113,-0.159,0.138,0.267,0.129,0.099,0.3,0.201,0.07,0.163,0.093,0.081,0.142,0.061,0.063,0.081,0.018,0.075,0.15,0.075,0.073,0.044,-0.029,0.076,0.045,-0.031,0.089
0.133,0.107,-0.026,0.091,0.109,0.018,0.089,0.077,-0.012,0.116,0.1,-0.016,0.089,0.154,0.065,0.094,0.153,0.059,0.458,0.23,-0.228,0.106,0.759,0.653,0.08,0.232,0.152,0.107,0.177,0.07,0.189,0.115,-0.074,0.113,0.19,0.077,0.096,0.284,0.188,0.097,0.182,0.085,0.094,0.104,0.01,0.094,0.112,0.018,0.081,0.145,0.064,0.087,0.047,-0.04,0.098,0.02,-0.078,0.117
0.133,0.114,-0.019,0.11,0.128,0.018,0.097,0.078,-0.019,0.113,0.082,-0.031,0.096,0.189,0.093,0.081,0.117,0.036,0.21,0.094,-0.116,0.092,0.247,0.155,0.136,0.398,0.262,0.105,0.089,-0.016,0.145,0.071,-0.074,0.118,0.18,0.062,0.099,0.277,0.178,0.083,0.176,0.093,0.088,0.145,0.057,0.078,0.096,0.018,0.073,0.15,0.077,0.095,0.044,-0.051,0.129,0.09,-0.039,0.099
0.159,0.146,-0.013,0.094,0.109,0.015,0.097,0.083,-0.014,0.103,0.144,0.041,0.112,0.258,0.146,0.074,0.115,0.041,0.194,0.12,-0.074,0.095,0.203,0.108,0.104,0.516,0.412,0.105,0.117,0.012,0.137,0.058,-0.079,0.097,0.283,0.186,0.102,0.451,0.349,0.079,0.164,0.085,0.088,0.106,0.018,0.076,0.101,0.025,0.081,0.151,0.07,0.078,0.026,-0.052,0.129,0.107,-0.022,0.097
0.147,0.099,-0.048,0.1,0.117,0.017,0.089,0.099,0.01,0.089,0.099,0.01,0.084,0.14,0.056,0.094,0.172,0.078,0.194,0.086,-0.108,0.077,1.577,1.5,0.094,0.164,0.07,0.128,0.146,0.018,0.15,0.018,-0.132,0.111,0.286,0.175,0.094,0.416,0.322,0.086,0.174,0.088,0.086,0.709,0.623,0.117,0.153,0.036,0.094,0.192,0.098,0.086,0.044,-0.042,0.113,0.074,-0.039,0.133
0.175,0.149,-0.026,0.104,0.13,0.026,0.133,0.117,-0.016,0.105,0.136,0.031,0.115,0.542,0.427,0.073,0.155,0.082,0.31,0.108,-0.202,0.092,0.446,0.354,0.118,0.455,0.337,0.102,0.163,0.061,0.124,0.061,-0.063,0.112,0.218,0.106,0.07,0.333,0.263,0.086,0.168,0.082,0.086,0.104,0.018,0.097,0.104,0.007,0.079,0.151,0.072,0.097,0.047,-0.05,0.111,0.057,-0.054,0.125
0.149,0.122,-0.027,0.092,0.105,0.013,0.104,0.088,-0.016,0.11,0.094,-0.016,0.118,0.167,0.049,0.109,0.14,0.031,0.224,0.092,-0.132,0.108,0.216,0.108,0.131,0.463,0.332,0.117,0.136,0.019,0.163,0.06,-0.103,0.137,0.232,0.095,0.107,0.588,0.481,0.073,0.166,0.093,0.083,0.101,0.018,0.084,0.127,0.043,0.073,0.143,0.07,0.107,0.07,-0.037,0.124,0.068,-0.056,0.119
0.264,0.165,-0.099,0.108,0.177,0.069,0.11,0.065,-0.045,0.121,0.139,0.018,0.112,0.817,0.705,0.065,0.158,0.093,0.216,0.087,-0.129,0.098,0.268,0.17,0.125,0.359,0.234,0.112,0.164,0.052,0.147,0.063,-0.084,0.116,0.277,0.161,0.097,0.411,0.314,0.099,0.192,0.093,0.1,0.104,0.004,0.094,0.112,0.018,0.089,0.151,0.062,0.131,0.083,-0.048,0.129,0.09,-0.039,0.115
0.147,0.104,-0.043,0.089,0.143,0.054,0.108,0.06,-0.048,0.103,0.129,0.026,0.107,0.179,0.072,0.106,0.67,0.564,0.236,0.126,-0.11,0.079,0.241,0.162,0.113,0.28,0.167,0.107,0.408,0.301,0.229,0.121,-0.108,0.089,0.205,0.116,0.091,0.444,0.353,0.065,0.158,0.093,0.089,0.106,0.017,0.084,0.107,0.023,0.083,0.158,0.075,0.089,0.042,-0.047,0.142,0.102,-0.04,0.11
0.131,0.104,-0.027,0.094,0.086,-0.008,0.102,0.109,0.007,0.089,0.081,-0.008,0.092,0.156,0.064,0.094,0.141,0.047,0.236,0.091,-0.145,0.114,0.243,0.129,0.13,0.421,0.291,0.111,0.115,0.004,0.142,0.06,-0.082,0.121,0.196,0.075,0.099,0.256,0.157,0.091,0.184,0.093,0.083,0.312,0.229,0.076,0.119,0.043,0.076,0.148,0.072,0.084,0.06,-0.024,0.108,0.06,-0.048,0.097
0.146,0.109,-0.037,0.092,0.123,0.031,0.101,0.08,-0.021,0.108,0.131,0.023,0.101,0.168,0.067,0.087,0.14,0.053,0.237,0.097,-0.14,0.098,0.23,0.132,0.115,0.341,0.226,0.112,0.195,0.083,0.23,0.133,-0.097,0.111,0.185,0.074,0.092,0.395,0.303,0.068,0.14,0.072,0.084,0.102,0.018,0.088,0.098,0.01,0.079,0.135,0.056,0.094,0.071,-0.023,0.116,0.055,-0.061,0.102
0.145,0.127,-0.018,0.081,0.114,0.033,0.105,0.066,-0.039,0.097,0.112,0.015,0.089,0.189,0.1,0.073,0.137,0.064,0.181,0.092,-0.089,0.108,0.857,0.749,0.099,0.138,0.039,0.109,0.21,0.101,0.174,0.107,-0.067,0.1,0.221,0.121,0.109,0.583,0.474,0.086,0.161,0.075,0.094,0.111,0.017,0.076,0.092,0.016,0.073,0.129,0.056,0.11,0.071,-0.039,0.126,0.073,-0.053,0.116
0.135,0.107,-0.028,0.076,0.098,0.022,0.095,0.073,-0.022,0.098,0.113,0.015,0.075,0.135,0.06,0.099,0.225,0.126,0.152,0.107,-0.045,0.084,0.169,0.085,0.128,0.282,0.154,0.112,0.159,0.047,0.157,0.073,-0.084,0.102,0.193,0.091,0.091,0.379,0.288,0.068,0.148,0.08,0.082,0.085,0.003,0.082,0.102,0.02,0.071,0.145,0.074,0.096,0.037,-0.059,0.114,0.013,-0.101,0.135
0.243,0.183,-0.06,0.091,0.158,0.067,0.126,0.154,0.028,0.099,0.127,0.028,0.097,0.153,0.056,0.091,0.12,0.029,0.178,0.105,-0.073,0.092,0.177,0.085,0.112,0.315,0.203,0.104,0.153,0.049,0.153,0.048,-0.105,0.113,0.167,0.054,0.109,0.48,0.371,0.076,0.158,0.082,0.091,0.112,0.021,0.081,0.094,0.013,0.062,0.116,0.054,0.087,0.055,-0.032,0.114,0.045,-0.069,0.1
0.128,0.093,-0.035,0.087,0.105,0.018,0.094,0.075,-0.019,0.087,0.078,-0.009,0.09,0.154,0.064,0.115,0.217,0.102,0.641,0.52,-0.121,0.083,0.386,0.303,0.094,0.364,0.27,0.123,0.146,0.023,0.145,0.06,-0.085,0.114,0.193,0.079,0.092,0.241,0.149,0.091,0.168,0.077,0.086,0.104,0.018,0.078,0.099,0.021,0.071,0.135,0.064,0.079,0.039,-0.04,0.091,0.083,-0.008,0.084
0.138,0.107,-0.031,0.078,0.098,0.02,0.097,0.076,-0.021,0.086,0.102,0.016,0.086,0.15,0.064,0.078,0.135,0.057,0.199,0.11,-0.089,0.102,0.19,0.088,0.112,0.374,0.262,0.1,0.113,0.013,0.15,0.076,-0.074,0.105,0.223,0.118,0.099,0.393,0.294,0.067,0.183,0.116,0.113,0.138,0.025,0.076,0.125,0.049,0.073,0.145,0.072,0.076,0.041,-0.035,0.121,0.095,-0.026,0.091
0.13,0.104,-0.026,0.079,0.109,0.03,0.089,0.073,-0.016,0.079,0.096,0.017,0.076,0.115,0.039,0.088,0.312,0.224,0.218,0.126,-0.092,0.1,0.201,0.101,0.107,0.289,0.182,0.105,0.138,0.033,0.208,0.047,-0.161,0.103,0.209,0.106,0.105,0.362,0.257,0.084,0.161,0.077,0.084,0.096,0.012,0.063,0.083,0.02,0.068,0.135,0.067,0.076,0.024,-0.052,0.092,0.041,-0.051,0.077
0.144,0.084,-0.06,0.092,0.145,0.053,0.097,0.107,0.01,0.087,0.105,0.018,0.093,0.168,0.075,0.086,0.135,0.049,0.313,0.136,-0.177,0.114,0.251,0.137,0.12,0.352,0.232,0.12,0.103,-0.017,0.162,0.069,-0.093,0.121,0.23,0.109,0.096,0.353,0.257,0.084,0.158,0.074,0.081,0.099,0.018,0.073,0.096,0.023,0.076,0.132,0.056,0.089,0.073,-0.016,0.082,0.05,-0.032,0.094
0.132,0.114,-0.018,0.073,0.119,0.046,0.097,0.078,-0.019,0.1,0.118,0.018,0.076,0.117,0.041,0.096,0.176,0.08,0.163,0.097,-0.066,0.097,0.182,0.085,0.115,0.251,0.136,0.118,0.171,0.053,0.171,0.076,-0.095,0.106,0.191,0.085,0.086,0.302,0.216,0.086,0.171,0.085,0.071,0.078,0.007,0.071,0.104,0.033,0.076,0.14,0.064,0.076,0.044,-0.032,0.095,0.058,-0.037,0.099
0.107,0.062,-0.045,0.102,0.12,0.018,0.082,0.086,0.004,0.103,0.11,0.007,0.081,0.116,0.035,0.097,0.136,0.039,0.212,0.097,-0.115,0.084,0.911,0.827,0.12,0.344,0.224,0.146,0.244,0.098,0.147,0.055,-0.092,0.111,0.172,0.061,0.105,0.331,0.226,0.06,0.129,0.069,0.081,0.099,0.018,0.081,0.089,0.008,0.081,0.135,0.054,0.097,0.065,-0.032,0.135,0.039,-0.096,0.082
0.127,0.098,-0.029,0.102,0.113,0.011,0.093,0.082,-0.011,0.093,0.11,0.017,0.084,0.112,0.028,0.094,0.174,0.08,0.173,0.076,-0.097,0.108,0.177,0.069,0.123,0.396,0.273,0.102,0.117,0.015,0.163,0.076,-0.087,0.118,0.293,0.175,0.097,0.238,0.141,0.089,0.179,0.09,0.081,0.091,0.01,0.073,0.122,0.049,0.092,0.158,0.066,0.097,0.06,-0.037,0.111,0.056,-0.055,0.099
0.217,0.157,-0.06,0.102,0.12,0.018,0.078,0.086,0.008,0.094,0.112,0.018,0.089,0.114,0.025,0.097,0.177,0.08,0.178,0.07,-0.108,0.097,0.834,0.737,0.131,0.143,0.012,0.113,0.129,0.016,0.138,0.031,-0.107,0.119,0.227,0.108,0.078,0.248,0.17,0.091,0.166,0.075,0.078,0.122,0.044,0.104,0.085,-0.019,0.082,0.151,0.069,0.089,0.063,-0.026,0.092,0.055,-0.037,0.089
0.137,0.106,-0.031,0.073,0.109,0.036,0.101,0.104,0.003,0.116,0.141,0.025,0.094,0.329,0.235,0.083,0.111,0.028,0.231,0.116,-0.115,0.099,0.226,0.127,0.12,0.329,0.209,0.13,0.274,0.144,0.168,0.079,-0.089,0.078,0.151,0.073,0.086,0.23,0.144,0.094,0.184,0.09,0.073,0.094,0.021,0.091,0.119,0.028,0.084,0.14,0.056,0.105,0.078,-0.027,0.116,0.071,-0.045,0.092
0.186,0.141,-0.045,0.118,0.184,0.066,0.097,0.144,0.047,0.109,0.127,0.018,0.083,0.184,0.101,0.06,0.109,0.049,0.422,0.266,-0.156,0.098,0.521,0.423,0.123,0.31,0.187,0.108,0.133,0.025,0.19,0.066,-0.124,0.092,0.178,0.086,0.096,0.225,0.129,0.096,0.171,0.075,0.084,0.137,0.053,0.097,0.13,0.033,0.068,0.14,0.072,0.102,0.073,-0.029,0.098,0.047,-0.051,0.087
0.125,0.091,-0.034,0.078,0.117,0.039,0.092,0.096,0.004,0.115,0.107,-0.008,0.078,0.138,0.06,0.107,2.553,2.446,0.207,0.1,-0.107,0.091,0.246,0.155,0.115,0.252,0.137,0.122,0.141,0.019,0.165,0.057,-0.108,0.097,0.188,0.091,0.094,0.222,0.128,0.092,0.177,0.085,0.107,0.235,0.128,0.102,0.421,0.319,0.086,0.169,0.083,0.094,0.062,-0.032,0.102,0.073,-0.029,0.084
0.412,0.303,-0.109,0.137,0.204,0.067,0.115,0.096,-0.019,0.113,0.123,0.01,0.118,0.301,0.183,0.106,0.153,0.047,0.227,0.089,-0.138,0.106,0.492,0.386,0.133,0.146,0.013,0.123,0.138,0.015,0.198,0.042,-0.156,0.135,0.241,0.106,0.094,0.341,0.247,0.034,0.131,0.097,0.084,0.107,0.023,0.097,0.112,0.015,0.06,0.137,0.077,0.108,0.076,-0.032,0.098,0.039,-0.059,0.1
0.148,0.121,-0.027,0.081,0.107,0.026,0.115,0.081,-0.034,0.097,0.107,0.01,0.096,0.838,0.742,0.088,0.135,0.047,0.231,0.096,-0.135,0.09,0.232,0.142,0.107,0.306,0.199,0.112,0.142,0.03,0.164,0.058,-0.106,0.13,0.184,0.054,0.101,0.305,0.204,0.073,0.776,0.703,0.078,0.085,0.007,0.087,0.115,0.028,0.06,0.142,0.082,0.121,0.071,-0.05,0.092,0.058,-0.034,0.091
0.204,0.141,-0.063,0.086,0.13,0.044,0.111,0.055,-0.056,0.129,0.173,0.044,0.096,0.214,0.118,0.092,0.151,0.059,0.215,0.084,-0.131,0.1,0.224,0.124,0.125,0.382,0.257,0.137,0.155,0.018,0.121,0.047,-0.074,0.11,0.172,0.062,0.096,0.225,0.129,0.094,0.194,0.1,0.081,0.109,0.028,0.107,0.096,-0.011,0.066,0.138,0.072,0.124,0.057,-0.067,0.104,0.032,-0.072,0.122
0.138,0.122,-0.016,0.079,0.097,0.018,0.118,0.059,-0.059,0.093,0.108,0.015,0.068,0.117,0.049,0.104,0.15,0.046,0.266,0.094,-0.172,0.096,0.238,0.142,0.12,0.272,0.152,0.107,0.159,0.052,0.139,0.057,-0.082,0.113,0.167,0.054,0.081,0.212,0.131,0.081,0.169,0.088,0.086,0.101,0.015,0.098,0.102,0.004,0.065,0.142,0.077,0.108,0.058,-0.05,0.111,0.063,-0.048,0.095
0.136,0.102,-0.034,0.096,0.104,0.008,0.107,0.081,-0.026,0.11,0.094,-0.016,0.1,0.145,0.045,0.102,0.146,0.044,0.268,0.113,-0.155,0.103,0.211,0.108,0.118,0.319,0.201,0.122,0.167,0.045,0.142,0.052,-0.09,0.121,0.164,0.043,0.089,0.21,0.121,0.097,0.176,0.079,0.092,0.115,0.023,0.094,0.107,0.013,0.067,0.134,0.067,0.102,0.076,-0.026,0.1,0.047,-0.053,0.113
0.124,0.114,-0.01,0.091,0.109,0.018,0.092,0.06,-0.032,0.1,0.112,0.012,0.074,0.125,0.051,0.099,0.609,0.51,0.207,0.128,-0.079,0.092,0.182,0.09,0.128,0.254,0.126,0.102,0.146,0.044,0.161,0.034,-0.127,0.108,0.168,0.06,0.078,0.196,0.118,0.086,0.174,0.088,0.084,0.15,0.066,0.112,0.233,0.121,0.092,0.151,0.059,0.113,0.075,-0.038,0.098,0.056,-0.042,0.097
0.133,0.104,-0.029,0.073,0.107,0.034,0.112,0.054,-0.058,0.085,0.103,0.018,0.086,0.15,0.064,0.084,0.205,0.121,0.236,0.097,-0.139,0.087,0.28,0.193,0.107,0.367,0.26,0.115,0.154,0.039,0.139,0.049,-0.09,0.109,0.26,0.151,0.086,0.261,0.175,0.092,0.184,0.092,0.084,0.091,0.007,0.092,0.115,0.023,0.068,0.137,0.069,0.121,0.068,-0.053,0.106,0.026,-0.08,0.106
0.133,0.117,-0.016,0.07,0.096,0.026,0.108,0.055,-0.053,0.102,0.081,-0.021,0.1,0.136,0.036,0.101,0.127,0.026,0.286,0.123,-0.163,0.098,0.323,0.225,0.12,0.315,0.195,0.107,0.131,0.024,0.176,0.028,-0.148,0.117,0.221,0.104,0.072,0.257,0.185,0.089,0.179,0.09,0.084,0.097,0.013,0.099,0.09,-0.009,0.076,0.133,0.057,0.126,0.076,-0.05,0.102,0.066,-0.036,0.096
0.104,0.062,-0.042,0.089,0.594,0.505,0.078,0.049,-0.029,0.095,0.112,0.017,0.103,0.108,0.005,0.099,0.187,0.088,0.207,0.091,-0.116,0.097,0.193,0.096,0.112,0.293,0.181,0.119,0.138,0.019,0.152,0.028,-0.124,0.106,0.158,0.052,0.096,0.246,0.15,0.094,0.186,0.092,0.091,0.14,0.049,0.097,0.066,-0.031,0.078,0.135,0.057,0.107,0.078,-0.029,0.127,0.015,-0.112,0.098
0.146,0.127,-0.019,0.11,0.094,-0.016,0.097,0.11,0.013,0.089,0.068,-0.021,0.133,0.146,0.013,0.084,0.135,0.051,0.192,0.068,-0.124,0.108,0.21,0.102,0.114,0.384,0.27,0.087,0.102,0.015,0.172,0.042,-0.13,0.113,0.147,0.034,0.094,0.243,0.149,0.084,0.174,0.09,0.073,0.101,0.028,0.097,0.104,0.007,0.063,0.117,0.054,0.108,0.065,-0.043,0.1,0.052,-0.048,0.082
0.138,0.104,-0.034,0.079,0.125,0.046,0.086,0.161,0.075,0.075,0.101,0.026,0.094,0.12,0.026,0.093,0.127,0.034,0.212,0.105,-0.107,0.081,0.252,0.171,0.086,0.317,0.231,0.102,0.076,-0.026,0.139,0.061,-0.078,0.089,0.161,0.072,0.081,0.227,0.146,0.071,0.158,0.087,0.071,0.181,0.11,0.105,0.212,0.107,0.061,0.13,0.069,0.102,0.073,-0.029,0.103,0.066,-0.037,0.083
0.127,0.046,-0.081,0.105,0.486,0.381,0.068,0.109,0.041,0.084,0.102,0.018,0.088,0.114,0.026,0.107,0.161,0.054,0.457,0.311,-0.146,0.117,0.338,0.221,0.113,0.216,0.103,0.104,0.132,0.028,0.203,0.034,-0.169,0.125,0.213,0.088,0.083,0.215,0.132,0.078,0.17,0.092,0.081,0.22,0.139,0.094,0.117,0.023,0.068,0.135,0.067,0.091,0.067,-0.024,0.087,0.056,-0.031,0.089
0.118,0.062,-0.056,0.108,0.126,0.018,0.088,0.065,-0.023,0.094,0.083,-0.011,0.097,0.141,0.044,0.099,0.153,0.054,0.305,0.165,-0.14,0.108,0.248,0.14,0.107,0.305,0.198,0.102,0.133,0.031,0.21,0.041,-0.169,0.117,0.21,0.093,0.094,0.225,0.131,0.068,0.15,0.082,0.084,0.272,0.188,0.086,0.178,0.092,0.065,0.142,0.077,0.087,0.068,-0.019,0.098,0.048,-0.05,0.088
0.135,0.107,-0.028,0.096,0.114,0.018,0.084,0.057,-0.027,0.116,0.087,-0.029,0.105,0.135,0.03,0.094,0.14,0.046,0.268,0.119,-0.149,0.1,0.891,0.791,0.07,0.209,0.139,0.131,0.117,-0.014,0.274,0.111,-0.163,0.103,0.266,0.163,0.084,0.21,0.126,0.065,0.152,0.087,0.081,0.109,0.028,0.086,0.107,0.021,0.089,0.143,0.054,0.099,0.067,-0.032,0.1,0.05,-0.05,0.092
0.112,0.091,-0.021,0.102,0.073,-0.029,0.105,0.123,0.018,0.075,0.093,0.018,0.118,0.421,0.303,0.037,0.096,0.059,0.563,0.424,-0.139,0.095,0.675,0.58,0.107,0.204,0.097,0.113,0.126,0.013,0.192,0.081,-0.111,0.14,0.294,0.154,0.115,0.406,0.291,0.062,0.428,0.366,0.063,0.101,0.038,0.084,0.102,0.018,0.07,0.142,0.072,0.078,0.064,-0.014,0.093,0.032,-0.061,0.092
0.127,0.106,-0.021,0.089,0.1,0.011,0.096,0.114,0.018,0.097,0.127,0.03,0.1,0.166,0.066,0.081,0.094,0.013,0.248,0.129,-0.119,0.087,0.234,0.147,0.112,0.287,0.175,0.11,0.128,0.018,0.168,0.05,-0.118,0.099,0.167,0.068,0.081,0.23,0.149,0.11,0.2,0.09,0.068,0.078,0.01,0.078,0.114,0.036,0.071,0.137,0.066,0.103,0.055,-0.048,0.095,0.021,-0.074,0.09
0.106,0.083,-0.023,0.088,0.111,0.023,0.09,0.063,-0.027,0.076,0.094,0.018,0.078,0.107,0.029,0.099,0.851,0.752,0.167,0.097,-0.07,0.092,0.418,0.326,0.034,0.309,0.275,0.115,0.251,0.136,0.308,0.163,-0.145,0.079,0.237,0.158,0.081,0.24,0.159,0.081,0.166,0.085,0.073,0.099,0.026,0.088,0.137,0.049,0.073,0.145,0.072,0.071,0.018,-0.053,0.119,0.071,-0.048,0.082
0.505,0.436,-0.069,0.105,0.157,0.052,0.089,0.062,-0.027,0.087,0.133,0.046,0.115,0.251,0.136,0.065,0.083,0.018,0.202,0.11,-0.092,0.076,0.216,0.14,0.091,0.191,0.1,0.105,0.12,0.015,0.142,0.05,-0.092,0.103,0.208,0.105,0.039,0.531,0.492,0.06,0.16,0.1,0.068,0.086,0.018,0.091,0.109,0.018,0.047,0.111,0.064,0.092,0.06,-0.032,0.089,0.058,-0.031,0.073
0.13,0.099,-0.031,0.084,0.114,0.03,0.092,0.066,-0.026,0.086,0.104,0.018,0.112,0.233,0.121,0.071,0.83,0.759,0.15,0.082,-0.068,0.091,0.197,0.106,0.112,0.23,0.118,0.113,0.131,0.018,0.176,0.062,-0.114,0.095,0.176,0.081,0.08,0.523,0.443,0.071,0.14,0.069,0.089,0.102,0.013,0.076,0.093,0.017,0.06,0.129,0.069,0.077,0.032,-0.045,0.131,0.097,-0.034,0.073
0.094,0.07,-0.024,0.083,0.101,0.018,0.097,0.071,-0.026,0.091,0.072,-0.019,0.103,0.152,0.049,0.104,0.995,0.891,0.147,0.055,-0.092,0.081,0.187,0.106,0.107,0.385,0.278,0.107,0.122,0.015,0.15,0.042,-0.108,0.119,0.487,0.368,0.105,0.416,0.311,0.079,0.153,0.074,0.105,0.109,0.004,0.074,0.097,0.023,0.073,0.153,0.08,0.097,0.062,-0.035,0.096,0.018,-0.078,0.106
0.128,0.096,-0.032,0.079,0.109,0.03,0.095,0.063,-0.032,0.089,0.099,0.01,0.1,0.138,0.038,0.091,0.354,0.263,0.302,0.189,-0.113,0.086,0.215,0.129,0.105,0.3,0.195,0.102,0.12,0.018,0.136,0.06,-0.076,0.088,0.175,0.087,0.078,0.204,0.126,0.071,0.186,0.115,0.031,0.384,0.353,0.078,0.099,0.021,0.07,0.14,0.07,0.089,0.049,-0.04,0.088,0.018,-0.07,0.101
0.254,0.222,-0.032,0.086,0.117,0.031,0.097,0.075,-0.022,0.082,0.1,0.018,0.109,0.225,0.116,0.104,0.122,0.018,0.26,0.144,-0.116,0.064,0.461,0.397,0.104,0.189,0.085,0.099,0.145,0.046,0.198,0.1,-0.098,0.124,0.208,0.084,0.081,0.208,0.127,0.073,0.17,0.097,0.079,0.089,0.01,0.096,0.114,0.018,0.039,0.124,0.085,0.097,0.066,-0.031,0.097,0.05,-0.047,0.081
0.138,0.086,-0.052,0.084,0.143,0.059,0.099,0.039,-0.06,0.084,0.094,0.01,0.073,0.119,0.046,0.086,0.115,0.029,0.188,0.115,-0.073,0.092,0.162,0.07,0.114,0.377,0.263,0.117,0.106,-0.011,0.185,0.046,-0.139,0.108,0.219,0.111,0.081,0.704,0.623,0.076,0.143,0.067,0.096,0.114,0.018,0.084,0.104,0.02,0.057,0.14,0.083,0.089,0.069,-0.02,0.064,0.027,-0.037,0.094
0.115,0.07,-0.045,0.105,0.123,0.018,0.094,0.065,-0.029,0.105,0.088,-0.017,0.124,0.142,0.018,0.099,0.145,0.046,0.206,0.076,-0.13,0.098,0.212,0.114,0.112,0.364,0.252,0.1,0.122,0.022,0.163,0.09,-0.073,0.102,0.148,0.046,0.094,0.223,0.129,0.076,0.15,0.074,0.094,0.112,0.018,0.076,0.096,0.02,0.065,0.135,0.07,0.092,0.031,-0.061,0.124,0.077,-0.047,0.081
0.107,0.068,-0.039,0.089,0.117,0.028,0.105,0.057,-0.048,0.11,0.094,-0.016,0.082,0.12,0.038,0.076,0.104,0.028,0.229,0.097,-0.132,0.095,0.216,0.121,0.123,0.28,0.157,0.097,0.153,0.056,0.194,0.108,-0.086,0.105,0.174,0.069,0.087,0.279,0.192,0.074,0.158,0.084,0.081,0.102,0.021,0.094,0.109,0.015,0.057,0.132,0.075,0.102,0.06,-0.042,0.108,0.071,-0.037,0.094
0.13,0.099,-0.031,0.083,0.112,0.029,0.104,0.065,-0.039,0.092,0.112,0.02,0.068,0.122,0.054,0.073,0.122,0.049,0.189,0.068,-0.121,0.097,0.196,0.099,0.101,0.361,0.26,0.097,0.13,0.033,0.169,0.042,-0.127,0.093,0.242,0.149,0.086,0.223,0.137,0.078,0.171,0.093,0.114,0.133,0.019,0.083,0.101,0.018,0.068,0.14,0.072,0.097,0.062,-0.035,0.103,0.071,-0.032,0.084
0.123,0.091,-0.032,0.089,0.118,0.029,0.096,0.052,-0.044,0.12,0.109,-0.011,0.084,0.112,0.028,0.089,0.11,0.021,0.189,0.105,-0.084,0.097,0.159,0.062,0.127,0.269,0.142,0.107,0.148,0.041,0.168,0.076,-0.092,0.121,0.183,0.062,0.091,0.225,0.134,0.086,0.176,0.09,0.107,0.128,0.021,0.096,0.109,0.013,0.055,0.117,0.062,0.108,0.06,-0.048,0.106,0.053,-0.053,0.089
0.228,0.123,-0.105,0.091,0.208,0.117,0.129,0.133,0.004,0.076,0.122,0.046,0.102,0.145,0.043,0.097,0.118,0.021,0.218,0.107,-0.111,0.079,0.156,0.077,0.105,0.437,0.332,0.094,0.057,-0.037,0.259,0.108,-0.151,0.12,0.21,0.09,0.102,0.241,0.139,0.08,0.16,0.08,0.089,0.117,0.028,0.105,0.083,-0.022,0.082,0.136,0.054,0.099,0.06,-0.039,0.11,0.073,-0.037,0.086
0.154,0.112,-0.042,0.115,0.141,0.026,0.112,0.202,0.09,0.115,0.133,0.018,0.088,0.127,0.039,0.089,0.106,0.017,0.234,0.108,-0.126,0.092,0.204,0.112,0.125,0.292,0.167,0.112,0.096,-0.016,0.156,0.048,-0.108,0.097,0.175,0.078,0.107,0.346,0.239,0.081,0.161,0.08,0.092,0.127,0.035,0.098,0.047,-0.051,0.082,0.169,0.087,0.087,0.052,-0.035,0.089,0.058,-0.031,0.097
0.146,0.088,-0.058,0.09,0.115,0.025,0.1,0.063,-0.037,0.094,0.112,0.018,0.128,0.099,-0.029,0.108,0.137,0.029,0.346,0.167,-0.179,0.114,0.269,0.155,0.128,0.473,0.345,0.122,0.14,0.018,0.224,0.113,-0.111,0.1,0.19,0.09,0.094,0.45,0.356,0.067,0.147,0.08,0.078,0.097,0.019,0.091,0.079,-0.012,0.072,0.131,0.059,0.089,0.057,-0.032,0.108,0.063,-0.045,0.089
0.133,0.102,-0.031,0.094,0.112,0.018,0.094,0.07,-0.024,0.076,0.13,0.054,0.115,0.099,-0.016,0.092,0.133,0.041,0.17,0.073,-0.097,0.068,0.663,0.595,0.081,1.284,1.203,0.104,0.151,0.047,0.167,0.115,-0.052,0.081,0.171,0.09,0.068,0.207,0.139,0.086,0.171,0.085,0.071,0.075,0.004,0.079,0.096,0.017,0.068,0.13,0.062,0.089,0.049,-0.04,0.106,0.053,-0.053,0.085
0.131,0.055,-0.076,0.094,0.141,0.047,0.075,0.57,0.495,0.096,0.114,0.018,0.104,0.138,0.034,0.104,0.15,0.046,0.213,0.097,-0.116,0.085,0.175,0.09,0.12,0.272,0.152,0.102,0.153,0.051,0.145,0.022,-0.123,0.087,0.192,0.105,0.084,0.228,0.144,0.084,0.168,0.084,0.092,0.11,0.018,0.094,0.112,0.018,0.062,0.137,0.075,0.084,0.041,-0.043,0.113,0.071,-0.042,0.092
0.33,0.248,-0.082,0.126,0.175,0.049,0.094,0.418,0.324,0.113,0.082,-0.031,0.099,0.208,0.109,0.07,0.083,0.013,0.236,0.128,-0.108,0.082,0.19,0.108,0.125,0.213,0.088,0.11,0.153,0.043,0.182,0.066,-0.116,0.087,0.159,0.072,0.079,0.277,0.198,0.104,0.197,0.093,0.083,0.111,0.028,0.084,0.102,0.018,0.078,0.14,0.062,0.105,0.055,-0.05,0.128,0.068,-0.06,0.084
0.11,0.087,-0.023,0.073,0.122,0.049,0.076,0.039,-0.037,0.107,0.126,0.019,0.083,0.14,0.057,0.099,0.117,0.018,0.215,0.102,-0.113,0.082,0.218,0.136,0.128,0.267,0.139,0.105,0.133,0.028,0.165,0.068,-0.097,0.083,0.154,0.071,0.094,0.498,0.404,0.091,0.174,0.083,0.083,0.109,0.026,0.086,0.119,0.033,0.078,0.14,0.062,0.097,0.063,-0.034,0.121,0.084,-0.037,0.073
0.137,0.114,-0.023,0.073,0.109,0.036,0.084,0.05,-0.034,0.107,0.093,-0.014,0.079,0.097,0.018,0.094,0.126,0.032,0.18,0.072,-0.108,0.087,0.165,0.078,0.128,0.22,0.092,0.097,0.148,0.051,0.221,0.076,-0.145,0.093,0.163,0.07,0.078,0.222,0.144,0.086,0.163,0.077,0.081,0.102,0.021,0.089,0.096,0.007,0.078,0.135,0.057,0.092,0.06,-0.032,0.105,0.068,-0.037,0.081
0.128,0.104,-0.024,0.094,0.102,0.008,0.101,0.088,-0.013,0.091,0.083,-0.008,0.084,0.169,0.085,0.081,0.117,0.036,0.233,0.126,-0.107,0.052,0.168,0.116,0.113,0.262,0.149,0.099,0.125,0.026,0.157,0.055,-0.102,0.119,0.16,0.041,0.109,0.246,0.137,0.073,0.153,0.08,0.091,0.098,0.007,0.082,0.115,0.033,0.078,0.137,0.059,0.1,0.066,-0.034,0.113,0.052,-0.061,0.081
0.112,0.093,-0.019,0.092,0.105,0.013,0.089,0.07,-0.019,0.089,0.097,0.008,0.084,0.106,0.022,0.084,0.104,0.02,0.187,0.095,-0.092,0.076,0.153,0.077,0.134,0.509,0.375,0.118,0.092,-0.026,0.174,0.05,-0.124,0.113,0.183,0.07,0.084,0.209,0.125,0.095,0.159,0.064,0.091,0.101,0.01,0.076,0.102,0.026,0.079,0.15,0.071,0.105,0.063,-0.042,0.095,0.06,-0.035,0.068
0.129,0.097,-0.032,0.099,0.135,0.036,0.089,0.047,-0.042,0.115,0.185,0.07,0.112,0.596,0.484,0.083,0.717,0.634,0.172,0.099,-0.073,0.084,0.169,0.085,0.11,0.257,0.147,0.104,0.137,0.033,0.278,0.027,-0.251,0.087,0.31,0.223,0.089,0.23,0.141,0.074,0.159,0.085,0.08,0.098,0.018,0.089,0.099,0.01,0.071,0.13,0.059,0.108,0.065,-0.043,0.116,0.079,-0.037,0.073
0.141,0.112,-0.029,0.086,0.099,0.013,0.084,0.088,0.004,0.082,0.112,0.03,0.118,0.141,0.023,0.099,0.132,0.033,0.163,0.087,-0.076,0.095,0.947,0.852,0.075,0.117,0.042,0.101,0.22,0.119,0.175,0.11,-0.065,0.084,0.161,0.077,0.078,0.722,0.644,0.062,0.132,0.07,0.094,0.107,0.013,0.07,0.088,0.018,0.07,0.14,0.07,0.089,0.036,-0.053,0.111,0.074,-0.037,0.076
0.117,0.099,-0.018,0.078,0.107,0.029,0.086,0.049,-0.037,0.087,0.11,0.023,0.075,0.093,0.018,0.084,0.094,0.01,0.184,0.089,-0.095,0.079,0.162,0.083,0.112,0.331,0.219,0.107,0.094,-0.013,0.187,0.055,-0.132,0.085,0.157,0.072,0.073,0.23,0.157,0.084,0.164,0.08,0.073,0.093,0.02,0.084,0.101,0.017,0.084,0.141,0.057,0.109,0.078,-0.031,0.11,0.05,-0.06,0.073
0.106,0.095,-0.011,0.106,0.079,-0.027,0.11,0.12,0.01,0.076,0.037,-0.039,0.126,0.177,0.051,0.099,0.145,0.046,0.297,0.157,-0.14,0.098,0.392,0.294,0.128,0.2,0.072,0.089,0.102,0.013,0.148,0.081,-0.067,0.11,0.172,0.062,0.097,0.228,0.131,0.088,0.163,0.075,0.086,0.117,0.031,0.097,0.115,0.018,0.075,0.14,0.065,0.109,0.075,-0.034,0.108,0.053,-0.055,0.076
0.117,0.089,-0.028,0.075,0.093,0.018,0.102,0.078,-0.024,0.1,0.112,0.012,0.076,0.094,0.018,0.089,0.11,0.021,0.224,0.099,-0.125,0.093,0.265,0.172,0.11,0.352,0.242,0.086,0.067,-0.019,0.243,0.109,-0.134,0.103,0.196,0.093,0.081,0.271,0.19,0.087,0.161,0.074,0.068,0.093,0.025,0.091,0.075,-0.016,0.082,0.125,0.043,0.095,0.063,-0.032,0.11,0.05,-0.06,0.087
0.123,0.089,-0.034,0.094,0.132,0.038,0.099,0.514,0.415,0.083,0.112,0.029,0.114,0.135,0.021,0.107,0.127,0.02,0.274,0.105,-0.169,0.109,0.225,0.116,0.092,0.189,0.097,0.092,0.162,0.07,0.272,0.143,-0.129,0.098,0.201,0.103,0.068,0.228,0.16,0.122,0.225,0.103,0.097,0.08,-0.017,0.098,0.123,0.025,0.074,0.13,0.056,0.087,0.052,-0.035,0.124,0.053,-0.071,0.089
0.133,0.109,-0.024,0.105,0.093,-0.012,0.111,0.095,-0.016,0.081,0.13,0.049,0.121,0.086,-0.035,0.074,0.107,0.033,0.202,0.076,-0.126,0.111,0.842,0.731,0.06,0.268,0.208,0.172,0.114,-0.058,0.488,0.278,-0.21,0.116,0.287,0.171,0.078,0.218,0.14,0.073,0.15,0.077,0.083,0.062,-0.021,0.084,0.11,0.026,0.07,0.134,0.064,0.084,0.063,-0.021,0.095,0.037,-0.058,0.089
0.136,0.105,-0.031,0.099,0.117,0.018,0.083,0.098,0.015,0.095,0.071,-0.024,0.123,0.107,-0.016,0.094,0.102,0.008,0.21,0.097,-0.113,0.079,0.172,0.093,0.097,0.238,0.141,0.081,0.097,0.016,0.163,0.078,-0.085,0.111,0.165,0.054,0.073,0.209,0.136,0.081,0.153,0.072,0.084,0.102,0.018,0.106,0.093,-0.013,0.079,0.13,0.051,0.097,0.063,-0.034,0.113,0.055,-0.058,0.084
0.114,0.086,-0.028,0.091,0.107,0.016,0.096,0.067,-0.029,0.087,0.078,-0.009,0.129,0.112,-0.017,0.101,0.924,0.823,0.182,0.074,-0.108,0.086,0.187,0.101,0.118,0.146,0.028,0.091,0.143,0.052,0.207,0.089,-0.118,0.087,0.151,0.064,0.087,0.233,0.146,0.097,0.163,0.066,0.094,0.063,-0.031,0.105,0.143,0.038,0.068,0.138,0.07,0.091,0.059,-0.032,0.1,0.058,-0.042,0.076
0.28,0.193,-0.087,0.103,0.178,0.075,0.125,0.58,0.455,0.108,0.115,0.007,0.1,0.11,0.01,0.096,0.135,0.039,0.239,0.094,-0.145,0.095,0.222,0.127,0.094,0.369,0.275,0.1,0.118,0.018,0.249,0.104,-0.145,0.109,0.181,0.072,0.094,0.205,0.111,0.083,0.15,0.067,0.084,0.12,0.036,0.096,0.106,0.01,0.079,0.141,0.062,0.099,0.067,-0.032,0.097,0.055,-0.042,0.095
0.13,0.107,-0.023,0.102,0.09,-0.012,0.116,0.085,-0.031,0.086,0.099,0.013,0.115,0.084,-0.031,0.084,0.645,0.561,0.244,0.123,-0.121,0.095,0.206,0.111,0.099,0.354,0.255,0.07,0.088,0.018,0.229,0.094,-0.135,0.106,0.348,0.242,0.115,0.429,0.314,0.076,0.14,0.064,0.092,0.11,0.018,0.086,0.103,0.017,0.071,0.135,0.064,0.092,0.057,-0.035,0.109,0.053,-0.056,0.087
0.122,0.109,-0.013,0.089,0.107,0.018,0.094,0.065,-0.029,0.087,0.1,0.013,0.096,0.114,0.018,0.078,0.161,0.083,0.439,0.026,-0.413,0.087,0.588,0.501,0.089,0.182,0.093,0.104,0.088,-0.016,0.24,0.095,-0.145,0.098,0.189,0.091,0.075,0.214,0.139,0.084,0.14,0.056,0.115,0.084,-0.031,0.097,0.119,0.022,0.068,0.14,0.072,0.092,0.06,-0.032,0.103,0.058,-0.045,0.076
0.158,0.128,-0.03,0.083,0.101,0.018,0.102,0.078,-0.024,0.079,0.104,0.025,0.102,0.143,0.041,0.083,0.114,0.031,0.221,0.11,-0.111,0.072,0.151,0.079,0.113,0.216,0.103,0.102,0.13,0.028,0.182,0.068,-0.114,0.094,0.149,0.055,0.094,0.231,0.137,0.094,0.166,0.072,0.081,0.096,0.015,0.088,0.106,0.018,0.063,0.124,0.061,0.1,0.069,-0.031,0.102,0.049,-0.053,0.084
0.13,0.119,-0.011,0.095,0.066,-0.029,0.116,0.121,0.005,0.07,0.08,0.01,0.094,0.117,0.023,0.083,0.114,0.031,0.247,0.092,-0.155,0.076,0.172,0.096,0.102,0.383,0.281,0.096,0.115,0.019,0.163,0.052,-0.111,0.137,0.155,0.018,0.084,0.176,0.092,0.078,0.161,0.083,0.07,0.127,0.057,0.086,0.114,0.028,0.076,0.127,0.051,0.095,0.037,-0.058,0.116,0.026,-0.09,0.103
0.639,0.573,-0.066,0.097,0.118,0.021,0.101,0.077,-0.024,0.087,0.076,-0.011,0.087,0.105,0.018,0.088,0.106,0.018,0.199,0.092,-0.107,0.066,0.141,0.075,0.094,0.176,0.082,0.102,0.125,0.023,0.152,0.042,-0.11,0.119,0.147,0.028,0.071,0.166,0.095,0.07,0.145,0.075,0.078,0.091,0.013,0.078,0.064,-0.014,0.074,0.128,0.054,0.087,0.057,-0.03,0.082,0.035,-0.047,0.081
1.038,1.012,-0.026,0.121,0.099,-0.022,0.095,0.11,0.015,0.087,0.034,-0.053,0.168,1.432,1.264,0.065,0.181,0.116,0.69,0.536,-0.154,0.092,0.718,0.626,0.12,0.28,0.16,0.11,0.07,-0.04,0.19,0.092,-0.098,0.127,0.15,0.023,0.096,0.225,0.129,0.073,0.145,0.072,0.091,0.109,0.018,0.086,0.104,0.018,0.058,0.122,0.064,0.094,0.055,-0.039,0.129,0.065,-0.064,0.097
0.136,0.109,-0.027,0.082,0.094,0.012,0.092,0.068,-0.024,0.136,0.125,-0.011,0.123,0.141,0.018,0.094,0.11,0.016,0.26,0.088,-0.172,0.099,0.251,0.152,0.11,1.009,0.899,0.093,0.147,0.054,0.169,0.071,-0.098,0.127,0.193,0.066,0.087,0.218,0.131,0.062,0.15,0.088,0.081,0.122,0.041,0.089,0.099,0.01,0.075,0.122,0.047,0.102,0.065,-0.037,0.129,0.063,-0.066,0.108
0.132,0.116,-0.016,0.084,0.109,0.025,0.087,0.052,-0.035,0.084,0.102,0.018,0.094,0.083,-0.011,0.095,0.133,0.038,0.299,0.087,-0.212,0.092,0.516,0.424,0.11,0.161,0.051,0.094,0.122,0.028,0.224,0.089,-0.135,0.106,0.153,0.047,0.094,0.232,0.138,0.066,0.143,0.077,0.096,0.114,0.018,0.094,0.135,0.041,0.076,0.14,0.064,0.097,0.063,-0.034,0.121,0.06,-0.061,0.095
0.136,0.114,-0.022,0.084,0.102,0.018,0.094,0.073,-0.021,0.084,0.102,0.018,0.104,0.112,0.008,0.081,0.145,0.064,0.268,0.105,-0.163,0.098,0.191,0.093,0.123,0.439,0.316,0.089,0.146,0.057,0.176,0.073,-0.103,0.129,0.15,0.021,0.099,0.215,0.116,0.078,0.147,0.069,0.079,0.099,0.02,0.097,0.107,0.01,0.065,0.122,0.057,0.097,0.065,-0.032,0.127,0.053,-0.074,0.102
0.104,0.073,-0.031,0.094,0.104,0.01,0.097,0.058,-0.039,0.078,0.096,0.018,0.116,0.081,-0.035,0.092,0.146,0.054,0.263,0.076,-0.187,0.122,0.238,0.116,0.112,0.172,0.06,0.099,0.47,0.371,0.164,0.089,-0.075,0.092,0.133,0.041,0.081,0.225,0.144,0.086,0.163,0.077,0.078,0.107,0.029,0.075,0.093,0.018,0.052,0.098,0.046,0.11,0.079,-0.031,0.102,0.055,-0.047,0.081
0.138,0.11,-0.028,0.094,0.101,0.007,0.094,0.545,0.451,0.062,0.072,0.01,0.1,0.136,0.036,0.088,0.783,0.695,0.279,0.113,-0.166,0.101,0.307,0.206,0.097,0.166,0.069,0.099,0.133,0.034,0.209,0.115,-0.094,0.106,0.155,0.049,0.085,0.178,0.093,0.07,0.143,0.073,0.075,0.639,0.564,0.065,0.101,0.036,0.06,0.124,0.064,0.086,0.065,-0.021,0.092,0.061,-0.031,0.075
0.107,0.076,-0.031,0.094,0.101,0.007,0.103,0.052,-0.051,0.116,0.097,-0.019,0.1,0.149,0.049,0.089,0.153,0.064,0.265,0.141,-0.124,0.087,0.211,0.124,0.107,0.228,0.121,0.104,0.125,0.021,0.155,0.073,-0.082,0.106,0.144,0.038,0.084,0.187,0.103,0.075,0.149,0.074,0.069,0.21,0.141,0.089,0.112,0.023,0.07,0.148,0.078,0.091,0.065,-0.026,0.1,0.044,-0.056,0.087
0.136,0.094,-0.042,0.086,0.112,0.026,0.107,0.063,-0.044,0.118,0.106,-0.012,0.108,0.126,0.018,0.081,0.099,0.018,0.228,0.091,-0.137,0.08,0.173,0.093,0.131,0.251,0.12,0.107,0.177,0.07,0.236,0.105,-0.131,0.103,0.198,0.095,0.084,0.818,0.734,0.065,0.134,0.069,0.097,0.22,0.123,0.089,0.161,0.072,0.073,0.147,0.074,0.111,0.063,-0.048,0.127,0.029,-0.098,0.072
0.146,0.104,-0.042,0.089,0.133,0.044,0.096,0.138,0.042,0.083,0.052,-0.031,0.094,0.689,0.595,0.075,0.287,0.212,0.199,0.078,-0.121,0.09,0.17,0.08,0.138,0.205,0.067,0.102,0.156,0.054,0.178,0.099,-0.079,0.103,0.193,0.09,0.081,0.282,0.201,0.081,0.191,0.11,0.084,0.133,0.049,0.091,0.109,0.018,0.073,0.142,0.069,0.093,0.042,-0.051,0.119,0.026,-0.093,0.074
0.125,0.091,-0.034,0.084,0.125,0.041,0.095,0.047,-0.048,0.079,0.097,0.018,0.128,0.083,-0.045,0.087,0.112,0.025,0.234,0.1,-0.134,0.074,0.152,0.078,0.085,0.237,0.152,0.1,0.126,0.026,0.158,0.049,-0.109,0.135,0.161,0.026,0.075,0.181,0.106,0.094,0.173,0.079,0.076,0.094,0.018,0.089,0.106,0.017,0.076,0.148,0.072,0.086,0.062,-0.024,0.074,0.043,-0.031,0.089
0.169,0.122,-0.047,0.087,0.115,0.028,0.113,0.052,-0.061,0.095,0.102,0.007,0.076,0.086,0.01,0.089,0.148,0.059,0.982,0.87,-0.112,0.081,0.205,0.124,0.123,0.262,0.139,0.096,0.114,0.018,0.195,0.068,-0.127,0.108,0.163,0.055,0.078,0.202,0.124,0.086,0.529,0.443,0.091,0.109,0.018,0.073,0.096,0.023,0.063,0.147,0.084,0.08,0.029,-0.051,0.119,0.069,-0.05,0.081
0.11,0.062,-0.048,0.103,0.113,0.01,0.099,0.114,0.015,0.042,0.06,0.018,0.102,0.12,0.018,0.088,0.176,0.088,0.249,0.133,-0.116,0.085,0.198,0.113,0.086,0.508,0.422,0.092,0.06,-0.032,0.177,0.114,-0.063,0.094,0.179,0.085,0.089,0.228,0.139,0.078,0.16,0.082,0.084,0.104,0.02,0.099,0.088,-0.011,0.066,0.135,0.069,0.092,0.06,-0.032,0.126,0.053,-0.073,0.087
0.136,0.086,-0.05,0.136,0.105,-0.031,0.128,0.112,-0.016,0.092,0.432,0.34,0.057,0.088,0.031,0.099,0.109,0.01,0.321,0.134,-0.187,0.082,0.578,0.496,0.12,0.246,0.126,0.12,0.239,0.119,0.244,0.152,-0.092,0.073,0.151,0.078,0.091,0.238,0.147,0.073,0.153,0.08,0.083,0.109,0.026,0.099,0.117,0.018,0.062,0.132,0.07,0.092,0.044,-0.048,0.148,0.056,-0.092,0.111
0.123,0.089,-0.034,0.096,0.085,-0.011,0.116,0.084,-0.032,0.082,0.089,0.007,0.115,0.091,-0.024,0.095,0.113,0.018,0.262,0.099,-0.163,0.096,0.197,0.101,0.117,0.343,0.226,0.121,0.09,-0.031,0.178,0.078,-0.1,0.111,0.163,0.052,0.091,0.212,0.121,0.068,0.152,0.084,0.087,0.1,0.013,0.091,0.109,0.018,0.075,0.148,0.073,0.11,0.07,-0.04,0.095,0.058,-0.037,0.131
