0.075,0.116,0.041,0.068,0.483,0.415,0.07,0.111,0.041,0.099,0.434,0.335,0.086,0.233,0.147,0.068,0.349,0.281,0.083,0.23,0.147,0.078,0.199,0.121,0.076,0.305,0.229,0.081,0.266,0.185,0.105,0.99,0.885,0.081,0.542,0.461,0.074,0.133,0.059,0.083,0.152,0.069,0.06,1.011,0.951,0.083,0.166,0.083,0.099,1.103,1.004,0.079,0.161,0.082,0.11,0.527,0.417,0.075,0.24,0.165,0.081,0.205,0.124,0.07,0.327,0.257,0.066,0.72,0.654,0.083,0.13,0.047,0.091,0.681,0.59,0.084,0.127,0.043,0.073,0.194,0.121,0.065,0.408,0.343,0.07,0.255,0.185,0.068,0.153,0.085,0.084,0.205,0.121,0.067,0.714,0.647,0.073
0.067,0.124,0.057,0.068,0.32,0.252,0.065,0.104,0.039,0.078,0.485,0.407,0.092,0.259,0.167,0.07,0.372,0.302,0.083,0.815,0.732,0.083,0.189,0.106,0.07,0.243,0.173,0.062,0.16,0.098,0.12,1.266,1.146,0.079,0.387,0.308,0.066,0.153,0.087,0.071,0.088,0.017,0.066,0.699,0.633,0.084,1.076,0.992,0.101,0.639,0.538,0.076,0.174,0.098,0.095,0.424,0.329,0.078,0.294,0.216,0.068,0.297,0.229,0.071,0.46,0.389,0.065,0.157,0.092,0.087,0.117,0.03,0.094,0.901,0.807,0.08,0.168,0.088,0.065,0.238,0.173,0.067,0.485,0.418,0.07,0.194,0.124,0.078,0.4,0.322,0.141,0.169,0.028,0.105,0.576,0.471,0.073
0.064,0.119,0.055,0.07,0.351,0.281,0.044,0.126,0.082,0.06,1.165,1.105,0.079,0.264,0.185,0.065,0.531,0.466,0.076,0.246,0.17,0.065,0.178,0.113,0.063,0.217,0.154,0.065,0.23,0.165,0.115,1.266,1.151,0.071,0.534,0.463,0.071,0.127,0.056,0.087,0.099,0.012,0.05,0.441,0.391,0.06,0.117,0.057,0.091,0.905,0.814,0.076,0.341,0.265,0.086,0.511,0.425,0.065,0.264,0.199,0.067,0.353,0.286,0.063,0.312,0.249,0.076,0.171,0.095,0.081,0.112,0.031,0.086,0.302,0.216,0.097,0.185,0.088,0.062,0.312,0.25,0.065,0.297,0.232,0.068,0.49,0.422,0.065,0.173,0.108,0.113,0.187,0.074,0.123,0.251,0.128,0.068
0.067,0.114,0.047,0.088,0.395,0.307,0.062,0.106,0.044,0.076,0.398,0.322,0.089,0.274,0.185,0.07,0.475,0.405,0.078,0.258,0.18,0.078,0.135,0.057,0.081,0.302,0.221,0.06,0.142,0.082,0.092,0.911,0.819,0.062,0.397,0.335,0.065,0.114,0.049,0.102,0.225,0.123,0.087,0.321,0.234,0.068,0.163,0.095,0.091,0.89,0.799,0.065,0.098,0.033,0.102,0.55,0.448,0.079,0.254,0.175,0.073,0.351,0.278,0.07,0.338,0.268,0.076,0.184,0.108,0.088,0.117,0.029,0.083,1.196,1.113,0.078,0.119,0.041,0.068,0.439,0.371,0.06,0.292,0.232,0.062,0.415,0.353,0.073,0.125,0.052,0.107,0.125,0.018,0.114,0.334,0.22,0.062
0.073,0.134,0.061,0.089,0.231,0.142,0.057,0.09,0.033,0.084,0.414,0.33,0.086,0.24,0.154,0.063,0.397,0.334,0.084,0.226,0.142,0.083,0.117,0.034,0.091,0.232,0.141,0.071,0.132,0.061,0.097,0.885,0.788,0.066,0.261,0.195,0.073,0.204,0.131,0.103,0.236,0.133,0.081,0.297,0.216,0.066,0.111,0.045,0.081,1.248,1.167,0.066,0.181,0.115,0.094,0.54,0.446,0.081,0.24,0.159,0.071,0.236,0.165,0.065,0.583,0.518,0.08,0.147,0.067,0.073,0.115,0.042,0.083,0.678,0.595,0.076,0.135,0.059,0.068,0.521,0.453,0.073,0.444,0.371,0.075,0.474,0.399,0.076,0.184,0.108,0.128,0.157,0.029,0.106,0.619,0.513,0.076
0.07,0.131,0.061,0.079,0.236,0.157,0.06,0.093,0.033,0.065,0.395,0.33,0.083,0.418,0.335,0.071,0.362,0.291,0.088,0.25,0.162,0.084,0.143,0.059,0.081,0.207,0.126,0.06,0.138,0.078,0.109,1.374,1.265,0.062,0.428,0.366,0.089,0.531,0.442,0.094,0.21,0.116,0.1,0.36,0.26,0.068,0.127,0.059,0.091,0.944,0.853,0.068,0.085,0.017,0.105,0.519,0.414,0.079,0.277,0.198,0.07,0.279,0.209,0.068,0.362,0.294,0.075,0.175,0.1,0.097,0.115,0.018,0.081,0.588,0.507,0.063,0.15,0.087,0.063,0.444,0.381,0.06,0.261,0.201,0.07,0.374,0.304,0.076,0.153,0.077,0.131,0.099,-0.032,0.11,0.752,0.642,0.073
0.065,0.134,0.069,0.076,0.444,0.368,0.065,0.104,0.039,0.065,0.443,0.378,0.089,0.324,0.235,0.062,1.355,1.293,0.099,0.396,0.297,0.088,0.127,0.039,0.104,0.3,0.196,0.065,0.14,0.075,0.097,0.892,0.795,0.068,0.233,0.165,0.083,0.197,0.114,0.125,0.233,0.108,0.094,0.236,0.142,0.059,0.111,0.052,0.076,1.044,0.968,0.073,0.223,0.15,0.099,0.531,0.432,0.071,0.213,0.142,0.07,0.348,0.278,0.062,0.305,0.243,0.067,0.15,0.083,0.089,0.122,0.033,0.086,1.258,1.172,0.076,0.143,0.067,0.078,0.436,0.358,0.067,0.294,0.227,0.065,0.338,0.273,0.071,0.143,0.072,0.12,0.089,-0.031,0.136,0.35,0.214,0.07
0.075,0.121,0.046,0.071,0.751,0.68,0.07,0.104,0.034,0.083,0.377,0.294,0.094,0.292,0.198,0.073,0.258,0.185,0.102,0.911,0.809,0.081,0.137,0.056,0.087,0.269,0.182,0.06,0.145,0.085,0.099,1.359,1.26,0.065,0.168,0.103,0.086,0.194,0.108,0.126,0.229,0.103,0.096,0.323,0.227,0.065,0.127,0.062,0.096,0.583,0.487,0.076,0.3,0.224,0.086,0.501,0.415,0.073,0.299,0.226,0.071,0.336,0.265,0.062,0.477,0.415,0.076,0.349,0.273,0.086,0.124,0.038,0.081,1.284,1.203,0.068,0.14,0.072,0.07,0.326,0.256,0.067,0.299,0.232,0.07,0.542,0.472,0.062,0.183,0.121,0.099,0.083,-0.016,0.132,0.843,0.711,0.073
0.067,0.108,0.041,0.097,0.79,0.693,0.083,0.101,0.018,0.094,0.895,0.801,0.1,0.254,0.154,0.076,0.807,0.731,0.089,0.202,0.113,0.076,0.295,0.219,0.062,0.346,0.284,0.06,0.113,0.053,0.102,1.547,1.445,0.068,0.197,0.129,0.099,0.205,0.106,0.125,0.215,0.09,0.097,0.257,0.16,0.07,0.137,0.067,0.089,0.931,0.842,0.07,0.212,0.142,0.101,0.444,0.343,0.094,0.238,0.144,0.073,0.436,0.363,0.071,0.28,0.209,0.067,0.18,0.113,0.089,0.123,0.034,0.083,0.464,0.381,0.071,0.171,0.1,0.068,1.083,1.015,0.075,0.261,0.186,0.067,0.482,0.415,0.073,0.318,0.245,0.128,0.089,-0.039,0.112,0.28,0.168,0.07
0.073,0.124,0.051,0.076,0.295,0.219,0.062,0.098,0.036,0.097,0.414,0.317,0.091,0.559,0.468,0.071,0.39,0.319,0.092,0.22,0.128,0.1,0.083,-0.017,0.121,0.26,0.139,0.071,0.15,0.079,0.118,1.205,1.087,0.071,0.238,0.167,0.099,0.192,0.093,0.13,0.225,0.095,0.089,0.264,0.175,0.063,0.125,0.062,0.086,1.093,1.007,0.078,0.179,0.101,0.104,0.583,0.479,0.084,0.387,0.303,0.071,0.228,0.157,0.07,0.309,0.239,0.064,0.231,0.167,0.075,0.119,0.044,0.091,0.854,0.763,0.07,0.114,0.044,0.06,0.454,0.394,0.06,0.66,0.6,0.068,0.356,0.288,0.068,0.155,0.087,0.113,0.081,-0.032,0.124,0.322,0.198,0.07
0.065,0.114,0.049,0.104,0.483,0.379,0.068,0.109,0.041,0.104,0.321,0.217,0.104,0.284,0.18,0.073,0.565,0.492,0.091,0.261,0.17,0.089,0.128,0.039,0.091,0.225,0.134,0.057,0.183,0.126,0.115,1.086,0.971,0.058,0.15,0.092,0.092,0.197,0.105,0.123,0.205,0.082,0.089,0.259,0.17,0.057,0.145,0.088,0.075,0.887,0.812,0.073,0.158,0.085,0.104,0.351,0.247,0.089,0.318,0.229,0.073,0.416,0.343,0.062,0.229,0.167,0.066,0.146,0.08,0.091,0.153,0.062,0.089,0.876,0.787,0.087,0.125,0.038,0.073,0.406,0.333,0.057,0.237,0.18,0.065,0.41,0.345,0.065,0.125,0.06,0.112,0.073,-0.039,0.118,0.277,0.159,0.068
0.065,0.088,0.023,0.089,0.398,0.309,0.067,0.111,0.044,0.094,0.486,0.392,0.094,0.266,0.172,0.076,0.408,0.332,0.091,0.235,0.144,0.092,0.11,0.018,0.099,0.23,0.131,0.066,0.14,0.074,0.096,1.408,1.312,0.065,0.214,0.149,0.084,0.186,0.102,0.116,0.213,0.097,0.1,0.249,0.149,0.065,0.168,0.103,0.086,0.946,0.86,0.073,0.148,0.075,0.123,0.337,0.214,0.091,0.369,0.278,0.075,0.385,0.31,0.07,0.219,0.149,0.063,0.179,0.116,0.094,0.171,0.077,0.078,0.951,0.873,0.089,0.135,0.046,0.071,0.395,0.324,0.06,0.222,0.162,0.068,0.439,0.371,0.073,0.137,0.064,0.118,0.081,-0.037,0.102,0.296,0.194,0.065
0.096,0.205,0.109,0.117,0.217,0.1,0.07,0.091,0.021,0.105,0.414,0.309,0.099,0.297,0.198,0.073,4.909,4.836,0.099,0.135,0.036,0.094,0.06,-0.034,0.173,0.25,0.077,0.086,0.14,0.054,0.099,0.877,0.778,0.068,0.189,0.121,0.102,0.192,0.09,0.138,0.21,0.072,0.102,0.254,0.152,0.073,0.132,0.059,0.086,0.591,0.505,0.086,0.272,0.186,0.094,0.349,0.255,0.083,0.343,0.26,0.086,0.256,0.17,0.073,0.338,0.265,0.074,0.114,0.04,0.108,0.123,0.015,0.076,0.949,0.873,0.083,0.137,0.054,0.068,0.416,0.348,0.073,0.292,0.219,0.07,0.297,0.227,0.062,0.361,0.299,0.154,0.128,-0.026,0.134,0.27,0.136,0.079
0.072,0.098,0.026,0.121,0.321,0.2,0.06,0.096,0.036,0.107,0.486,0.379,0.073,0.243,0.17,0.07,0.302,0.232,0.078,0.276,0.198,0.079,0.189,0.11,0.068,0.212,0.144,0.068,0.138,0.07,0.109,1.016,0.907,0.065,0.202,0.137,0.088,0.199,0.111,0.12,0.269,0.149,0.068,0.171,0.103,0.068,0.14,0.072,0.086,0.673,0.587,0.081,0.171,0.09,0.131,0.427,0.296,0.073,0.245,0.172,0.074,0.303,0.229,0.068,0.441,0.373,0.078,0.138,0.06,0.078,0.101,0.023,0.078,1.028,0.95,0.073,0.12,0.047,0.073,0.263,0.19,0.068,0.333,0.265,0.06,0.467,0.407,0.052,0.171,0.119,0.138,0.107,-0.031,0.105,0.208,0.103,0.078
0.075,0.119,0.044,0.073,0.405,0.332,0.06,0.124,0.064,0.097,0.385,0.288,0.105,0.251,0.146,0.076,0.375,0.299,0.104,0.241,0.137,0.099,0.122,0.023,0.104,0.226,0.122,0.075,0.134,0.059,0.11,1.078,0.968,0.063,0.135,0.072,0.11,0.213,0.103,0.13,0.211,0.081,0.101,0.219,0.118,0.071,0.135,0.064,0.097,1.245,1.148,0.073,0.187,0.114,0.12,0.254,0.134,0.104,0.32,0.216,0.074,0.388,0.314,0.073,0.343,0.27,0.078,0.125,0.047,0.099,0.114,0.015,0.089,0.715,0.626,0.088,0.209,0.121,0.071,0.218,0.147,0.067,0.338,0.271,0.07,0.433,0.363,0.068,0.13,0.062,0.105,0.073,-0.032,0.121,0.929,0.808,0.071
0.109,0.225,0.116,0.11,0.164,0.054,0.07,0.098,0.028,0.097,0.651,0.554,0.083,0.238,0.155,0.075,0.642,0.567,0.086,0.179,0.093,0.086,0.104,0.018,0.107,0.231,0.124,0.065,0.157,0.092,0.105,0.942,0.837,0.076,0.24,0.164,0.107,0.213,0.106,0.117,0.215,0.098,0.084,0.192,0.108,0.068,0.139,0.071,0.084,0.795,0.711,0.07,0.202,0.132,0.099,0.524,0.425,0.081,0.194,0.113,0.073,0.305,0.232,0.07,0.32,0.25,0.078,0.142,0.064,0.084,0.13,0.046,0.081,0.833,0.752,0.078,0.107,0.029,0.07,0.394,0.324,0.066,0.341,0.275,0.063,0.459,0.396,0.063,0.174,0.111,0.162,0.141,-0.021,0.12,0.481,0.361,0.065
0.072,0.093,0.021,0.128,0.316,0.188,0.07,0.088,0.018,0.118,0.46,0.342,0.076,0.282,0.206,0.068,0.243,0.175,0.099,0.29,0.191,0.075,0.168,0.093,0.078,0.197,0.119,0.075,0.129,0.054,0.105,0.823,0.718,0.073,0.612,0.539,0.086,0.243,0.157,0.12,0.246,0.126,0.089,0.241,0.152,0.065,0.119,0.054,0.081,0.825,0.744,0.076,0.194,0.118,0.1,0.483,0.383,0.079,0.215,0.136,0.063,0.209,0.146,0.068,0.287,0.219,0.076,0.129,0.053,0.108,0.131,0.023,0.096,0.418,0.322,0.089,0.177,0.088,0.067,0.327,0.26,0.074,0.246,0.172,0.076,0.431,0.355,0.076,0.127,0.051,0.118,0.081,-0.037,0.131,0.879,0.748,0.078
0.067,0.108,0.041,0.105,0.37,0.265,0.068,0.104,0.036,0.104,0.578,0.474,0.07,0.189,0.119,0.07,0.761,0.691,0.104,0.204,0.1,0.071,0.179,0.108,0.073,0.217,0.144,0.06,0.137,0.077,0.094,0.797,0.703,0.071,0.236,0.165,0.083,0.196,0.113,0.126,0.221,0.095,0.097,0.194,0.097,0.076,0.127,0.051,0.097,0.798,0.701,0.07,0.165,0.095,0.102,0.522,0.42,0.068,0.616,0.548,0.07,0.256,0.186,0.063,0.232,0.169,0.071,0.218,0.147,0.078,0.134,0.056,0.084,0.996,0.912,0.086,0.137,0.051,0.06,0.444,0.384,0.068,0.228,0.16,0.067,0.487,0.42,0.062,0.13,0.068,0.114,0.135,0.021,0.149,0.765,0.616,0.083
0.075,0.093,0.018,0.097,0.468,0.371,0.076,0.104,0.028,0.151,0.262,0.111,0.115,0.393,0.278,0.07,0.315,0.245,0.104,0.236,0.132,0.088,0.124,0.036,0.11,0.249,0.139,0.076,0.122,0.046,0.115,0.741,0.626,0.068,0.173,0.105,0.086,0.936,0.85,0.118,0.551,0.433,0.093,0.148,0.055,0.078,0.134,0.056,0.094,0.656,0.562,0.075,0.292,0.217,0.088,0.346,0.258,0.084,0.362,0.278,0.075,0.181,0.106,0.078,0.392,0.314,0.071,0.161,0.09,0.065,0.111,0.046,0.079,0.792,0.713,0.081,0.148,0.067,0.068,0.194,0.126,0.068,0.426,0.358,0.075,0.23,0.155,0.076,0.158,0.082,0.123,0.086,-0.037,0.115,0.319,0.204,0.081
0.122,0.168,0.046,0.1,0.37,0.27,0.086,0.132,0.046,0.115,0.409,0.294,0.107,0.259,0.152,0.078,0.462,0.384,0.083,0.212,0.129,0.076,0.125,0.049,0.091,0.222,0.131,0.065,0.14,0.075,0.102,0.913,0.811,0.078,1.207,1.129,0.086,0.189,0.103,0.138,0.218,0.08,0.097,0.233,0.136,0.07,0.117,0.047,0.094,0.724,0.63,0.074,0.11,0.036,0.115,0.565,0.45,0.097,0.259,0.162,0.076,0.202,0.126,0.081,0.452,0.371,0.083,0.191,0.108,0.089,0.107,0.018,0.094,1.23,1.136,0.068,0.127,0.059,0.078,0.284,0.206,0.078,0.462,0.384,0.065,0.261,0.196,0.078,0.14,0.062,0.105,0.07,-0.035,0.145,0.392,0.247,0.071
0.104,0.14,0.036,0.109,0.72,0.611,0.078,0.086,0.008,0.12,0.37,0.25,0.107,0.241,0.134,0.078,0.294,0.216,0.094,0.826,0.732,0.078,0.129,0.051,0.097,0.282,0.185,0.066,0.117,0.051,0.12,0.896,0.776,0.083,0.183,0.1,0.1,0.269,0.169,0.118,0.216,0.098,0.083,0.279,0.196,0.068,0.137,0.069,0.097,0.62,0.523,0.062,0.232,0.17,0.097,0.452,0.355,0.076,0.477,0.401,0.076,0.146,0.07,0.07,0.413,0.343,0.065,0.158,0.093,0.084,0.129,0.045,0.081,0.377,0.296,0.081,0.158,0.077,0.068,0.351,0.283,0.076,0.287,0.211,0.066,0.439,0.373,0.07,0.124,0.054,0.116,0.068,-0.048,0.126,0.337,0.211,0.073
0.117,0.23,0.113,0.089,0.311,0.222,0.094,0.112,0.018,0.117,0.459,0.342,0.094,0.228,0.134,0.081,0.509,0.428,0.091,0.171,0.08,0.091,0.14,0.049,0.099,0.367,0.268,0.073,0.117,0.044,0.112,1.532,1.42,0.059,0.131,0.072,0.102,0.226,0.124,0.115,0.207,0.092,0.084,0.218,0.134,0.075,0.145,0.07,0.096,0.9,0.804,0.076,0.124,0.048,0.113,0.551,0.438,0.07,0.717,0.647,0.08,0.194,0.114,0.068,0.382,0.314,0.07,0.227,0.157,0.084,0.115,0.031,0.086,1.118,1.032,0.074,0.135,0.061,0.079,0.635,0.556,0.07,0.302,0.232,0.065,0.395,0.33,0.068,0.114,0.046,0.102,0.06,-0.042,0.139,0.438,0.299,0.07
0.094,0.168,0.074,0.094,0.393,0.299,0.075,0.096,0.021,0.112,0.519,0.407,0.086,0.238,0.152,0.065,0.944,0.879,0.081,0.222,0.141,0.081,0.174,0.093,0.068,0.227,0.159,0.065,0.114,0.049,0.105,1.063,0.958,0.06,0.186,0.126,0.091,0.199,0.108,0.128,0.213,0.085,0.105,0.246,0.141,0.068,0.212,0.144,0.107,0.965,0.858,0.076,0.155,0.079,0.097,0.597,0.5,0.104,0.21,0.106,0.083,0.271,0.188,0.081,0.503,0.422,0.087,0.135,0.048,0.09,0.11,0.02,0.094,0.465,0.371,0.086,0.137,0.051,0.081,0.365,0.284,0.067,0.26,0.193,0.068,0.591,0.523,0.073,0.171,0.098,0.105,0.06,-0.045,0.158,0.384,0.226,0.084
0.073,0.119,0.046,0.102,0.599,0.497,0.073,0.091,0.018,0.125,0.401,0.276,0.104,0.279,0.175,0.081,0.362,0.281,0.099,0.22,0.121,0.128,0.112,-0.016,0.137,0.309,0.172,0.081,0.135,0.054,0.104,1.387,1.283,0.068,0.204,0.136,0.102,0.216,0.114,0.138,0.218,0.08,0.096,0.166,0.07,0.073,0.134,0.061,0.103,0.733,0.63,0.081,0.158,0.077,0.108,0.45,0.342,0.079,0.151,0.072,0.075,0.278,0.203,0.058,0.344,0.286,0.07,0.145,0.075,0.083,0.102,0.019,0.085,0.848,0.763,0.073,0.109,0.036,0.07,0.392,0.322,0.071,0.276,0.205,0.053,0.339,0.286,0.07,0.175,0.105,0.137,0.105,-0.032,0.113,0.963,0.85,0.086
0.109,0.168,0.059,0.099,0.174,0.075,0.078,0.094,0.016,0.094,0.426,0.332,0.086,0.225,0.139,0.089,2.431,2.342,0.104,0.343,0.239,0.113,0.099,-0.014,0.119,0.247,0.128,0.078,0.619,0.541,0.113,0.138,0.025,0.071,0.225,0.154,0.092,0.192,0.1,0.128,0.208,0.08,0.099,0.267,0.168,0.075,0.142,0.067,0.089,0.632,0.543,0.084,0.182,0.098,0.099,0.449,0.35,0.068,0.163,0.095,0.081,0.454,0.373,0.073,0.357,0.284,0.083,0.14,0.057,0.099,0.125,0.026,0.088,0.575,0.487,0.068,0.142,0.074,0.076,0.426,0.35,0.074,0.205,0.131,0.062,0.407,0.345,0.071,0.156,0.085,0.134,0.078,-0.056,0.118,0.492,0.374,0.07
0.096,0.189,0.093,0.101,0.985,0.884,0.068,0.101,0.033,0.102,1.107,1.005,0.083,0.372,0.289,0.07,0.377,0.307,0.088,0.258,0.17,0.078,0.194,0.116,0.073,0.305,0.232,0.068,0.145,0.077,0.115,0.64,0.525,0.068,0.431,0.363,0.089,0.189,0.1,0.131,0.247,0.116,0.094,0.277,0.183,0.073,0.124,0.051,0.094,0.524,0.43,0.079,0.254,0.175,0.104,0.408,0.304,0.086,0.277,0.191,0.068,0.284,0.216,0.073,0.356,0.283,0.083,0.176,0.093,0.094,0.128,0.034,0.093,0.439,0.346,0.086,0.178,0.092,0.073,0.326,0.253,0.073,0.341,0.268,0.065,0.41,0.345,0.065,0.155,0.09,0.118,0.068,-0.05,0.124,0.361,0.237,0.07
0.109,0.143,0.034,0.117,0.266,0.149,0.076,0.097,0.021,0.104,1.271,1.167,0.073,0.153,0.08,0.067,0.622,0.555,0.08,0.387,0.307,0.047,0.015,-0.032,0.208,0.354,0.146,0.089,0.158,0.069,0.123,2.045,1.922,0.076,0.191,0.115,0.102,0.187,0.085,0.128,0.224,0.096,0.093,0.168,0.075,0.073,0.13,0.057,0.091,0.279,0.188,0.065,0.101,0.036,0.107,0.393,0.286,0.099,0.205,0.106,0.086,0.289,0.203,0.068,0.246,0.178,0.078,0.132,0.054,0.099,0.115,0.016,0.078,1.332,1.254,0.087,0.11,0.023,0.081,0.361,0.28,0.076,0.31,0.234,0.052,0.387,0.335,0.073,0.122,0.049,0.115,0.078,-0.037,0.113,0.384,0.271,0.072
0.086,0.147,0.061,0.102,0.285,0.183,0.078,0.099,0.021,0.093,0.735,0.642,0.076,0.153,0.077,0.068,0.402,0.334,0.097,0.231,0.134,0.086,0.145,0.059,0.081,0.22,0.139,0.063,0.127,0.064,0.11,1.794,1.684,0.066,0.341,0.275,0.102,0.182,0.08,0.127,0.21,0.083,0.104,0.246,0.142,0.073,0.135,0.062,0.107,0.648,0.541,0.073,0.178,0.105,0.11,0.674,0.564,0.094,0.246,0.152,0.076,0.346,0.27,0.068,0.251,0.183,0.078,0.16,0.082,0.081,0.117,0.036,0.086,0.952,0.866,0.094,0.119,0.025,0.084,0.3,0.216,0.071,0.223,0.152,0.054,0.386,0.332,0.079,0.148,0.069,0.126,0.084,-0.042,0.131,0.502,0.371,0.076
0.106,0.191,0.085,0.092,0.19,0.098,0.075,0.093,0.018,0.099,0.424,0.325,0.083,0.307,0.224,0.071,0.212,0.141,0.095,0.262,0.167,0.081,0.15,0.069,0.073,0.209,0.136,0.063,0.143,0.08,0.107,0.872,0.765,0.07,0.135,0.065,0.112,0.199,0.087,0.134,1.8,1.666,0.086,0.133,0.047,0.075,0.106,0.031,0.076,0.802,0.726,0.068,0.155,0.087,0.115,0.569,0.454,0.083,0.214,0.131,0.084,0.375,0.291,0.062,0.256,0.194,0.07,0.127,0.057,0.086,0.072,-0.014,0.092,0.324,0.232,0.097,0.171,0.074,0.076,0.374,0.298,0.076,0.491,0.415,0.068,0.4,0.332,0.062,0.119,0.057,0.115,0.073,-0.042,0.108,0.762,0.654,0.081
0.096,0.166,0.07,0.094,0.199,0.105,0.081,0.099,0.018,0.104,0.496,0.392,0.099,0.24,0.141,0.079,0.275,0.196,0.088,0.23,0.142,0.083,0.163,0.08,0.084,0.22,0.136,0.071,0.15,0.079,0.118,1.115,0.997,0.065,0.178,0.113,0.102,0.189,0.087,0.136,0.203,0.067,0.102,0.236,0.134,0.073,0.134,0.061,0.095,0.847,0.752,0.075,0.134,0.059,0.128,0.265,0.137,0.12,0.228,0.108,0.078,0.395,0.317,0.065,0.251,0.186,0.07,0.176,0.106,0.108,0.113,0.005,0.083,0.399,0.316,0.074,0.122,0.048,0.078,0.279,0.201,0.079,0.395,0.316,0.066,0.431,0.365,0.058,0.096,0.038,0.126,0.092,-0.034,0.115,0.746,0.631,0.068
0.099,0.163,0.064,0.099,0.395,0.296,0.071,0.135,0.064,0.099,0.55,0.451,0.097,0.192,0.095,0.086,0.405,0.319,0.089,0.2,0.111,0.075,0.137,0.062,0.078,0.199,0.121,0.063,0.12,0.057,0.109,1.006,0.897,0.067,0.17,0.103,0.102,0.231,0.129,0.125,0.228,0.103,0.089,0.207,0.118,0.068,0.125,0.057,0.091,0.413,0.322,0.063,0.109,0.046,0.123,0.648,0.525,0.071,0.171,0.1,0.075,0.297,0.222,0.076,0.212,0.136,0.076,0.142,0.066,0.108,0.125,0.017,0.079,1.145,1.066,0.092,0.128,0.036,0.073,0.26,0.187,0.066,0.395,0.329,0.052,0.41,0.358,0.068,0.115,0.047,0.115,0.067,-0.048,0.127,0.4,0.273,0.065
0.088,0.191,0.103,0.094,0.367,0.273,0.071,0.094,0.023,0.12,0.841,0.721,0.099,0.354,0.255,0.071,0.3,0.229,0.097,0.241,0.144,0.078,0.166,0.088,0.083,0.222,0.139,0.06,0.119,0.059,0.123,1.076,0.953,0.07,0.119,0.049,0.113,0.231,0.118,0.131,0.195,0.064,0.104,0.23,0.126,0.079,0.133,0.054,0.107,0.545,0.438,0.065,0.34,0.275,0.092,0.373,0.281,0.083,0.281,0.198,0.073,0.181,0.108,0.06,0.385,0.325,0.059,0.129,0.07,0.084,0.127,0.043,0.084,1.032,0.948,0.091,0.117,0.026,0.088,0.256,0.168,0.068,0.374,0.306,0.055,0.634,0.579,0.073,0.117,0.044,0.131,0.089,-0.042,0.11,0.926,0.816,0.071
0.12,0.161,0.041,0.131,0.27,0.139,0.078,0.096,0.018,0.115,0.48,0.365,0.108,0.262,0.154,0.076,0.578,0.502,0.094,0.256,0.162,0.087,0.094,0.007,0.107,0.215,0.108,0.073,0.114,0.041,0.115,1.017,0.902,0.065,0.14,0.075,0.115,0.205,0.09,0.128,0.205,0.077,0.096,0.238,0.142,0.073,0.122,0.049,0.104,0.681,0.577,0.076,0.166,0.09,0.107,0.476,0.369,0.096,0.228,0.132,0.085,0.176,0.091,0.075,0.271,0.196,0.076,0.153,0.077,0.094,0.155,0.061,0.107,0.72,0.613,0.1,0.146,0.046,0.086,0.246,0.16,0.075,0.271,0.196,0.07,0.377,0.307,0.075,0.14,0.065,0.129,0.079,-0.05,0.112,0.831,0.719,0.07
0.107,0.184,0.077,0.115,0.4,0.285,0.084,0.102,0.018,0.115,0.63,0.515,0.097,0.192,0.095,0.078,0.279,0.201,0.091,0.269,0.178,0.07,0.171,0.101,0.083,0.338,0.255,0.065,0.145,0.08,0.099,0.944,0.845,0.065,0.158,0.093,0.099,0.199,0.1,0.121,0.216,0.095,0.104,0.212,0.108,0.071,0.12,0.049,0.101,0.436,0.335,0.071,0.137,0.066,0.118,0.422,0.304,0.083,0.246,0.163,0.078,0.467,0.389,0.065,0.225,0.16,0.075,0.16,0.085,0.099,0.127,0.028,0.1,0.54,0.44,0.099,0.197,0.098,0.092,0.243,0.151,0.076,0.393,0.317,0.062,0.374,0.312,0.078,0.158,0.08,0.118,0.083,-0.035,0.111,0.435,0.324,0.073
0.099,0.215,0.116,0.107,0.179,0.072,0.084,0.091,0.007,0.129,0.389,0.26,0.11,0.385,0.275,0.083,0.434,0.351,0.096,0.251,0.155,0.078,0.127,0.049,0.096,0.225,0.129,0.07,0.127,0.057,0.12,0.437,0.317,0.07,0.22,0.15,0.096,0.189,0.093,0.146,1.256,1.11,0.079,0.241,0.162,0.073,0.176,0.103,0.112,0.993,0.881,0.084,0.107,0.023,0.109,0.323,0.214,0.118,0.414,0.296,0.089,0.253,0.164,0.084,0.298,0.214,0.091,0.194,0.103,0.102,0.132,0.03,0.1,1.086,0.986,0.089,0.212,0.123,0.079,0.249,0.17,0.083,0.258,0.175,0.081,0.504,0.423,0.073,0.209,0.136,0.135,0.086,-0.049,0.113,0.644,0.531,0.078
0.098,0.214,0.116,0.102,0.226,0.124,0.083,0.101,0.018,0.113,0.533,0.42,0.096,0.214,0.118,0.084,0.328,0.244,0.092,0.218,0.126,0.081,0.132,0.051,0.089,0.236,0.147,0.068,0.119,0.051,0.115,0.625,0.51,0.073,0.22,0.147,0.091,0.184,0.093,0.136,0.262,0.126,0.094,0.166,0.072,0.073,0.142,0.069,0.097,0.432,0.335,0.073,0.415,0.342,0.091,0.465,0.374,0.078,0.4,0.322,0.084,0.418,0.334,0.076,0.254,0.178,0.076,0.158,0.082,0.091,0.104,0.013,0.086,0.377,0.291,0.076,0.166,0.09,0.083,0.362,0.279,0.078,0.227,0.149,0.066,0.403,0.337,0.073,0.142,0.069,0.134,0.081,-0.053,0.126,0.709,0.583,0.075
0.104,0.192,0.088,0.104,0.251,0.147,0.073,0.129,0.056,0.115,0.643,0.528,0.097,0.146,0.049,0.078,0.23,0.152,0.099,0.259,0.16,0.081,0.137,0.056,0.089,0.205,0.116,0.068,0.119,0.051,0.118,0.707,0.589,0.073,0.519,0.446,0.078,0.202,0.124,0.133,0.251,0.118,0.097,0.272,0.175,0.078,0.119,0.041,0.105,0.556,0.451,0.073,0.242,0.169,0.097,0.55,0.453,0.081,0.426,0.345,0.084,0.401,0.317,0.07,0.209,0.139,0.073,0.16,0.087,0.108,0.128,0.02,0.089,0.457,0.368,0.078,0.153,0.075,0.076,0.395,0.319,0.076,0.215,0.139,0.059,0.415,0.356,0.071,0.132,0.061,0.116,0.068,-0.048,0.116,0.422,0.306,0.071
0.075,0.093,0.018,0.112,0.305,0.193,0.074,0.107,0.033,0.123,0.452,0.329,0.11,0.278,0.168,0.078,0.214,0.136,0.115,0.262,0.147,0.083,0.122,0.039,0.099,0.194,0.095,0.076,0.125,0.049,0.12,0.548,0.428,0.07,0.181,0.111,0.101,0.202,0.101,0.136,0.2,0.064,0.104,0.228,0.124,0.078,0.14,0.062,0.105,0.478,0.373,0.07,0.235,0.165,0.112,0.287,0.175,0.1,0.246,0.146,0.073,0.454,0.381,0.063,0.205,0.142,0.057,0.162,0.105,0.092,0.179,0.087,0.076,0.472,0.396,0.084,0.187,0.103,0.078,0.279,0.201,0.081,0.217,0.136,0.071,0.388,0.317,0.07,0.124,0.054,0.134,0.086,-0.048,0.113,0.324,0.211,0.066
0.065,0.113,0.048,0.081,0.251,0.17,0.071,0.089,0.018,0.101,0.308,0.207,0.096,0.395,0.299,0.075,0.292,0.217,0.091,0.235,0.144,0.076,0.156,0.08,0.088,0.201,0.113,0.069,0.133,0.064,0.107,1.312,1.205,0.066,0.158,0.092,0.086,0.192,0.106,0.117,0.202,0.085,0.086,0.182,0.096,0.07,0.137,0.067,0.096,1.225,1.129,0.065,0.132,0.067,0.096,0.398,0.302,0.062,0.379,0.317,0.068,0.299,0.231,0.06,0.238,0.178,0.07,0.127,0.057,0.073,0.109,0.036,0.089,0.382,0.293,0.081,0.161,0.08,0.078,0.31,0.232,0.068,0.212,0.144,0.052,0.369,0.317,0.068,0.155,0.087,0.134,0.078,-0.056,0.124,0.309,0.185,0.063
0.104,0.279,0.175,0.115,0.47,0.355,0.076,0.115,0.039,0.104,0.351,0.247,0.092,0.225,0.133,0.066,0.207,0.141,0.089,0.254,0.165,0.073,0.186,0.113,0.071,0.235,0.164,0.071,0.166,0.095,0.123,0.473,0.35,0.068,0.225,0.157,0.089,0.176,0.087,0.125,0.208,0.083,0.099,0.205,0.106,0.065,0.263,0.198,0.123,0.95,0.827,0.067,0.173,0.106,0.109,0.313,0.204,0.097,0.356,0.259,0.074,0.316,0.242,0.075,0.253,0.178,0.065,0.14,0.075,0.078,0.108,0.03,0.097,1.617,1.52,0.084,0.176,0.092,0.065,0.23,0.165,0.076,0.349,0.273,0.073,0.431,0.358,0.073,0.117,0.044,0.123,0.073,-0.05,0.118,0.37,0.252,0.068
0.067,0.116,0.049,0.094,0.292,0.198,0.063,0.086,0.023,0.105,0.305,0.2,0.102,0.252,0.15,0.07,0.302,0.232,0.099,0.21,0.111,0.081,0.127,0.046,0.091,0.22,0.129,0.07,0.132,0.062,0.112,0.39,0.278,0.066,0.174,0.108,0.091,0.192,0.101,0.117,0.192,0.075,0.07,0.168,0.098,0.073,0.135,0.062,0.094,0.562,0.468,0.073,0.266,0.193,0.089,0.213,0.124,0.094,0.3,0.206,0.075,0.269,0.194,0.081,0.237,0.156,0.071,0.184,0.113,0.099,0.128,0.029,0.086,0.24,0.154,0.089,0.197,0.108,0.076,0.282,0.206,0.083,0.232,0.149,0.068,0.413,0.345,0.071,0.12,0.049,0.118,0.078,-0.04,0.108,0.332,0.224,0.065
0.08,0.114,0.034,0.099,0.374,0.275,0.076,0.094,0.018,0.102,0.275,0.173,0.104,0.274,0.17,0.068,0.266,0.198,0.099,0.22,0.121,0.073,0.15,0.077,0.081,0.274,0.193,0.073,0.14,0.067,0.118,0.981,0.863,0.075,0.129,0.054,0.094,0.197,0.103,0.136,0.229,0.093,0.094,0.192,0.098,0.062,0.119,0.057,0.112,0.483,0.371,0.076,0.086,0.01,0.121,0.558,0.437,0.092,0.285,0.193,0.078,0.199,0.121,0.071,0.307,0.236,0.071,0.187,0.116,0.099,0.119,0.02,0.084,0.79,0.706,0.075,0.165,0.09,0.079,0.243,0.164,0.074,0.269,0.195,0.068,0.369,0.301,0.073,0.135,0.062,0.118,0.076,-0.042,0.097,0.623,0.526,0.078
0.114,0.168,0.054,0.134,0.193,0.059,0.097,0.104,0.007,0.123,0.383,0.26,0.118,0.283,0.165,0.07,0.384,0.314,0.099,0.174,0.075,0.086,0.13,0.044,0.096,0.197,0.101,0.078,0.135,0.057,0.117,0.351,0.234,0.074,0.264,0.19,0.102,0.207,0.105,0.113,0.365,0.252,0.11,0.149,0.039,0.081,0.098,0.017,0.094,1.351,1.257,0.079,0.14,0.061,0.11,0.435,0.325,0.07,0.564,0.494,0.076,0.205,0.129,0.068,0.302,0.234,0.081,0.143,0.062,0.086,0.122,0.036,0.083,0.302,0.219,0.091,0.179,0.088,0.068,0.235,0.167,0.073,0.222,0.149,0.068,0.395,0.327,0.076,0.125,0.049,0.152,0.097,-0.055,0.115,0.293,0.178,0.078
0.112,0.168,0.056,0.126,0.329,0.203,0.081,0.104,0.023,0.118,0.301,0.183,0.102,0.277,0.175,0.07,0.271,0.201,0.091,0.238,0.147,0.084,0.166,0.082,0.084,0.215,0.131,0.072,0.132,0.06,0.122,0.39,0.268,0.066,0.192,0.126,0.094,0.191,0.097,0.139,0.219,0.08,0.089,0.176,0.087,0.073,0.122,0.049,0.103,0.753,0.65,0.073,0.156,0.083,0.128,0.251,0.123,0.11,0.321,0.211,0.081,0.246,0.165,0.073,0.222,0.149,0.071,0.173,0.102,0.107,0.125,0.018,0.086,0.519,0.433,0.097,0.169,0.072,0.078,0.176,0.098,0.075,0.467,0.392,0.071,0.338,0.267,0.073,0.122,0.049,0.118,0.073,-0.045,0.126,0.348,0.222,0.07
0.104,0.153,0.049,0.115,0.187,0.072,0.076,0.08,0.004,0.121,0.502,0.381,0.099,0.65,0.551,0.071,0.367,0.296,0.086,0.563,0.477,0.07,0.191,0.121,0.076,0.225,0.149,0.07,0.15,0.08,0.128,0.556,0.428,0.065,0.222,0.157,0.102,0.166,0.064,0.133,0.244,0.111,0.094,0.171,0.077,0.07,0.225,0.155,0.149,1.167,1.018,0.075,0.173,0.098,0.112,0.37,0.258,0.081,0.304,0.223,0.087,0.174,0.087,0.079,0.37,0.291,0.083,0.132,0.049,0.096,0.114,0.018,0.089,0.244,0.155,0.096,0.191,0.095,0.086,0.241,0.155,0.071,0.284,0.213,0.073,0.423,0.35,0.066,0.107,0.041,0.134,0.086,-0.048,0.102,0.777,0.675,0.073
0.067,0.157,0.09,0.092,0.347,0.255,0.076,0.122,0.046,0.109,0.439,0.33,0.07,0.289,0.219,0.073,0.179,0.106,0.088,0.377,0.289,0.081,0.13,0.049,0.086,0.207,0.121,0.078,0.132,0.054,0.11,0.968,0.858,0.075,0.126,0.051,0.095,0.167,0.072,0.135,0.221,0.086,0.096,0.243,0.147,0.068,0.119,0.051,0.112,0.483,0.371,0.073,0.156,0.083,0.117,0.403,0.286,0.086,0.287,0.201,0.083,0.155,0.072,0.081,0.352,0.271,0.086,0.204,0.118,0.094,0.127,0.033,0.092,0.898,0.806,0.068,0.158,0.09,0.081,0.215,0.134,0.078,0.421,0.343,0.068,0.294,0.226,0.073,0.132,0.059,0.158,0.107,-0.051,0.116,0.618,0.502,0.089
0.101,0.176,0.075,0.115,0.197,0.082,0.065,1.294,1.229,0.099,0.427,0.328,0.091,0.222,0.131,0.076,0.166,0.09,0.099,0.266,0.167,0.087,0.141,0.054,0.086,0.196,0.11,0.076,0.145,0.069,0.12,0.355,0.235,0.07,0.168,0.098,0.105,0.202,0.097,0.129,0.208,0.079,0.089,0.2,0.111,0.07,0.137,0.067,0.112,0.488,0.376,0.079,0.104,0.025,0.133,0.597,0.464,0.073,0.238,0.165,0.078,0.181,0.103,0.068,0.418,0.35,0.073,0.192,0.119,0.099,0.148,0.049,0.083,0.382,0.299,0.083,0.166,0.083,0.084,0.191,0.107,0.079,0.375,0.296,0.073,0.32,0.247,0.081,0.127,0.046,0.126,0.087,-0.039,0.123,0.352,0.229,0.07
0.099,0.176,0.077,0.112,0.2,0.088,0.081,0.107,0.026,0.154,0.444,0.29,0.105,0.313,0.208,0.074,0.543,0.469,0.083,0.201,0.118,0.081,0.151,0.07,0.078,0.191,0.113,0.063,0.145,0.082,0.115,0.409,0.294,0.07,0.191,0.121,0.102,0.21,0.108,0.128,0.218,0.09,0.105,0.251,0.146,0.079,0.143,0.064,0.112,0.599,0.487,0.068,0.15,0.082,0.115,0.254,0.139,0.102,0.29,0.188,0.083,0.338,0.255,0.082,0.298,0.216,0.083,0.171,0.088,0.118,0.13,0.012,0.081,0.303,0.222,0.096,0.174,0.078,0.081,0.289,0.208,0.078,0.238,0.16,0.075,0.392,0.317,0.071,0.138,0.067,0.126,0.07,-0.056,0.124,0.312,0.188,0.068
0.088,0.158,0.07,0.099,0.46,0.361,0.081,0.101,0.02,0.11,0.416,0.306,0.086,0.248,0.162,0.074,0.179,0.105,0.099,0.243,0.144,0.076,0.174,0.098,0.081,0.207,0.126,0.068,0.175,0.107,0.121,0.319,0.198,0.065,0.192,0.127,0.099,0.184,0.085,0.128,0.21,0.082,0.073,0.166,0.093,0.068,0.139,0.071,0.103,0.37,0.267,0.065,0.114,0.049,0.134,0.311,0.177,0.102,0.292,0.19,0.086,0.259,0.173,0.081,0.228,0.147,0.081,0.161,0.08,0.081,0.112,0.031,0.088,0.5,0.412,0.089,0.171,0.082,0.081,0.2,0.119,0.062,0.24,0.178,0.076,0.403,0.327,0.073,0.147,0.074,0.121,0.071,-0.05,0.124,0.659,0.535,0.076
0.091,0.173,0.082,0.112,0.254,0.142,0.078,0.104,0.026,0.125,0.375,0.25,0.091,0.292,0.201,0.071,0.202,0.131,0.089,0.238,0.149,0.073,0.158,0.085,0.089,0.222,0.133,0.074,0.164,0.09,0.112,1.16,1.048,0.071,0.161,0.09,0.089,0.184,0.095,0.141,0.218,0.077,0.092,0.197,0.105,0.073,0.148,0.075,0.112,0.369,0.257,0.066,0.197,0.131,0.12,0.347,0.227,0.112,0.282,0.17,0.081,0.377,0.296,0.076,0.217,0.141,0.076,0.354,0.278,0.094,0.166,0.072,0.086,0.679,0.593,0.109,0.235,0.126,0.081,0.444,0.363,0.06,0.179,0.119,0.07,0.397,0.327,0.078,0.156,0.078,0.126,0.076,-0.05,0.125,0.393,0.268,0.068
0.104,0.171,0.067,0.128,0.202,0.074,0.079,0.104,0.025,0.134,0.368,0.234,0.102,0.372,0.27,0.071,0.215,0.144,0.094,0.225,0.131,0.078,0.194,0.116,0.079,0.223,0.144,0.07,0.163,0.093,0.125,0.365,0.24,0.073,0.173,0.1,0.118,0.202,0.084,0.131,0.208,0.077,0.097,0.298,0.201,0.07,0.166,0.096,0.115,0.568,0.453,0.073,0.106,0.033,0.128,0.62,0.492,0.084,0.256,0.172,0.078,0.176,0.098,0.071,0.22,0.149,0.068,0.163,0.095,0.099,0.133,0.034,0.088,0.629,0.541,0.084,0.164,0.08,0.08,0.191,0.111,0.071,0.199,0.128,0.078,0.403,0.325,0.073,0.166,0.093,0.115,0.067,-0.048,0.116,0.217,0.101,0.08
0.104,0.191,0.087,0.107,0.151,0.044,0.084,0.112,0.028,0.115,0.723,0.608,0.101,0.297,0.196,0.081,0.318,0.237,0.089,0.174,0.085,0.083,0.16,0.077,0.092,0.203,0.111,0.072,0.168,0.096,0.125,0.313,0.188,0.068,0.204,0.136,0.115,0.213,0.098,0.12,0.228,0.108,0.084,0.238,0.154,0.073,0.14,0.067,0.115,0.625,0.51,0.065,0.091,0.026,0.125,0.671,0.546,0.068,0.326,0.258,0.086,0.158,0.072,0.073,0.214,0.141,0.073,0.594,0.521,0.075,0.152,0.077,0.084,0.952,0.868,0.081,0.207,0.126,0.081,0.187,0.106,0.073,0.34,0.267,0.078,0.568,0.49,0.068,0.14,0.072,0.099,0.063,-0.036,0.117,0.78,0.663,0.088
0.114,0.179,0.065,0.125,0.169,0.044,0.078,0.104,0.026,0.154,0.654,0.5,0.091,0.225,0.134,0.075,0.233,0.158,0.104,0.261,0.157,0.079,0.156,0.077,0.083,0.194,0.111,0.073,0.142,0.069,0.123,0.357,0.234,0.076,0.192,0.116,0.104,0.207,0.103,0.139,0.193,0.054,0.091,0.245,0.154,0.071,0.143,0.072,0.112,0.344,0.232,0.078,0.295,0.217,0.104,0.714,0.61,0.079,0.259,0.18,0.073,0.186,0.113,0.079,0.233,0.154,0.068,0.22,0.152,0.104,0.163,0.059,0.081,0.298,0.217,0.088,0.184,0.096,0.083,0.315,0.232,0.081,0.508,0.427,0.086,0.478,0.392,0.073,0.163,0.09,0.107,0.076,-0.031,0.105,0.645,0.54,0.063
0.099,0.166,0.067,0.109,0.388,0.279,0.065,0.247,0.182,0.118,0.234,0.116,0.1,0.326,0.226,0.076,0.485,0.409,0.086,0.235,0.149,0.092,0.182,0.09,0.073,0.593,0.52,0.079,0.13,0.051,0.12,0.481,0.361,0.062,0.611,0.549,0.084,0.181,0.097,0.134,0.211,0.077,0.083,0.343,0.26,0.071,0.128,0.057,0.112,0.346,0.234,0.068,0.112,0.044,0.125,0.467,0.342,0.079,0.21,0.131,0.087,0.187,0.1,0.067,0.212,0.145,0.07,0.196,0.126,0.102,0.148,0.046,0.087,0.481,0.394,0.065,0.16,0.095,0.078,0.261,0.183,0.081,0.439,0.358,0.076,0.271,0.195,0.068,0.133,0.065,0.123,0.078,-0.045,0.108,0.285,0.177,0.068
0.094,0.168,0.074,0.128,0.35,0.222,0.075,0.093,0.018,0.128,0.27,0.142,0.112,0.367,0.255,0.073,0.302,0.229,0.094,0.187,0.093,0.076,0.194,0.118,0.065,0.207,0.142,0.065,0.152,0.087,0.126,0.345,0.219,0.068,0.186,0.118,0.11,0.184,0.074,0.134,1.727,1.593,0.083,0.147,0.064,0.076,0.12,0.044,0.112,0.661,0.549,0.068,0.137,0.069,0.123,0.334,0.211,0.084,0.346,0.262,0.063,0.295,0.232,0.062,0.237,0.175,0.073,0.14,0.067,0.102,0.117,0.015,0.086,0.272,0.186,0.105,0.213,0.108,0.078,0.245,0.167,0.079,0.292,0.213,0.065,0.454,0.389,0.068,0.102,0.034,0.134,0.075,-0.059,0.14,0.425,0.285,0.066
0.114,0.178,0.064,0.134,0.345,0.211,0.081,0.122,0.041,0.118,0.316,0.198,0.104,0.264,0.16,0.081,0.181,0.1,0.105,0.293,0.188,0.08,0.173,0.093,0.086,0.194,0.108,0.073,0.148,0.075,0.126,0.344,0.218,0.071,0.717,0.646,0.094,0.241,0.147,0.136,1.421,1.285,0.086,0.223,0.137,0.081,0.127,0.046,0.115,0.609,0.494,0.081,0.228,0.147,0.12,0.254,0.134,0.105,0.285,0.18,0.083,0.186,0.103,0.076,0.207,0.131,0.076,0.179,0.103,0.117,0.171,0.054,0.1,0.506,0.406,0.087,0.177,0.09,0.081,0.209,0.128,0.076,0.243,0.167,0.081,0.583,0.502,0.071,0.138,0.067,0.108,0.057,-0.051,0.124,0.374,0.25,0.068
0.114,0.143,0.029,0.149,0.234,0.085,0.086,0.106,0.02,0.128,0.357,0.229,0.102,0.28,0.178,0.075,0.441,0.366,0.094,0.249,0.155,0.078,0.163,0.085,0.078,0.184,0.106,0.067,0.626,0.559,0.134,1.447,1.313,0.089,0.277,0.188,0.102,0.213,0.111,0.13,0.202,0.072,0.11,0.246,0.136,0.081,0.138,0.057,0.099,0.39,0.291,0.086,0.133,0.047,0.136,0.282,0.146,0.115,0.313,0.198,0.094,0.215,0.121,0.076,0.197,0.121,0.083,0.148,0.065,0.104,0.135,0.031,0.107,0.37,0.263,0.099,0.202,0.103,0.094,0.194,0.1,0.076,0.223,0.147,0.081,0.534,0.453,0.078,0.13,0.052,0.139,0.094,-0.045,0.118,0.339,0.221,0.071
0.093,0.173,0.08,0.112,0.208,0.096,0.083,0.101,0.018,0.115,0.383,0.268,0.102,0.282,0.18,0.078,0.176,0.098,0.107,0.259,0.152,0.081,0.171,0.09,0.086,0.209,0.123,0.073,0.508,0.435,0.09,0.298,0.208,0.076,0.161,0.085,0.099,0.207,0.108,0.146,0.963,0.817,0.099,0.158,0.059,0.086,0.189,0.103,0.099,0.39,0.291,0.084,0.383,0.299,0.102,0.289,0.187,0.105,0.262,0.157,0.091,0.199,0.108,0.074,0.213,0.139,0.086,0.157,0.071,0.11,0.141,0.031,0.107,1.14,1.033,0.079,0.132,0.053,0.082,0.205,0.123,0.073,0.371,0.298,0.081,0.507,0.426,0.068,0.155,0.087,0.121,0.055,-0.066,0.137,0.747,0.61,0.076
0.12,0.15,0.03,0.131,0.149,0.018,0.081,0.125,0.044,0.123,0.563,0.44,0.11,0.233,0.123,0.081,0.189,0.108,0.1,0.207,0.107,0.095,0.18,0.085,0.08,0.217,0.137,0.078,0.704,0.626,0.107,0.267,0.16,0.07,1.381,1.311,0.087,0.213,0.126,0.117,0.285,0.168,0.104,0.199,0.095,0.089,0.689,0.6,0.12,0.476,0.356,0.083,0.069,-0.014,0.132,0.588,0.456,0.089,0.258,0.169,0.082,0.179,0.097,0.076,0.238,0.162,0.084,0.166,0.082,0.112,0.13,0.018,0.102,0.741,0.639,0.094,0.166,0.072,0.078,0.217,0.139,0.07,0.452,0.382,0.078,0.266,0.188,0.071,0.147,0.076,0.145,0.079,-0.066,0.121,0.453,0.332,0.079
0.122,0.192,0.07,0.125,0.148,0.023,0.084,0.115,0.031,0.125,0.429,0.304,0.099,0.236,0.137,0.086,0.158,0.072,0.115,0.321,0.206,0.094,0.199,0.105,0.081,0.22,0.139,0.081,0.609,0.528,0.105,0.54,0.435,0.078,0.251,0.173,0.078,0.258,0.18,0.149,0.239,0.09,0.115,0.228,0.113,0.084,0.238,0.154,0.121,1.457,1.336,0.092,0.122,0.03,0.124,0.425,0.301,0.101,0.292,0.191,0.099,0.205,0.106,0.081,0.209,0.128,0.086,0.166,0.08,0.113,0.136,0.023,0.11,0.887,0.777,0.1,0.179,0.079,0.087,0.295,0.208,0.073,0.246,0.173,0.075,1.734,1.659,0.097,0.13,0.033,0.142,0.084,-0.058,0.144,0.711,0.567,0.084
0.096,0.189,0.093,0.104,0.284,0.18,0.084,0.102,0.018,0.118,0.372,0.254,0.087,0.264,0.177,0.081,0.194,0.113,0.102,0.259,0.157,0.076,0.166,0.09,0.078,0.192,0.114,0.067,0.778,0.711,0.094,0.517,0.423,0.075,0.204,0.129,0.052,0.75,0.698,0.126,0.241,0.115,0.094,0.269,0.175,0.079,0.133,0.054,0.102,0.833,0.731,0.068,0.094,0.026,0.125,0.547,0.422,0.1,0.229,0.129,0.088,0.186,0.098,0.073,0.199,0.126,0.076,0.168,0.092,0.1,0.151,0.051,0.099,0.89,0.791,0.107,0.169,0.062,0.086,0.223,0.137,0.073,0.224,0.151,0.081,0.455,0.374,0.073,0.132,0.059,0.134,0.084,-0.05,0.12,0.37,0.25,0.071
0.12,0.158,0.038,0.141,0.198,0.057,0.102,0.127,0.025,0.131,0.391,0.26,0.11,0.264,0.154,0.084,0.187,0.103,0.096,0.223,0.127,0.083,0.163,0.08,0.089,0.228,0.139,0.086,0.199,0.113,0.128,0.46,0.332,0.089,0.22,0.131,0.118,0.221,0.103,0.143,0.208,0.065,0.094,0.189,0.095,0.091,0.169,0.078,0.112,0.568,0.456,0.091,0.107,0.016,0.128,0.475,0.347,0.104,0.285,0.181,0.091,0.161,0.07,0.08,0.186,0.106,0.094,0.202,0.108,0.107,0.154,0.047,0.107,0.622,0.515,0.13,0.21,0.08,0.102,0.192,0.09,0.086,0.24,0.154,0.1,0.404,0.304,0.081,0.142,0.061,0.116,0.076,-0.04,0.11,0.878,0.768,0.084
0.101,0.189,0.088,0.107,0.37,0.263,0.086,0.114,0.028,0.115,0.8,0.685,0.104,0.182,0.078,0.083,0.392,0.309,0.089,0.225,0.136,0.094,0.141,0.047,0.091,0.217,0.126,0.079,0.166,0.087,0.104,0.625,0.521,0.068,0.152,0.084,0.107,0.218,0.111,0.126,0.218,0.092,0.087,0.21,0.123,0.076,1.258,1.182,0.107,0.249,0.142,0.065,0.359,0.294,0.099,0.374,0.275,0.094,0.251,0.157,0.089,0.156,0.067,0.07,0.189,0.119,0.075,0.271,0.196,0.11,0.154,0.044,0.109,0.534,0.425,0.084,0.182,0.098,0.091,0.258,0.167,0.071,0.279,0.208,0.086,0.475,0.389,0.076,0.146,0.07,0.115,0.073,-0.042,0.089,0.486,0.397,0.073
0.101,0.186,0.085,0.105,0.244,0.139,0.073,0.091,0.018,0.117,0.741,0.624,0.096,0.248,0.152,0.081,0.519,0.438,0.084,0.187,0.103,0.086,0.119,0.033,0.086,0.163,0.077,0.081,0.2,0.119,0.107,0.503,0.396,0.079,0.29,0.211,0.102,0.205,0.103,0.138,0.231,0.093,0.096,0.194,0.098,0.078,0.501,0.423,0.102,0.284,0.182,0.084,0.146,0.062,0.133,0.501,0.368,0.094,0.218,0.124,0.091,0.295,0.204,0.088,0.246,0.158,0.088,0.356,0.268,0.115,0.133,0.018,0.115,1.14,1.025,0.099,0.189,0.09,0.081,0.223,0.142,0.075,0.413,0.338,0.076,0.318,0.242,0.07,0.122,0.052,0.131,0.088,-0.043,0.113,0.35,0.237,0.076
0.114,0.168,0.054,0.115,2.756,2.641,0.092,0.11,0.018,0.117,0.295,0.178,0.112,0.285,0.173,0.089,0.16,0.071,0.097,0.287,0.19,0.081,0.156,0.075,0.076,0.194,0.118,0.084,0.181,0.097,0.102,0.697,0.595,0.084,0.182,0.098,0.107,1.145,1.038,0.107,0.32,0.213,0.084,0.308,0.224,0.086,0.689,0.603,0.109,0.38,0.271,0.083,0.194,0.111,0.123,0.339,0.216,0.12,0.375,0.255,0.094,0.164,0.07,0.081,0.197,0.116,0.08,0.152,0.072,0.11,0.128,0.018,0.099,0.264,0.165,0.097,0.217,0.12,0.092,0.331,0.239,0.087,0.215,0.128,0.086,0.449,0.363,0.084,0.125,0.041,0.118,0.066,-0.052,0.107,0.388,0.281,0.073
0.107,0.197,0.09,0.112,0.437,0.325,0.083,0.106,0.023,0.102,0.398,0.296,0.099,0.306,0.207,0.078,0.193,0.115,0.095,0.239,0.144,0.083,0.148,0.065,0.08,0.194,0.114,0.075,0.155,0.08,0.115,0.463,0.348,0.078,0.25,0.172,0.097,0.192,0.095,0.128,0.218,0.09,0.097,0.241,0.144,0.078,0.496,0.418,0.101,0.372,0.271,0.073,0.148,0.075,0.12,0.333,0.213,0.113,0.476,0.363,0.076,0.184,0.108,0.078,0.207,0.129,0.073,0.189,0.116,0.099,0.14,0.041,0.099,0.328,0.229,0.097,0.225,0.128,0.087,0.239,0.152,0.083,0.207,0.124,0.086,0.446,0.36,0.087,0.143,0.056,0.107,0.071,-0.036,0.11,0.355,0.245,0.067
0.101,0.178,0.077,0.11,0.149,0.039,0.086,0.104,0.018,0.115,0.524,0.409,0.102,0.207,0.105,0.084,0.172,0.088,0.109,0.269,0.16,0.089,0.14,0.051,0.092,0.189,0.097,0.081,0.205,0.124,0.123,0.401,0.278,0.078,0.209,0.131,0.107,0.192,0.085,0.126,0.208,0.082,0.091,0.189,0.098,0.081,0.375,0.294,0.117,1.949,1.832,0.109,0.088,-0.021,0.134,0.873,0.739,0.078,0.248,0.17,0.087,0.182,0.095,0.078,0.201,0.123,0.089,0.149,0.06,0.109,0.122,0.013,0.105,0.496,0.391,0.089,0.169,0.08,0.086,0.181,0.095,0.076,0.197,0.121,0.083,0.385,0.302,0.088,0.14,0.052,0.121,0.068,-0.053,0.105,1.125,1.02,0.083
0.104,0.163,0.059,0.126,0.275,0.149,0.091,0.109,0.018,0.118,0.383,0.265,0.102,0.241,0.139,0.081,0.163,0.082,0.105,1.552,1.447,0.073,0.166,0.093,0.065,0.194,0.129,0.07,0.191,0.121,0.102,0.751,0.649,0.071,0.238,0.167,0.094,0.202,0.108,0.136,0.241,0.105,0.092,0.172,0.08,0.086,0.225,0.139,0.135,0.633,0.498,0.08,0.101,0.021,0.133,0.991,0.858,0.086,0.295,0.209,0.086,0.163,0.077,0.086,0.207,0.121,0.094,0.187,0.093,0.102,0.171,0.069,0.141,0.96,0.819,0.099,0.197,0.098,0.086,0.182,0.096,0.083,0.225,0.142,0.088,0.562,0.474,0.081,0.161,0.08,0.129,0.073,-0.056,0.145,0.835,0.69,0.081
0.109,0.171,0.062,0.115,0.238,0.123,0.092,0.117,0.025,0.136,0.469,0.333,0.104,0.258,0.154,0.084,0.174,0.09,0.102,0.248,0.146,0.095,0.159,0.064,0.083,0.187,0.104,0.078,0.152,0.074,0.126,0.497,0.371,0.07,0.219,0.149,0.113,0.187,0.074,0.139,0.208,0.069,0.102,0.179,0.077,0.089,0.176,0.087,0.12,0.453,0.333,0.076,0.104,0.028,0.136,0.591,0.455,0.094,0.184,0.09,0.081,0.194,0.113,0.076,0.192,0.116,0.094,0.192,0.098,0.117,0.195,0.078,0.128,0.692,0.564,0.075,0.163,0.088,0.086,0.302,0.216,0.084,0.215,0.131,0.084,0.465,0.381,0.075,0.14,0.065,0.123,0.091,-0.032,0.108,0.445,0.337,0.076
0.112,0.22,0.108,0.107,0.138,0.031,0.083,0.183,0.1,0.123,0.721,0.598,0.094,0.189,0.095,0.078,0.284,0.206,0.087,0.225,0.138,0.079,0.143,0.064,0.084,0.217,0.133,0.084,0.161,0.077,0.118,2.135,2.017,0.075,0.142,0.067,0.094,0.406,0.312,0.123,0.257,0.134,0.101,0.186,0.085,0.087,0.171,0.084,0.11,0.744,0.634,0.091,0.109,0.018,0.149,0.53,0.381,0.089,0.254,0.165,0.088,0.166,0.078,0.078,0.181,0.103,0.086,0.604,0.518,0.078,0.132,0.054,0.102,1.186,1.084,0.092,0.192,0.1,0.086,0.187,0.101,0.08,0.193,0.113,0.092,0.561,0.469,0.083,0.135,0.052,0.11,0.052,-0.058,0.121,0.755,0.634,0.086
0.109,0.173,0.064,0.097,0.368,0.271,0.083,0.106,0.023,0.105,0.445,0.34,0.099,0.227,0.128,0.079,0.192,0.113,0.094,0.238,0.144,0.086,0.155,0.069,0.079,0.185,0.106,0.07,0.142,0.072,0.091,0.434,0.343,0.078,0.287,0.209,0.099,0.187,0.088,0.127,0.279,0.152,0.107,0.159,0.052,0.091,0.199,0.108,0.12,0.754,0.634,0.078,0.168,0.09,0.115,0.424,0.309,0.066,0.318,0.252,0.081,0.158,0.077,0.076,0.202,0.126,0.081,0.14,0.059,0.089,0.102,0.013,0.104,0.916,0.812,0.089,0.176,0.087,0.083,0.269,0.186,0.07,0.227,0.157,0.076,0.444,0.368,0.079,0.161,0.082,0.134,0.071,-0.063,0.116,0.363,0.247,0.078
0.099,0.186,0.087,0.099,0.295,0.196,0.086,0.112,0.026,0.12,0.434,0.314,0.105,0.249,0.144,0.076,0.274,0.198,0.094,0.24,0.146,0.076,0.138,0.062,0.078,0.184,0.106,0.07,0.145,0.075,0.104,0.47,0.366,0.076,0.194,0.118,0.097,0.187,0.09,0.151,0.223,0.072,0.097,0.172,0.075,0.078,0.145,0.067,0.112,0.506,0.394,0.076,0.12,0.044,0.127,0.28,0.153,0.12,0.274,0.154,0.083,0.243,0.16,0.073,0.22,0.147,0.076,0.171,0.095,0.102,0.127,0.025,0.1,1.145,1.045,0.094,0.184,0.09,0.081,0.192,0.111,0.062,0.248,0.186,0.078,0.431,0.353,0.078,0.125,0.047,0.118,0.065,-0.053,0.116,0.301,0.185,0.081
0.112,0.174,0.062,0.123,2.282,2.159,0.103,0.071,-0.032,0.12,1.089,0.969,0.089,0.153,0.064,0.076,0.392,0.316,0.087,0.455,0.368,0.083,0.163,0.08,0.079,0.259,0.18,0.081,0.163,0.082,0.096,0.991,0.895,0.078,0.25,0.172,0.089,0.205,0.116,0.123,0.251,0.128,0.073,0.264,0.191,0.075,0.16,0.085,0.1,0.597,0.497,0.091,0.106,0.015,0.126,0.43,0.304,0.086,0.274,0.188,0.081,0.171,0.09,0.078,0.194,0.116,0.081,0.189,0.108,0.107,0.146,0.039,0.125,1.016,0.891,0.089,0.179,0.09,0.084,0.243,0.159,0.071,0.31,0.239,0.071,0.39,0.319,0.078,0.129,0.051,0.116,0.063,-0.053,0.106,0.425,0.319,0.076
0.088,0.168,0.08,0.11,1.399,1.289,0.086,0.119,0.033,0.128,0.404,0.276,0.096,0.307,0.211,0.071,0.197,0.126,0.097,0.272,0.175,0.083,0.14,0.057,0.078,0.184,0.106,0.067,0.129,0.062,0.097,0.357,0.26,0.078,0.328,0.25,0.091,0.197,0.106,0.123,0.205,0.082,0.097,0.218,0.121,0.078,0.155,0.077,0.094,0.23,0.136,0.087,0.123,0.036,0.117,0.421,0.304,0.089,0.225,0.136,0.068,0.176,0.108,0.063,0.189,0.126,0.073,0.194,0.121,0.096,0.143,0.047,0.099,1.037,0.938,0.081,0.171,0.09,0.076,0.276,0.2,0.079,0.228,0.149,0.078,0.48,0.402,0.076,0.158,0.082,0.118,0.073,-0.045,0.105,0.368,0.263,0.07
0.083,0.168,0.085,0.112,0.218,0.106,0.083,0.112,0.029,0.125,0.349,0.224,0.102,0.274,0.172,0.079,0.202,0.123,0.097,0.233,0.136,0.076,0.163,0.087,0.074,0.22,0.146,0.065,0.15,0.085,0.097,0.447,0.35,0.078,0.313,0.235,0.073,0.181,0.108,0.125,0.238,0.113,0.087,0.151,0.064,0.073,0.15,0.077,0.089,0.638,0.549,0.075,0.137,0.062,0.11,0.298,0.188,0.088,0.256,0.168,0.078,0.187,0.109,0.064,0.198,0.134,0.079,0.192,0.113,0.086,0.153,0.067,0.088,0.622,0.534,0.089,0.209,0.12,0.079,0.202,0.123,0.073,0.205,0.132,0.068,0.456,0.388,0.076,0.13,0.054,0.116,0.063,-0.053,0.107,0.674,0.567,0.071
0.096,0.199,0.103,0.152,0.301,0.149,0.084,0.099,0.015,0.12,0.355,0.235,0.106,0.274,0.168,0.086,0.204,0.118,0.092,0.236,0.144,0.089,0.14,0.051,0.081,0.197,0.116,0.078,0.15,0.072,0.102,0.563,0.461,0.073,0.382,0.309,0.081,0.184,0.103,0.125,0.213,0.088,0.086,0.166,0.08,0.076,0.153,0.077,0.083,0.452,0.369,0.075,0.093,0.018,0.123,0.499,0.376,0.065,0.266,0.201,0.081,0.199,0.118,0.079,0.192,0.113,0.091,0.143,0.052,0.089,0.106,0.017,0.097,0.623,0.526,0.081,0.186,0.105,0.084,0.215,0.131,0.07,0.199,0.129,0.083,0.424,0.341,0.075,0.188,0.113,0.113,0.066,-0.047,0.099,0.409,0.31,0.075
0.094,0.176,0.082,0.105,0.166,0.061,0.081,0.112,0.031,0.11,0.439,0.329,0.089,0.241,0.152,0.078,0.225,0.147,0.091,0.264,0.173,0.081,0.145,0.064,0.084,0.207,0.123,0.073,0.148,0.075,0.096,0.763,0.667,0.076,0.195,0.119,0.083,0.194,0.111,0.117,0.223,0.106,0.076,0.202,0.126,0.078,0.161,0.083,0.08,0.472,0.392,0.078,0.104,0.026,0.112,0.594,0.482,0.075,0.245,0.17,0.089,0.233,0.144,0.071,0.189,0.118,0.086,0.248,0.162,0.094,0.135,0.041,0.086,0.233,0.147,0.081,0.215,0.134,0.092,0.284,0.192,0.084,0.254,0.17,0.081,0.449,0.368,0.068,0.161,0.093,0.115,0.076,-0.039,0.091,0.676,0.585,0.081
0.104,0.173,0.069,0.108,0.231,0.123,0.084,0.102,0.018,0.117,0.385,0.268,0.089,0.269,0.18,0.083,0.184,0.101,0.091,0.253,0.162,0.079,0.151,0.072,0.083,0.222,0.139,0.065,0.15,0.085,0.102,0.475,0.373,0.071,0.177,0.106,0.075,0.178,0.103,0.129,0.224,0.095,0.07,0.15,0.08,0.075,0.155,0.08,0.097,0.751,0.654,0.086,0.07,-0.016,0.124,0.811,0.687,0.097,0.213,0.116,0.075,0.202,0.127,0.072,0.191,0.119,0.089,0.171,0.082,0.094,0.112,0.018,0.097,0.872,0.775,0.083,0.163,0.08,0.084,0.269,0.185,0.076,0.266,0.19,0.079,0.465,0.386,0.076,0.472,0.396,0.187,0.142,-0.045,0.144,0.425,0.281,0.083
0.093,0.168,0.075,0.113,0.174,0.061,0.081,0.122,0.041,0.118,0.37,0.252,0.086,0.303,0.217,0.075,0.472,0.397,0.083,0.186,0.103,0.081,0.151,0.07,0.081,0.199,0.118,0.066,0.15,0.084,0.094,0.393,0.299,0.073,0.204,0.131,0.099,0.195,0.096,0.128,0.215,0.087,0.079,0.174,0.095,0.076,0.153,0.077,0.091,0.323,0.232,0.076,0.124,0.048,0.131,0.399,0.268,0.07,0.258,0.188,0.087,0.197,0.11,0.073,0.214,0.141,0.074,0.323,0.249,0.1,0.141,0.041,0.081,0.346,0.265,0.073,0.15,0.077,0.084,0.272,0.188,0.07,0.209,0.139,0.079,0.437,0.358,0.067,0.129,0.062,0.132,0.055,-0.077,0.121,0.387,0.266,0.067
0.106,0.178,0.072,0.11,0.246,0.136,0.076,0.13,0.054,0.126,0.401,0.275,0.092,0.269,0.177,0.073,0.184,0.111,0.084,0.217,0.133,0.081,0.174,0.093,0.07,0.204,0.134,0.071,0.228,0.157,0.104,0.632,0.528,0.071,0.166,0.095,0.083,0.189,0.106,0.12,0.215,0.095,0.079,0.192,0.113,0.076,0.163,0.087,0.097,0.743,0.646,0.076,0.127,0.051,0.123,0.489,0.366,0.076,0.24,0.164,0.076,0.168,0.092,0.071,0.187,0.116,0.073,0.217,0.144,0.102,0.181,0.079,0.11,0.744,0.634,0.076,0.161,0.085,0.078,0.4,0.322,0.07,0.284,0.214,0.073,0.498,0.425,0.081,0.14,0.059,0.142,0.102,-0.04,0.113,0.778,0.665,0.075
0.088,0.16,0.072,0.108,0.236,0.128,0.079,0.096,0.017,0.123,0.971,0.848,0.086,0.217,0.131,0.065,0.189,0.124,0.094,0.233,0.139,0.073,0.16,0.087,0.084,0.233,0.149,0.073,0.187,0.114,0.114,0.434,0.32,0.07,0.153,0.083,0.075,1.371,1.296,0.094,0.452,0.358,0.068,0.181,0.113,0.078,0.163,0.085,0.073,0.594,0.521,0.089,0.13,0.041,0.12,0.395,0.275,0.081,0.32,0.239,0.087,0.241,0.154,0.079,0.228,0.149,0.086,0.181,0.095,0.1,0.118,0.018,0.112,0.405,0.293,0.073,0.161,0.088,0.096,0.272,0.176,0.078,0.258,0.18,0.081,0.475,0.394,0.068,0.122,0.054,0.129,0.073,-0.056,0.105,0.731,0.626,0.086
0.08,0.201,0.121,0.084,0.261,0.177,0.089,0.115,0.026,0.109,0.501,0.392,0.084,0.251,0.167,0.075,0.297,0.222,0.081,0.199,0.118,0.084,0.169,0.085,0.073,0.237,0.164,0.074,0.171,0.097,0.102,0.45,0.348,0.07,0.227,0.157,0.097,0.176,0.079,0.131,0.239,0.108,0.071,0.189,0.118,0.076,0.148,0.072,0.094,2.307,2.213,0.089,0.117,0.028,0.125,0.416,0.291,0.073,0.302,0.229,0.079,0.174,0.095,0.078,0.441,0.363,0.081,0.207,0.126,0.089,0.133,0.044,0.112,0.352,0.24,0.096,0.189,0.093,0.086,0.302,0.216,0.076,0.248,0.172,0.079,0.475,0.396,0.079,0.179,0.1,0.134,0.091,-0.043,0.119,0.706,0.587,0.084
0.096,0.173,0.077,0.113,0.19,0.077,0.078,0.096,0.018,0.12,0.367,0.247,0.084,0.295,0.211,0.073,0.166,0.093,0.091,0.22,0.129,0.078,0.176,0.098,0.078,0.39,0.312,0.068,0.155,0.087,0.089,0.419,0.33,0.065,0.214,0.149,0.102,0.169,0.067,0.154,0.228,0.074,0.087,0.213,0.126,0.07,0.157,0.087,0.077,0.427,0.35,0.07,0.111,0.041,0.126,0.476,0.35,0.094,0.356,0.262,0.079,0.171,0.092,0.073,0.212,0.139,0.076,0.501,0.425,0.078,0.135,0.057,0.11,0.785,0.675,0.075,0.17,0.095,0.081,0.298,0.217,0.073,0.58,0.507,0.073,0.341,0.268,0.075,0.127,0.052,0.126,0.073,-0.053,0.121,0.68,0.559,0.091
0.086,0.176,0.09,0.096,0.161,0.065,0.081,0.106,0.025,0.097,0.357,0.26,0.089,0.318,0.229,0.076,0.168,0.092,0.086,0.295,0.209,0.076,0.158,0.082,0.084,0.266,0.182,0.079,0.161,0.082,0.101,0.408,0.307,0.073,0.153,0.08,0.102,0.189,0.087,0.136,0.218,0.082,0.063,0.192,0.129,0.067,0.155,0.088,0.089,0.349,0.26,0.083,0.127,0.044,0.118,0.398,0.28,0.071,0.243,0.172,0.079,0.2,0.121,0.073,0.225,0.152,0.086,0.178,0.092,0.092,0.117,0.025,0.11,1.815,1.705,0.081,0.171,0.09,0.079,0.413,0.334,0.079,0.171,0.092,0.079,0.406,0.327,0.08,0.142,0.062,0.113,0.068,-0.045,0.095,0.613,0.518,0.065
0.094,0.153,0.059,0.112,0.233,0.121,0.076,0.109,0.033,0.144,0.394,0.25,0.078,0.261,0.183,0.078,0.179,0.101,0.083,0.193,0.11,0.074,0.159,0.085,0.083,0.217,0.134,0.083,0.181,0.098,0.102,0.354,0.252,0.073,0.158,0.085,0.081,0.179,0.098,0.147,0.237,0.09,0.086,0.23,0.144,0.078,0.15,0.072,0.102,1.627,1.525,0.081,0.166,0.085,0.131,0.396,0.265,0.067,0.361,0.294,0.076,0.156,0.08,0.075,0.286,0.211,0.078,0.413,0.335,0.097,0.125,0.028,0.089,0.686,0.597,0.063,0.161,0.098,0.078,0.194,0.116,0.078,0.297,0.219,0.078,0.326,0.248,0.078,0.142,0.064,0.139,0.073,-0.066,0.129,0.608,0.479,0.068
0.099,0.225,0.126,0.125,1.158,1.033,0.076,0.096,0.02,0.118,1.336,1.218,0.094,0.257,0.163,0.075,0.732,0.657,0.073,0.186,0.113,0.086,0.135,0.049,0.092,0.251,0.159,0.078,0.171,0.093,0.094,0.388,0.294,0.07,0.17,0.1,0.116,0.185,0.069,0.151,0.254,0.103,0.097,0.174,0.077,0.071,0.15,0.079,0.089,0.202,0.113,0.079,0.135,0.056,0.121,0.398,0.277,0.095,0.295,0.2,0.087,0.164,0.077,0.083,0.212,0.129,0.078,0.189,0.111,0.102,0.127,0.025,0.092,0.249,0.157,0.096,0.194,0.098,0.084,0.205,0.121,0.08,0.199,0.119,0.081,0.418,0.337,0.079,0.119,0.04,0.121,0.074,-0.047,0.102,0.718,0.616,0.068
0.107,0.158,0.051,0.12,0.396,0.276,0.089,0.124,0.035,0.121,0.386,0.265,0.081,0.227,0.146,0.092,0.159,0.067,0.097,0.236,0.139,0.089,0.15,0.061,0.094,0.222,0.128,0.082,0.213,0.131,0.123,0.627,0.504,0.076,0.349,0.273,0.084,0.132,0.048,0.228,0.372,0.144,0.107,0.146,0.039,0.086,0.22,0.134,0.104,0.498,0.394,0.084,0.138,0.054,0.133,0.347,0.214,0.075,0.248,0.173,0.089,0.215,0.126,0.081,0.48,0.399,0.094,0.485,0.391,0.092,0.153,0.061,0.11,0.381,0.271,0.083,0.189,0.106,0.088,0.245,0.157,0.084,0.455,0.371,0.083,0.433,0.35,0.076,0.161,0.085,0.147,0.076,-0.071,0.118,0.904,0.786,0.089
0.094,0.174,0.08,0.122,0.246,0.124,0.075,0.096,0.021,0.128,0.651,0.523,0.102,0.228,0.126,0.07,0.354,0.284,0.091,0.178,0.087,0.079,0.151,0.072,0.081,0.248,0.167,0.076,0.174,0.098,0.094,0.385,0.291,0.078,0.246,0.168,0.104,0.174,0.07,0.133,1.287,1.154,0.065,0.227,0.162,0.078,0.15,0.072,0.097,0.666,0.569,0.079,0.179,0.1,0.115,0.385,0.27,0.081,0.46,0.379,0.076,0.364,0.288,0.07,0.4,0.33,0.089,0.153,0.064,0.089,0.117,0.028,0.099,0.998,0.899,0.076,0.184,0.108,0.086,0.398,0.312,0.078,0.25,0.172,0.076,0.315,0.239,0.081,0.138,0.057,0.142,0.071,-0.071,0.124,0.664,0.54,0.079
0.067,0.168,0.101,0.088,0.346,0.258,0.086,0.143,0.057,0.133,0.385,0.252,0.113,0.208,0.095,0.083,0.145,0.062,0.115,0.259,0.144,0.084,0.169,0.085,0.078,0.245,0.167,0.076,0.156,0.08,0.102,0.303,0.201,0.083,0.263,0.18,0.089,0.19,0.101,0.138,0.249,0.111,0.093,0.194,0.101,0.081,0.16,0.079,0.097,0.321,0.224,0.079,0.148,0.069,0.131,0.404,0.273,0.091,0.279,0.188,0.089,0.251,0.162,0.078,0.364,0.286,0.084,0.197,0.113,0.089,0.142,0.053,0.087,0.406,0.319,0.084,0.171,0.087,0.081,0.246,0.165,0.065,0.266,0.201,0.084,0.725,0.641,0.08,0.207,0.127,0.137,0.062,-0.075,0.124,0.369,0.245,0.076
0.107,0.173,0.066,0.113,0.167,0.054,0.073,0.098,0.025,0.139,0.373,0.234,0.097,0.264,0.167,0.084,0.153,0.069,0.105,0.728,0.623,0.086,0.22,0.134,0.079,0.264,0.185,0.078,0.469,0.391,0.084,0.563,0.479,0.071,0.547,0.476,0.068,0.183,0.115,0.118,0.335,0.217,0.093,0.173,0.08,0.065,0.158,0.093,0.099,0.864,0.765,0.079,0.145,0.066,0.123,0.37,0.247,0.092,0.205,0.113,0.084,0.207,0.123,0.073,0.279,0.206,0.086,0.565,0.479,0.084,0.14,0.056,0.097,0.246,0.149,0.081,0.192,0.111,0.089,0.336,0.247,0.078,0.238,0.16,0.078,0.449,0.371,0.078,0.148,0.07,0.147,0.065,-0.082,0.121,0.343,0.222,0.07
0.078,0.126,0.048,0.081,0.347,0.266,0.08,0.109,0.029,0.128,0.614,0.486,0.105,0.259,0.154,0.081,0.169,0.088,0.102,0.305,0.203,0.076,0.15,0.074,0.082,0.259,0.177,0.078,0.174,0.096,0.096,0.428,0.332,0.078,0.238,0.16,0.126,0.187,0.061,0.163,0.234,0.071,0.105,0.205,0.1,0.076,0.169,0.093,0.088,0.913,0.825,0.083,0.104,0.021,0.159,0.599,0.44,0.1,0.223,0.123,0.089,0.249,0.16,0.075,0.59,0.515,0.113,0.257,0.144,0.092,0.124,0.032,0.115,0.953,0.838,0.099,0.153,0.054,0.089,0.29,0.201,0.078,0.508,0.43,0.086,0.313,0.227,0.073,0.165,0.092,0.14,0.05,-0.09,0.14,0.707,0.567,0.072
0.117,0.161,0.044,0.138,0.236,0.098,0.078,0.104,0.026,0.136,0.367,0.231,0.11,2.346,2.236,0.079,0.473,0.394,0.091,0.212,0.121,0.1,0.105,0.005,0.102,0.225,0.123,0.086,0.163,0.077,0.102,0.372,0.27,0.076,0.249,0.173,0.114,0.199,0.085,0.152,0.234,0.082,0.1,0.205,0.105,0.071,0.161,0.09,0.089,0.323,0.234,0.081,0.093,0.012,0.158,0.428,0.27,0.11,0.233,0.123,0.084,0.225,0.141,0.076,0.21,0.134,0.091,0.496,0.405,0.102,0.137,0.035,0.113,0.978,0.865,0.081,0.158,0.077,0.084,0.326,0.242,0.076,0.333,0.257,0.076,0.333,0.257,0.076,0.148,0.072,0.143,0.06,-0.083,0.132,0.791,0.659,0.097
0.106,0.186,0.08,0.115,0.221,0.106,0.083,0.143,0.06,0.119,0.565,0.446,0.097,0.251,0.154,0.084,0.246,0.162,0.086,0.271,0.185,0.086,0.156,0.07,0.081,0.233,0.152,0.073,0.137,0.064,0.099,0.596,0.497,0.079,0.568,0.489,0.104,0.246,0.142,0.131,0.236,0.105,0.094,0.226,0.132,0.078,0.155,0.077,0.097,0.792,0.695,0.081,0.13,0.049,0.128,0.3,0.172,0.089,0.277,0.188,0.081,0.238,0.157,0.081,0.223,0.142,0.078,0.158,0.08,0.114,0.166,0.052,0.109,0.833,0.724,0.079,0.207,0.128,0.081,0.205,0.124,0.075,0.238,0.163,0.081,0.333,0.252,0.076,0.161,0.085,0.126,0.062,-0.064,0.127,0.619,0.492,0.072
0.115,0.202,0.087,0.097,0.114,0.017,0.073,0.135,0.062,0.141,1.71,1.569,0.084,0.253,0.169,0.066,0.176,0.11,0.076,0.298,0.222,0.083,0.117,0.034,0.08,0.212,0.132,0.078,0.147,0.069,0.095,0.386,0.291,0.073,0.322,0.249,0.107,0.195,0.088,0.131,0.215,0.084,0.076,0.187,0.111,0.07,0.165,0.095,0.089,0.416,0.327,0.086,0.133,0.047,0.138,0.906,0.768,0.104,0.346,0.242,0.079,0.197,0.118,0.07,0.23,0.16,0.084,0.403,0.319,0.096,0.143,0.047,0.102,1.168,1.066,0.094,0.199,0.105,0.084,0.2,0.116,0.076,0.343,0.267,0.081,0.282,0.201,0.081,0.171,0.09,0.121,0.052,-0.069,0.124,0.626,0.502,0.079
0.106,0.184,0.078,0.099,0.143,0.044,0.08,0.111,0.031,0.115,0.483,0.368,0.084,0.264,0.18,0.081,0.166,0.085,0.079,0.202,0.123,0.081,0.197,0.116,0.08,0.25,0.17,0.081,0.176,0.095,0.1,0.468,0.368,0.078,0.225,0.147,0.113,0.197,0.084,0.134,0.265,0.131,0.068,0.152,0.084,0.071,0.171,0.1,0.105,0.509,0.404,0.089,0.13,0.041,0.139,0.378,0.239,0.107,0.244,0.137,0.081,0.196,0.115,0.045,0.925,0.88,0.097,0.767,0.67,0.065,0.139,0.074,0.097,0.718,0.621,0.081,0.145,0.064,0.091,0.225,0.134,0.076,0.354,0.278,0.086,0.462,0.376,0.079,0.117,0.038,0.127,0.042,-0.085,0.122,1.126,1.004,0.094
0.109,0.168,0.059,0.113,0.138,0.025,0.081,0.127,0.046,0.131,0.43,0.299,0.089,0.258,0.169,0.079,0.156,0.077,0.086,0.277,0.191,0.075,0.147,0.072,0.071,0.22,0.149,0.065,0.142,0.077,0.089,0.648,0.559,0.076,0.158,0.082,0.107,0.205,0.098,0.131,0.239,0.108,0.065,0.191,0.126,0.076,0.171,0.095,0.104,1.106,1.002,0.108,0.125,0.017,0.129,0.335,0.206,0.101,1.611,1.51,0.086,0.174,0.088,0.078,0.408,0.33,0.083,0.14,0.057,0.091,0.132,0.041,0.094,0.57,0.476,0.095,0.164,0.069,0.091,0.207,0.116,0.084,0.277,0.193,0.078,0.431,0.353,0.078,0.109,0.031,0.127,0.065,-0.062,0.108,0.729,0.621,0.097
0.112,0.187,0.075,0.107,0.09,-0.017,0.095,0.237,0.142,0.122,1.694,1.572,0.089,0.264,0.175,0.089,0.207,0.118,0.081,0.289,0.208,0.071,0.019,-0.052,0.218,0.8,0.582,0.12,0.223,0.103,0.138,0.726,0.588,0.075,0.204,0.129,0.102,0.184,0.082,0.136,0.236,0.1,0.089,0.184,0.095,0.084,0.174,0.09,0.12,0.396,0.276,0.089,0.122,0.033,0.138,0.277,0.139,0.113,0.257,0.144,0.094,0.21,0.116,0.075,0.222,0.147,0.084,0.194,0.11,0.108,0.167,0.059,0.106,0.861,0.755,0.087,0.182,0.095,0.094,0.202,0.108,0.091,0.259,0.168,0.101,0.647,0.546,0.076,0.135,0.059,0.116,0.068,-0.048,0.111,0.803,0.692,0.082
0.117,0.135,0.018,0.123,0.391,0.268,0.102,0.138,0.036,0.102,0.334,0.232,0.085,0.248,0.163,0.088,1.026,0.938,0.083,0.194,0.111,0.094,0.156,0.062,0.086,0.215,0.129,0.073,0.175,0.102,0.11,0.891,0.781,0.078,0.459,0.381,0.105,1.934,1.829,0.112,0.416,0.304,0.05,0.299,0.249,0.094,0.161,0.067,0.115,1.249,1.134,0.091,0.109,0.018,0.136,0.46,0.324,0.089,0.238,0.149,0.089,0.166,0.077,0.087,0.218,0.131,0.091,0.578,0.487,0.096,0.377,0.281,0.128,0.368,0.24,0.102,0.274,0.172,0.099,0.205,0.106,0.078,0.222,0.144,0.089,0.421,0.332,0.092,0.159,0.067,0.134,0.065,-0.069,0.108,0.564,0.456,0.089
0.094,0.168,0.074,0.097,0.218,0.121,0.086,0.117,0.031,0.115,0.341,0.226,0.099,0.303,0.204,0.087,0.21,0.123,0.081,0.304,0.223,0.1,0.12,0.02,0.094,0.507,0.413,0.078,0.15,0.072,0.104,0.39,0.286,0.076,0.217,0.141,0.113,0.223,0.11,0.136,0.239,0.103,0.084,0.197,0.113,0.076,0.16,0.084,0.115,0.602,0.487,0.084,0.122,0.038,0.134,0.505,0.371,0.104,0.287,0.183,0.088,0.158,0.07,0.084,0.189,0.105,0.084,0.367,0.283,0.099,0.163,0.064,0.113,0.52,0.407,0.083,0.204,0.121,0.092,0.2,0.108,0.078,0.204,0.126,0.081,0.403,0.322,0.081,0.145,0.064,0.11,0.058,-0.052,0.11,0.708,0.598,0.078
0.104,0.171,0.067,0.107,0.256,0.149,0.081,0.099,0.018,0.131,0.355,0.224,0.099,0.274,0.175,0.086,0.174,0.088,0.086,0.256,0.17,0.086,0.135,0.049,0.078,0.23,0.152,0.076,0.14,0.064,0.11,0.383,0.273,0.073,0.271,0.198,0.105,0.202,0.097,0.141,0.232,0.091,0.086,0.217,0.131,0.084,0.171,0.087,0.123,1.408,1.285,0.092,0.109,0.017,0.139,0.459,0.32,0.104,0.24,0.136,0.102,0.241,0.139,0.081,1.166,1.085,0.12,0.138,0.018,0.107,0.122,0.015,0.131,0.883,0.752,0.086,0.174,0.088,0.096,0.243,0.147,0.081,0.434,0.353,0.084,0.295,0.211,0.083,0.14,0.057,0.123,0.062,-0.061,0.119,0.466,0.347,0.079
0.12,0.179,0.059,0.133,0.198,0.065,0.085,0.132,0.047,0.138,0.434,0.296,0.09,0.3,0.21,0.079,0.284,0.205,0.11,0.267,0.157,0.102,0.136,0.034,0.094,0.199,0.105,0.071,0.14,0.069,0.091,0.486,0.395,0.07,0.225,0.155,0.101,0.199,0.098,0.136,0.236,0.1,0.089,0.21,0.121,0.078,0.171,0.093,0.105,0.336,0.231,0.079,0.137,0.058,0.129,0.422,0.293,0.084,0.254,0.17,0.081,0.418,0.337,0.081,0.236,0.155,0.08,1.358,1.278,0.089,0.148,0.059,0.107,0.274,0.167,0.097,0.221,0.124,0.091,0.232,0.141,0.074,0.223,0.149,0.083,0.441,0.358,0.073,0.163,0.09,0.116,0.069,-0.047,0.11,0.419,0.309,0.083
0.086,0.165,0.079,0.092,0.187,0.095,0.081,0.115,0.034,0.114,0.364,0.25,0.076,0.274,0.198,0.078,0.238,0.16,0.078,0.282,0.204,0.088,0.153,0.065,0.073,0.32,0.247,0.073,0.16,0.087,0.095,0.442,0.347,0.071,0.202,0.131,0.094,0.189,0.095,0.139,0.221,0.082,0.091,0.254,0.163,0.07,0.165,0.095,0.105,0.859,0.754,0.084,0.14,0.056,0.136,0.603,0.467,0.104,0.39,0.286,0.086,0.212,0.126,0.084,0.251,0.167,0.081,0.367,0.286,0.096,0.143,0.047,0.117,0.205,0.088,0.109,0.192,0.083,0.089,0.287,0.198,0.084,0.233,0.149,0.08,0.377,0.297,0.083,0.261,0.178,0.158,0.083,-0.075,0.135,0.48,0.345,0.078
0.115,0.098,-0.017,0.176,0.328,0.152,0.105,0.138,0.033,0.16,0.394,0.234,0.117,0.251,0.134,0.089,0.202,0.113,0.108,0.251,0.143,0.1,0.128,0.028,0.097,0.2,0.103,0.078,0.153,0.075,0.096,0.635,0.539,0.073,0.469,0.396,0.118,0.223,0.105,0.131,0.221,0.09,0.105,0.295,0.19,0.094,0.473,0.379,0.11,0.22,0.11,0.092,0.109,0.017,0.141,0.299,0.158,0.117,0.483,0.366,0.097,0.168,0.071,0.092,0.21,0.118,0.092,0.187,0.095,0.125,0.171,0.046,0.105,0.584,0.479,0.099,0.176,0.077,0.087,0.179,0.092,0.076,0.207,0.131,0.084,0.416,0.332,0.086,0.148,0.062,0.134,0.076,-0.058,0.121,0.783,0.662,0.075
0.11,0.086,-0.024,0.142,0.303,0.161,0.087,0.128,0.041,0.131,0.311,0.18,0.099,0.233,0.134,0.068,0.294,0.226,0.086,0.179,0.093,0.102,0.13,0.028,0.099,0.231,0.132,0.078,0.163,0.085,0.117,0.396,0.279,0.073,0.183,0.11,0.105,0.179,0.074,0.128,0.216,0.088,0.076,0.186,0.11,0.073,0.148,0.075,0.099,0.313,0.214,0.084,0.14,0.056,0.133,0.244,0.111,0.117,0.285,0.168,0.083,0.176,0.093,0.078,0.21,0.132,0.083,0.181,0.098,0.11,0.137,0.027,0.095,0.177,0.082,0.102,0.2,0.098,0.083,0.204,0.121,0.079,0.197,0.118,0.081,0.421,0.34,0.076,0.127,0.051,0.134,0.086,-0.048,0.108,0.731,0.623,0.068
0.12,0.171,0.051,0.123,0.167,0.044,0.067,1.152,1.085,0.115,0.293,0.178,0.101,0.271,0.17,0.089,0.205,0.116,0.097,0.24,0.143,0.095,0.146,0.051,0.081,0.207,0.126,0.073,0.155,0.082,0.105,0.551,0.446,0.081,0.33,0.249,0.105,0.195,0.09,0.152,0.236,0.084,0.1,0.187,0.087,0.078,0.158,0.08,0.11,0.213,0.103,0.089,0.135,0.046,0.141,0.391,0.25,0.104,0.277,0.173,0.078,0.209,0.131,0.076,0.705,0.629,0.112,0.15,0.038,0.094,0.148,0.054,0.105,0.651,0.546,0.086,0.156,0.07,0.089,0.287,0.198,0.07,0.25,0.18,0.084,0.377,0.293,0.084,0.174,0.09,0.142,0.086,-0.056,0.113,0.683,0.57,0.075
0.135,0.153,0.018,0.12,0.172,0.052,0.086,0.138,0.052,0.117,0.426,0.309,0.094,0.243,0.149,0.079,0.328,0.249,0.097,0.226,0.129,0.096,0.153,0.057,0.084,0.2,0.116,0.073,0.152,0.079,0.097,0.383,0.286,0.081,0.233,0.152,0.112,0.184,0.072,0.154,0.221,0.067,0.102,0.207,0.105,0.084,0.153,0.069,0.105,0.277,0.172,0.084,0.12,0.036,0.152,0.324,0.172,0.128,0.306,0.178,0.078,0.178,0.1,0.066,0.225,0.159,0.084,0.488,0.404,0.105,0.133,0.028,0.107,0.266,0.159,0.084,0.202,0.118,0.089,0.195,0.106,0.075,0.243,0.168,0.081,0.416,0.335,0.086,0.147,0.061,0.134,0.073,-0.061,0.124,0.681,0.557,0.075
0.123,0.083,-0.04,0.15,0.348,0.198,0.091,0.114,0.023,0.144,0.845,0.701,0.118,0.2,0.082,0.084,0.227,0.143,0.1,0.239,0.139,0.097,0.11,0.013,0.104,0.217,0.113,0.084,0.161,0.077,0.104,0.717,0.613,0.063,0.223,0.16,0.117,0.217,0.1,0.147,0.214,0.067,0.102,0.184,0.082,0.078,0.163,0.085,0.099,0.37,0.271,0.081,0.109,0.028,0.146,0.419,0.273,0.099,0.295,0.196,0.084,0.21,0.126,0.078,0.225,0.147,0.102,0.271,0.169,0.108,0.146,0.038,0.097,0.63,0.533,0.099,0.22,0.121,0.092,0.236,0.144,0.079,0.276,0.197,0.089,0.38,0.291,0.073,0.161,0.088,0.126,0.065,-0.061,0.121,0.989,0.868,0.086
0.114,0.171,0.057,0.117,0.164,0.047,0.086,0.168,0.082,0.142,0.28,0.138,0.097,0.215,0.118,0.089,0.223,0.134,0.099,0.223,0.124,0.089,0.143,0.054,0.083,0.207,0.124,0.073,0.152,0.079,0.089,0.491,0.402,0.086,0.233,0.147,0.094,0.194,0.1,0.139,0.201,0.062,0.091,0.199,0.108,0.078,0.153,0.075,0.112,0.311,0.199,0.086,0.129,0.043,0.139,0.379,0.24,0.101,0.315,0.214,0.089,0.192,0.103,0.078,0.207,0.129,0.081,0.542,0.461,0.091,0.147,0.056,0.097,0.471,0.374,0.086,0.191,0.105,0.089,0.236,0.147,0.091,0.359,0.268,0.092,0.334,0.242,0.083,0.148,0.065,0.126,0.062,-0.064,0.116,0.379,0.263,0.073
0.117,0.153,0.036,0.128,0.239,0.111,0.084,0.112,0.028,0.149,0.383,0.234,0.105,0.228,0.123,0.081,0.194,0.113,0.102,0.236,0.134,0.094,0.123,0.029,0.091,0.227,0.136,0.078,0.429,0.351,0.101,0.284,0.183,0.065,0.266,0.201,0.11,0.223,0.113,0.123,0.234,0.111,0.089,0.225,0.136,0.089,0.194,0.105,0.112,0.514,0.402,0.089,0.14,0.051,0.139,0.477,0.338,0.083,0.276,0.193,0.089,0.197,0.108,0.083,0.223,0.14,0.088,0.459,0.371,0.099,0.161,0.062,0.126,0.824,0.698,0.104,0.158,0.054,0.073,0.264,0.191,0.078,0.278,0.2,0.079,0.357,0.278,0.068,0.13,0.062,0.131,0.06,-0.071,0.105,0.837,0.732,0.083
0.114,0.15,0.036,0.128,0.311,0.183,0.081,0.112,0.031,0.144,0.465,0.321,0.108,0.244,0.136,0.081,0.179,0.098,0.094,0.287,0.193,0.089,0.109,0.02,0.084,0.228,0.144,0.076,0.168,0.092,0.105,0.442,0.337,0.089,0.259,0.17,0.104,0.202,0.098,0.139,0.224,0.085,0.078,0.178,0.1,0.079,0.153,0.074,0.108,0.628,0.52,0.083,0.184,0.101,0.133,0.354,0.221,0.11,0.334,0.224,0.089,0.264,0.175,0.078,0.305,0.227,0.086,0.351,0.265,0.094,0.148,0.054,0.115,0.45,0.335,0.096,0.241,0.145,0.094,0.22,0.126,0.086,0.271,0.185,0.089,0.383,0.294,0.078,0.148,0.07,0.115,0.052,-0.063,0.113,0.69,0.577,0.099
0.112,0.14,0.028,0.136,0.566,0.43,0.076,0.117,0.041,0.144,0.309,0.165,0.104,0.253,0.149,0.081,0.166,0.085,0.094,0.251,0.157,0.089,0.176,0.087,0.071,0.213,0.142,0.067,0.181,0.114,0.117,0.3,0.183,0.081,0.238,0.157,0.107,0.205,0.098,0.144,0.272,0.128,0.094,0.295,0.201,0.081,0.163,0.082,0.11,0.422,0.312,0.091,0.129,0.038,0.142,0.335,0.193,0.112,0.313,0.201,0.091,0.251,0.16,0.078,0.192,0.114,0.078,0.565,0.487,0.086,0.225,0.139,0.115,0.589,0.474,0.099,0.181,0.082,0.094,0.249,0.155,0.073,0.186,0.113,0.084,0.452,0.368,0.081,0.148,0.067,0.121,0.068,-0.053,0.126,0.657,0.531,0.073
0.109,0.163,0.054,0.102,0.259,0.157,0.076,0.14,0.064,0.136,0.332,0.196,0.091,0.287,0.196,0.075,0.173,0.098,0.089,0.293,0.204,0.083,0.158,0.075,0.075,0.238,0.163,0.07,0.167,0.097,0.108,0.401,0.293,0.076,0.197,0.121,0.107,0.189,0.082,0.144,0.211,0.067,0.084,0.279,0.195,0.081,0.161,0.08,0.107,1.349,1.242,0.083,0.297,0.214,0.118,0.303,0.185,0.094,0.297,0.203,0.071,0.179,0.108,0.07,0.609,0.539,0.091,0.127,0.036,0.073,0.109,0.036,0.104,0.563,0.459,0.084,0.207,0.123,0.086,0.233,0.147,0.057,0.397,0.34,0.086,0.522,0.436,0.081,0.099,0.018,0.139,0.091,-0.048,0.113,2.52,2.407,0.071
0.135,0.47,0.335,0.086,0.122,0.036,0.071,1.467,1.396,0.112,0.295,0.183,0.081,0.269,0.188,0.073,0.155,0.082,0.087,0.272,0.185,0.094,0.145,0.051,0.071,0.194,0.123,0.076,0.143,0.067,0.104,0.287,0.183,0.081,0.266,0.185,0.107,0.195,0.088,0.146,0.211,0.065,0.07,0.214,0.144,0.071,0.143,0.072,0.107,0.362,0.255,0.078,0.117,0.039,0.133,0.29,0.157,0.096,0.3,0.204,0.086,0.235,0.149,0.074,0.362,0.288,0.083,0.207,0.124,0.094,0.187,0.093,0.096,0.403,0.307,0.083,0.212,0.129,0.091,0.212,0.121,0.078,0.21,0.132,0.081,0.418,0.337,0.081,0.146,0.065,0.121,0.057,-0.064,0.113,1.1,0.987,0.081
0.12,0.179,0.059,0.117,0.182,0.065,0.088,0.114,0.026,0.113,0.535,0.422,0.099,0.254,0.155,0.08,0.15,0.07,0.099,0.328,0.229,0.094,0.133,0.039,0.081,0.243,0.162,0.073,0.145,0.072,0.097,0.359,0.262,0.079,0.267,0.188,0.104,0.766,0.662,0.121,0.329,0.208,0.086,0.31,0.224,0.084,0.177,0.093,0.098,0.31,0.212,0.083,0.125,0.042,0.133,0.31,0.177,0.1,0.326,0.226,0.089,0.246,0.157,0.073,0.251,0.178,0.08,0.433,0.353,0.076,0.148,0.072,0.099,1.127,1.028,0.084,0.205,0.121,0.086,0.279,0.193,0.076,0.233,0.157,0.081,0.469,0.388,0.079,0.161,0.082,0.144,0.105,-0.039,0.097,0.854,0.757,0.073
0.125,0.184,0.059,0.167,0.298,0.131,0.084,0.105,0.021,0.13,0.944,0.814,0.094,0.264,0.17,0.081,0.182,0.101,0.083,0.243,0.16,0.086,0.14,0.054,0.081,0.251,0.17,0.078,0.173,0.095,0.118,0.62,0.502,0.081,0.238,0.157,0.12,0.208,0.088,0.146,0.216,0.07,0.086,0.186,0.1,0.081,0.163,0.082,0.113,0.218,0.105,0.094,0.148,0.054,0.139,0.311,0.172,0.11,0.311,0.201,0.081,0.166,0.085,0.073,0.191,0.118,0.076,0.334,0.258,0.096,0.148,0.052,0.107,0.225,0.118,0.097,0.212,0.115,0.084,0.213,0.129,0.075,0.183,0.108,0.081,0.406,0.325,0.083,0.13,0.047,0.123,0.065,-0.058,0.116,0.366,0.25,0.081
0.114,0.138,0.024,0.128,0.169,0.041,0.081,0.119,0.038,0.207,0.369,0.162,0.112,0.308,0.196,0.076,0.302,0.226,0.097,0.287,0.19,0.123,0.099,-0.024,0.111,0.25,0.139,0.083,0.174,0.091,0.114,0.364,0.25,0.079,0.336,0.257,0.091,0.194,0.103,0.141,0.213,0.072,0.079,0.238,0.159,0.076,0.161,0.085,0.096,0.367,0.271,0.081,0.127,0.046,0.133,0.406,0.273,0.079,0.318,0.239,0.084,0.176,0.092,0.071,0.189,0.118,0.081,0.313,0.232,0.094,0.135,0.041,0.102,0.679,0.577,0.089,0.215,0.126,0.075,0.207,0.132,0.065,0.199,0.134,0.07,0.377,0.307,0.078,0.142,0.064,0.113,0.053,-0.06,0.115,0.285,0.17,0.07
0.112,0.194,0.082,0.115,0.202,0.087,0.084,0.12,0.036,0.133,0.37,0.237,0.089,0.28,0.191,0.078,0.184,0.106,0.093,0.258,0.165,0.105,0.133,0.028,0.089,0.228,0.139,0.076,0.158,0.082,0.123,0.365,0.242,0.078,0.24,0.162,0.099,0.197,0.098,0.144,0.221,0.077,0.068,0.215,0.147,0.075,0.14,0.065,0.099,0.189,0.09,0.086,0.145,0.059,0.128,0.27,0.142,0.12,0.311,0.191,0.086,0.186,0.1,0.071,0.192,0.121,0.073,0.425,0.352,0.094,0.154,0.06,0.107,1.119,1.012,0.092,0.233,0.141,0.089,0.189,0.1,0.081,0.212,0.131,0.084,0.437,0.353,0.07,0.14,0.07,0.118,0.068,-0.05,0.1,0.955,0.855,0.068
0.109,0.184,0.075,0.104,0.215,0.111,0.068,0.119,0.051,0.11,0.432,0.322,0.07,0.197,0.127,0.081,0.17,0.089,0.087,0.29,0.203,0.126,0.104,-0.022,0.097,0.242,0.145,0.081,0.15,0.069,0.118,0.347,0.229,0.075,0.189,0.114,0.115,0.197,0.082,0.139,0.211,0.072,0.078,0.232,0.154,0.071,0.151,0.08,0.099,0.246,0.147,0.088,0.137,0.049,0.133,0.288,0.155,0.107,0.303,0.196,0.086,0.179,0.093,0.067,0.173,0.106,0.081,0.539,0.458,0.078,0.13,0.052,0.102,0.792,0.69,0.084,0.189,0.105,0.087,0.238,0.151,0.079,0.202,0.123,0.086,0.47,0.384,0.079,0.127,0.048,0.116,0.063,-0.053,0.116,0.345,0.229,0.081
0.107,0.153,0.046,0.117,0.226,0.109,0.081,0.127,0.046,0.154,0.453,0.299,0.099,0.274,0.175,0.081,0.153,0.072,0.099,0.249,0.15,0.094,0.129,0.035,0.084,0.226,0.142,0.075,0.15,0.075,0.11,0.395,0.285,0.074,0.187,0.113,0.112,0.195,0.083,0.136,0.207,0.071,0.076,0.195,0.119,0.081,0.173,0.092,0.113,0.422,0.309,0.078,0.145,0.067,0.125,0.243,0.118,0.11,0.306,0.196,0.089,0.269,0.18,0.07,0.209,0.139,0.087,0.455,0.368,0.086,0.222,0.136,0.105,0.687,0.582,0.081,0.189,0.108,0.086,0.274,0.188,0.071,0.233,0.162,0.073,0.364,0.291,0.076,0.119,0.043,0.116,0.065,-0.051,0.1,0.701,0.601,0.075
0.112,0.158,0.046,0.117,0.189,0.072,0.082,0.123,0.041,0.133,0.486,0.353,0.099,0.238,0.139,0.083,0.472,0.389,0.097,0.228,0.131,0.118,0.136,0.018,0.078,0.197,0.119,0.073,0.147,0.074,0.102,0.277,0.175,0.076,0.21,0.134,0.107,0.194,0.087,0.152,0.211,0.059,0.076,0.212,0.136,0.073,0.142,0.069,0.1,0.236,0.136,0.079,0.15,0.071,0.129,0.283,0.154,0.11,0.3,0.19,0.084,0.176,0.092,0.076,0.213,0.137,0.075,0.217,0.142,0.115,0.151,0.036,0.102,0.223,0.121,0.112,0.236,0.124,0.086,0.248,0.162,0.078,0.184,0.106,0.081,0.338,0.257,0.081,0.133,0.052,0.141,0.078,-0.063,0.121,0.317,0.196,0.073
0.114,0.132,0.018,0.115,0.213,0.098,0.078,0.112,0.034,0.13,0.965,0.835,0.102,0.151,0.049,0.075,0.151,0.076,0.098,0.245,0.147,0.086,0.138,0.052,0.081,0.204,0.123,0.071,0.145,0.074,0.107,0.236,0.129,0.076,0.299,0.223,0.11,0.188,0.078,0.125,0.192,0.067,0.062,0.201,0.139,0.071,0.143,0.072,0.094,0.336,0.242,0.073,0.106,0.033,0.136,0.288,0.152,0.105,0.308,0.203,0.081,0.169,0.088,0.068,0.196,0.128,0.068,0.393,0.325,0.094,0.158,0.064,0.086,0.292,0.206,0.073,0.204,0.131,0.079,0.2,0.121,0.078,0.197,0.119,0.078,0.402,0.324,0.076,0.13,0.054,0.127,0.055,-0.072,0.105,0.327,0.222,0.065
0.109,0.145,0.036,0.123,0.223,0.1,0.074,0.091,0.017,0.178,0.343,0.165,0.107,0.246,0.139,0.076,0.248,0.172,0.094,0.236,0.142,0.083,0.148,0.065,0.065,0.201,0.136,0.063,0.15,0.087,0.089,0.27,0.181,0.078,0.171,0.093,0.109,0.217,0.108,0.157,0.196,0.039,0.094,0.228,0.134,0.073,0.147,0.074,0.094,0.442,0.348,0.07,0.166,0.096,0.136,0.46,0.324,0.086,0.218,0.132,0.078,0.22,0.142,0.06,0.196,0.136,0.075,0.181,0.106,0.107,0.197,0.09,0.092,0.908,0.816,0.084,0.169,0.085,0.08,0.266,0.186,0.07,0.379,0.309,0.079,0.287,0.208,0.076,0.094,0.018,0.113,0.05,-0.063,0.11,0.329,0.219,0.073
0.112,0.13,0.018,0.122,0.411,0.289,0.076,0.102,0.026,0.112,0.341,0.229,0.089,0.241,0.152,0.075,0.42,0.345,0.084,0.292,0.208,0.094,0.141,0.047,0.078,0.207,0.129,0.067,0.147,0.08,0.105,0.375,0.27,0.065,0.186,0.121,0.099,0.189,0.09,0.152,0.199,0.047,0.078,0.196,0.118,0.065,0.148,0.083,0.099,0.258,0.159,0.079,0.156,0.077,0.134,0.236,0.102,0.118,0.363,0.245,0.096,0.207,0.111,0.079,0.256,0.177,0.089,0.411,0.322,0.094,0.158,0.064,0.099,0.344,0.245,0.089,0.207,0.118,0.091,0.197,0.106,0.079,0.192,0.113,0.086,0.379,0.293,0.081,0.13,0.049,0.132,0.063,-0.069,0.116,0.667,0.551,0.068
0.104,0.181,0.077,0.115,0.357,0.242,0.084,0.102,0.018,0.138,0.357,0.219,0.112,0.264,0.152,0.084,0.166,0.082,0.099,0.28,0.181,0.096,0.124,0.028,0.087,0.228,0.141,0.076,0.148,0.072,0.11,0.285,0.175,0.078,0.233,0.155,0.088,0.356,0.268,0.175,0.229,0.054,0.11,0.275,0.165,0.073,0.163,0.09,0.097,0.63,0.533,0.076,0.124,0.048,0.144,0.281,0.137,0.109,0.372,0.263,0.086,0.227,0.141,0.071,0.452,0.381,0.076,0.153,0.077,0.099,0.128,0.029,0.099,0.313,0.214,0.085,0.215,0.13,0.088,0.204,0.116,0.078,0.199,0.121,0.081,0.442,0.361,0.076,0.099,0.023,0.123,0.065,-0.058,0.103,0.519,0.416,0.082
0.117,0.153,0.036,0.12,0.249,0.129,0.076,0.096,0.02,0.141,0.44,0.299,0.104,0.238,0.134,0.074,0.151,0.077,0.104,0.292,0.188,0.097,0.115,0.018,0.088,0.256,0.168,0.076,0.16,0.084,0.097,0.429,0.332,0.071,0.192,0.121,0.107,0.186,0.079,0.155,0.214,0.059,0.073,0.204,0.131,0.081,0.168,0.087,0.105,0.381,0.276,0.068,0.109,0.041,0.143,0.257,0.114,0.122,0.321,0.199,0.083,0.181,0.098,0.073,0.204,0.131,0.092,0.437,0.345,0.099,0.132,0.033,0.105,0.272,0.167,0.094,0.231,0.137,0.081,0.181,0.1,0.073,0.215,0.142,0.086,0.4,0.314,0.081,0.13,0.049,0.137,0.062,-0.075,0.114,0.418,0.304,0.07
0.122,0.168,0.046,0.123,0.28,0.157,0.092,0.102,0.01,0.149,0.327,0.178,0.112,0.236,0.124,0.091,0.155,0.064,0.094,0.251,0.157,0.102,0.133,0.031,0.097,0.262,0.165,0.078,0.155,0.077,0.115,0.35,0.235,0.072,0.201,0.129,0.113,0.203,0.09,0.167,0.218,0.051,0.092,0.236,0.144,0.078,0.148,0.07,0.122,0.315,0.193,0.074,0.13,0.056,0.152,0.219,0.067,0.133,0.311,0.178,0.086,0.189,0.103,0.078,1.234,1.156,0.09,0.125,0.035,0.087,0.104,0.017,0.108,0.602,0.494,0.12,0.231,0.111,0.097,0.176,0.079,0.084,0.29,0.206,0.083,0.369,0.286,0.084,0.11,0.026,0.131,0.052,-0.079,0.116,0.958,0.842,0.105
0.117,0.13,0.013,0.123,0.291,0.168,0.07,0.088,0.018,0.149,0.44,0.291,0.104,0.318,0.214,0.076,0.202,0.126,0.089,0.248,0.159,0.094,0.112,0.018,0.099,0.223,0.124,0.081,0.145,0.064,0.115,0.352,0.237,0.084,0.405,0.321,0.092,0.264,0.172,0.136,0.234,0.098,0.094,0.233,0.139,0.078,0.15,0.072,0.113,0.267,0.154,0.076,0.104,0.028,0.165,0.25,0.085,0.141,0.362,0.221,0.095,0.182,0.087,0.078,0.351,0.273,0.089,0.271,0.182,0.118,0.136,0.018,0.115,0.2,0.085,0.118,0.251,0.133,0.092,0.203,0.111,0.075,0.183,0.108,0.092,0.414,0.322,0.086,0.15,0.064,0.143,0.068,-0.075,0.127,0.794,0.667,0.076
0.117,0.166,0.049,0.146,0.352,0.206,0.076,0.107,0.031,0.13,0.329,0.199,0.112,0.295,0.183,0.07,0.145,0.075,0.097,0.349,0.252,0.094,0.122,0.028,0.1,0.269,0.169,0.079,0.161,0.082,0.12,0.337,0.217,0.081,0.24,0.159,0.123,0.195,0.072,0.159,0.201,0.042,0.088,0.196,0.108,0.092,0.169,0.077,0.115,0.215,0.1,0.084,0.127,0.043,0.173,0.294,0.121,0.138,0.35,0.212,0.094,0.158,0.064,0.076,0.266,0.19,0.102,0.424,0.322,0.118,0.153,0.035,0.129,0.195,0.066,0.102,0.228,0.126,0.105,0.195,0.09,0.081,0.181,0.1,0.089,0.362,0.273,0.091,0.138,0.047,0.155,0.068,-0.087,0.132,0.848,0.716,0.083
0.109,0.161,0.052,0.117,0.267,0.15,0.083,0.116,0.033,0.118,0.277,0.159,0.102,0.249,0.147,0.084,0.243,0.159,0.097,0.285,0.188,0.109,0.132,0.023,0.09,0.231,0.141,0.081,0.186,0.105,0.134,0.412,0.278,0.081,0.238,0.157,0.107,0.212,0.105,0.16,0.227,0.067,0.086,0.232,0.146,0.082,0.148,0.066,0.131,0.458,0.327,0.084,0.138,0.054,0.162,0.311,0.149,0.11,0.347,0.237,0.088,0.186,0.098,0.073,0.233,0.16,0.084,0.323,0.239,0.115,0.156,0.041,0.094,2.014,1.92,0.091,0.294,0.203,0.084,0.184,0.1,0.092,0.408,0.316,0.079,0.364,0.285,0.081,0.141,0.06,0.145,0.068,-0.077,0.121,0.466,0.345,0.065
0.107,0.166,0.059,0.107,0.23,0.123,0.06,0.102,0.042,0.12,0.326,0.206,0.091,0.253,0.162,0.081,0.262,0.181,0.099,0.323,0.224,0.083,0.171,0.088,0.088,0.315,0.227,0.073,0.263,0.19,0.121,2.329,2.208,0.089,0.356,0.267,0.11,0.195,0.085,0.183,0.265,0.082,0.097,0.205,0.108,0.1,0.182,0.082,0.115,0.532,0.417,0.081,0.112,0.031,0.157,0.311,0.154,0.123,0.362,0.239,0.084,0.169,0.085,0.068,0.22,0.152,0.08,0.407,0.327,0.1,0.148,0.048,0.11,0.159,0.049,0.094,0.22,0.126,0.081,0.219,0.138,0.072,0.244,0.172,0.084,0.351,0.267,0.087,0.146,0.059,0.129,0.06,-0.069,0.121,0.688,0.567,0.075
0.107,0.153,0.046,0.12,0.267,0.147,0.083,0.119,0.036,0.126,0.388,0.262,0.105,0.321,0.216,0.086,0.279,0.193,0.11,0.275,0.165,0.102,0.578,0.476,0.097,0.306,0.209,0.08,0.189,0.109,0.112,0.671,0.559,0.067,0.284,0.217,0.097,0.199,0.102,0.144,0.224,0.08,0.099,0.223,0.124,0.081,0.173,0.092,0.12,0.406,0.286,0.092,0.401,0.309,0.117,0.326,0.209,0.094,0.39,0.296,0.079,0.174,0.095,0.076,0.369,0.293,0.081,0.259,0.178,0.096,0.166,0.07,0.104,0.764,0.66,0.07,0.199,0.129,0.078,0.238,0.16,0.07,0.346,0.276,0.081,0.403,0.322,0.088,0.15,0.062,0.137,0.084,-0.053,0.102,0.785,0.683,0.073
0.12,0.202,0.082,0.113,0.205,0.092,0.078,0.099,0.021,0.131,0.337,0.206,0.112,0.302,0.19,0.079,0.215,0.136,0.097,0.295,0.198,0.097,0.156,0.059,0.081,0.235,0.154,0.078,0.166,0.088,0.12,0.36,0.24,0.081,0.245,0.164,0.11,0.195,0.085,0.157,0.219,0.062,0.086,0.217,0.131,0.076,0.138,0.062,0.115,0.266,0.151,0.086,0.125,0.039,0.173,0.289,0.116,0.125,0.341,0.216,0.092,0.176,0.084,0.076,0.223,0.147,0.084,0.452,0.368,0.094,0.197,0.103,0.112,0.774,0.662,0.084,0.2,0.116,0.08,0.191,0.111,0.084,0.253,0.169,0.092,0.406,0.314,0.089,0.179,0.09,0.131,0.071,-0.06,0.113,0.726,0.613,0.083
0.114,0.148,0.034,0.159,0.34,0.181,0.083,0.132,0.049,0.167,0.474,0.307,0.115,0.248,0.133,0.081,0.153,0.072,0.113,0.293,0.18,0.107,0.179,0.072,0.092,0.344,0.252,0.091,0.473,0.382,0.109,0.284,0.175,0.063,0.243,0.18,0.102,0.174,0.072,0.167,0.216,0.049,0.084,0.205,0.121,0.088,0.155,0.067,0.12,0.332,0.212,0.081,0.132,0.051,0.175,0.332,0.157,0.123,0.316,0.193,0.087,0.197,0.11,0.076,0.204,0.128,0.084,0.867,0.783,0.107,0.143,0.036,0.118,0.617,0.499,0.1,0.215,0.115,0.089,0.228,0.139,0.084,0.225,0.141,0.087,0.437,0.35,0.086,0.142,0.056,0.148,0.076,-0.072,0.119,0.41,0.291,0.075
0.104,0.135,0.031,0.13,0.226,0.096,0.086,0.106,0.02,0.186,0.384,0.198,0.11,0.249,0.139,0.089,0.158,0.069,0.094,0.279,0.185,0.097,0.159,0.062,0.075,0.377,0.302,0.078,0.166,0.088,0.099,0.434,0.335,0.076,0.199,0.123,0.107,0.184,0.077,0.173,0.229,0.056,0.082,0.225,0.143,0.079,0.141,0.062,0.099,0.361,0.262,0.071,0.13,0.059,0.149,0.293,0.144,0.11,0.334,0.224,0.083,0.199,0.116,0.068,0.207,0.139,0.081,0.71,0.629,0.099,0.135,0.036,0.115,0.341,0.226,0.092,0.22,0.128,0.084,0.21,0.126,0.081,0.192,0.111,0.078,0.433,0.355,0.079,0.125,0.046,0.134,0.07,-0.064,0.119,0.892,0.773,0.078
0.114,0.14,0.026,0.146,0.473,0.327,0.087,0.136,0.049,0.125,0.359,0.234,0.097,0.262,0.165,0.086,0.186,0.1,0.107,0.259,0.152,0.094,0.182,0.088,0.089,0.251,0.162,0.081,0.176,0.095,0.125,0.362,0.237,0.073,0.204,0.131,0.118,0.187,0.069,0.176,0.209,0.033,0.089,0.218,0.129,0.075,0.147,0.072,0.11,0.385,0.275,0.079,0.159,0.08,0.141,0.274,0.133,0.118,0.345,0.227,0.089,0.21,0.121,0.078,0.193,0.115,0.084,0.416,0.332,0.089,0.158,0.069,0.102,0.411,0.309,0.123,0.224,0.101,0.096,0.235,0.139,0.087,0.21,0.123,0.089,0.424,0.335,0.08,0.142,0.062,0.163,0.089,-0.074,0.127,0.748,0.621,0.078
0.115,0.171,0.056,0.11,0.205,0.095,0.079,0.104,0.025,0.113,0.318,0.205,0.108,0.293,0.185,0.081,0.192,0.111,0.096,0.261,0.165,0.081,0.156,0.075,0.073,0.212,0.139,0.073,0.158,0.085,0.115,0.418,0.303,0.076,0.207,0.131,0.105,0.182,0.077,0.178,0.214,0.036,0.073,0.207,0.134,0.07,0.15,0.08,0.107,0.37,0.263,0.078,0.104,0.026,0.167,0.267,0.1,0.12,0.411,0.291,0.089,0.293,0.204,0.078,0.351,0.273,0.076,0.454,0.378,0.086,0.161,0.075,0.086,0.604,0.518,0.102,0.189,0.087,0.089,0.208,0.119,0.075,0.196,0.121,0.081,0.416,0.335,0.086,0.13,0.044,0.129,0.07,-0.059,0.135,0.848,0.713,0.068
0.093,0.171,0.078,0.11,0.231,0.121,0.067,0.144,0.077,0.121,0.553,0.432,0.097,0.267,0.17,0.076,0.158,0.082,0.094,0.269,0.175,0.078,0.161,0.083,0.075,0.258,0.183,0.073,0.14,0.067,0.115,0.378,0.263,0.081,0.284,0.203,0.094,0.192,0.098,0.159,0.224,0.065,0.109,0.23,0.121,0.071,0.153,0.082,0.092,1.207,1.115,0.076,0.112,0.036,0.149,0.496,0.347,0.099,0.341,0.242,0.092,0.185,0.093,0.081,0.292,0.211,0.083,0.297,0.214,0.115,0.148,0.033,0.089,0.241,0.152,0.12,0.233,0.113,0.089,0.272,0.183,0.073,0.266,0.193,0.076,0.426,0.35,0.081,0.174,0.093,0.153,0.081,-0.072,0.137,0.642,0.505,0.083
0.117,0.326,0.209,0.112,0.71,0.598,0.081,0.093,0.012,0.113,0.432,0.319,0.105,0.231,0.126,0.068,0.176,0.108,0.091,0.287,0.196,0.081,0.145,0.064,0.078,0.241,0.163,0.062,0.134,0.072,0.105,0.3,0.195,0.082,0.228,0.146,0.105,0.194,0.089,0.176,0.207,0.031,0.083,0.214,0.131,0.071,0.143,0.072,0.104,0.63,0.526,0.073,0.142,0.069,0.134,0.435,0.301,0.086,0.31,0.224,0.076,0.179,0.103,0.068,0.369,0.301,0.078,0.64,0.562,0.086,0.161,0.075,0.101,0.297,0.196,0.089,0.246,0.157,0.081,0.207,0.126,0.076,0.279,0.203,0.084,0.382,0.298,0.074,0.135,0.061,0.127,0.06,-0.067,0.113,0.618,0.505,0.076
0.099,0.173,0.074,0.113,0.311,0.198,0.081,0.106,0.025,0.126,0.278,0.152,0.104,0.287,0.183,0.084,0.4,0.316,0.094,0.285,0.191,0.091,0.122,0.031,0.089,0.249,0.16,0.07,0.16,0.09,0.107,0.359,0.252,0.068,0.231,0.163,0.096,0.179,0.083,0.154,0.215,0.061,0.082,0.218,0.136,0.068,0.142,0.074,0.084,0.382,0.298,0.076,0.143,0.067,0.138,0.414,0.276,0.089,0.54,0.451,0.083,0.155,0.072,0.068,0.233,0.165,0.076,0.634,0.558,0.102,0.144,0.042,0.101,0.707,0.606,0.102,0.197,0.095,0.083,0.232,0.149,0.074,0.272,0.198,0.081,0.421,0.34,0.083,0.14,0.057,0.129,0.068,-0.061,0.131,1.136,1.005,0.086
0.104,0.137,0.033,0.128,0.247,0.119,0.068,0.106,0.038,0.134,0.365,0.231,0.097,0.2,0.103,0.073,0.194,0.121,0.096,0.277,0.181,0.075,0.137,0.062,0.078,0.225,0.147,0.06,0.132,0.072,0.094,0.303,0.209,0.075,0.294,0.219,0.115,0.188,0.073,0.156,0.218,0.062,0.091,0.197,0.106,0.073,0.147,0.074,0.097,0.344,0.247,0.065,0.13,0.065,0.141,0.386,0.245,0.08,0.284,0.204,0.081,0.235,0.154,0.076,0.23,0.154,0.082,0.213,0.131,0.104,0.122,0.018,0.11,0.323,0.213,0.102,0.192,0.09,0.084,0.231,0.147,0.075,0.207,0.132,0.086,0.374,0.288,0.086,0.125,0.039,0.142,0.078,-0.064,0.119,0.472,0.353,0.073
0.094,0.189,0.095,0.117,0.302,0.185,0.079,0.133,0.054,0.138,0.272,0.134,0.11,0.254,0.144,0.076,0.29,0.214,0.106,0.261,0.155,0.097,0.12,0.023,0.089,0.22,0.131,0.081,0.161,0.08,0.114,0.931,0.817,0.078,0.205,0.127,0.112,0.238,0.126,0.141,0.301,0.16,0.104,0.264,0.16,0.078,0.158,0.08,0.083,0.179,0.096,0.088,0.122,0.034,0.146,0.262,0.116,0.115,0.27,0.155,0.086,0.186,0.1,0.068,0.212,0.144,0.084,0.454,0.37,0.105,0.141,0.036,0.096,0.867,0.771,0.102,0.189,0.087,0.089,0.228,0.139,0.076,0.271,0.195,0.081,0.375,0.294,0.081,0.163,0.082,0.129,0.076,-0.053,0.108,0.465,0.357,0.074
0.091,0.14,0.049,0.133,0.218,0.085,0.076,0.101,0.025,0.147,0.371,0.224,0.099,0.225,0.126,0.078,0.169,0.091,0.096,0.217,0.121,0.086,0.166,0.08,0.073,0.246,0.173,0.068,0.181,0.113,0.099,0.99,0.891,0.073,0.225,0.152,0.097,0.19,0.093,0.151,0.193,0.042,0.093,0.248,0.155,0.068,0.179,0.111,0.109,0.436,0.327,0.073,0.156,0.083,0.128,0.259,0.131,0.107,0.385,0.278,0.084,0.197,0.113,0.084,0.233,0.149,0.083,0.256,0.173,0.12,0.182,0.062,0.094,0.393,0.299,0.091,0.202,0.111,0.084,0.212,0.128,0.078,0.217,0.139,0.084,0.418,0.334,0.074,0.143,0.069,0.132,0.068,-0.064,0.108,0.621,0.513,0.073
0.08,0.245,0.165,0.118,0.354,0.236,0.084,0.115,0.031,0.102,0.31,0.208,0.092,0.236,0.144,0.081,0.243,0.162,0.092,0.246,0.154,0.086,0.169,0.083,0.08,0.25,0.17,0.06,0.145,0.085,0.1,0.295,0.195,0.068,0.223,0.155,0.096,0.184,0.088,0.161,0.195,0.034,0.086,0.194,0.108,0.079,0.158,0.079,0.097,0.298,0.201,0.076,0.14,0.064,0.141,0.285,0.144,0.105,0.287,0.182,0.094,0.21,0.116,0.073,0.217,0.144,0.081,0.187,0.106,0.128,0.148,0.02,0.102,0.221,0.119,0.115,0.231,0.116,0.096,0.209,0.113,0.084,0.213,0.129,0.088,0.477,0.389,0.087,0.143,0.056,0.126,0.068,-0.058,0.121,0.788,0.667,0.078
0.107,0.153,0.046,0.136,0.182,0.046,0.078,0.138,0.06,0.133,0.339,0.206,0.099,0.223,0.124,0.075,0.181,0.106,0.094,0.248,0.154,0.086,0.156,0.07,0.075,0.222,0.147,0.06,0.14,0.08,0.104,0.292,0.188,0.079,0.197,0.118,0.12,0.185,0.065,0.162,0.19,0.028,0.091,0.218,0.127,0.062,0.132,0.07,0.096,0.292,0.196,0.081,0.158,0.077,0.146,1.174,1.028,0.076,0.295,0.219,0.083,0.233,0.15,0.062,0.194,0.132,0.08,0.423,0.343,0.099,0.15,0.051,0.108,0.283,0.175,0.102,0.194,0.092,0.089,0.285,0.196,0.073,0.243,0.17,0.075,0.351,0.276,0.073,0.14,0.067,0.139,0.065,-0.074,0.103,0.422,0.319,0.079
0.112,0.08,-0.032,0.145,0.41,0.265,0.073,0.091,0.018,0.17,0.376,0.206,0.097,0.279,0.182,0.076,0.22,0.144,0.078,0.241,0.163,0.102,0.132,0.03,0.089,0.205,0.116,0.071,0.142,0.071,0.1,0.288,0.188,0.075,0.315,0.24,0.086,0.215,0.129,0.133,1.189,1.056,0.074,0.266,0.192,0.076,0.146,0.07,0.096,1.472,1.376,0.078,0.228,0.15,0.13,0.308,0.178,0.118,0.388,0.27,0.085,0.259,0.174,0.073,0.338,0.265,0.091,0.145,0.054,0.099,0.122,0.023,0.113,0.94,0.827,0.086,0.215,0.129,0.094,0.217,0.123,0.079,0.251,0.172,0.089,0.362,0.273,0.084,0.132,0.048,0.145,0.074,-0.071,0.124,0.425,0.301,0.07
0.114,0.158,0.044,0.136,0.2,0.064,0.071,0.117,0.046,0.139,0.339,0.2,0.1,0.288,0.188,0.08,0.189,0.109,0.099,0.23,0.131,0.094,0.166,0.072,0.081,0.282,0.201,0.076,0.143,0.067,0.096,0.312,0.216,0.066,0.2,0.134,0.104,0.199,0.095,0.139,0.213,0.074,0.089,0.205,0.116,0.07,0.145,0.075,0.091,0.272,0.181,0.073,0.124,0.051,0.141,0.285,0.144,0.105,0.283,0.178,0.086,0.214,0.128,0.074,0.241,0.167,0.083,0.354,0.271,0.107,0.13,0.023,0.089,0.194,0.105,0.092,0.202,0.11,0.081,0.215,0.134,0.071,0.207,0.136,0.081,0.377,0.296,0.078,0.148,0.07,0.134,0.057,-0.077,0.124,0.688,0.564,0.063
0.127,0.205,0.078,0.109,0.47,0.361,0.073,0.119,0.046,0.123,0.29,0.167,0.097,0.251,0.154,0.079,0.215,0.136,0.092,0.223,0.131,0.089,0.148,0.059,0.075,0.22,0.145,0.054,0.147,0.093,0.097,0.725,0.628,0.073,0.282,0.209,0.096,0.197,0.101,0.128,0.2,0.072,0.081,0.202,0.121,0.068,0.134,0.066,0.097,0.422,0.325,0.065,0.299,0.234,0.123,0.288,0.165,0.105,0.243,0.138,0.089,0.19,0.101,0.062,0.242,0.18,0.076,0.372,0.296,0.084,0.128,0.044,0.107,0.243,0.136,0.097,0.171,0.074,0.079,0.223,0.144,0.075,0.243,0.168,0.081,0.366,0.285,0.079,0.131,0.052,0.131,0.065,-0.066,0.116,0.999,0.883,0.063
0.114,0.148,0.034,0.123,0.194,0.071,0.074,0.102,0.028,0.112,1.272,1.16,0.08,0.315,0.235,0.07,0.243,0.173,0.083,0.209,0.126,0.097,0.136,0.039,0.083,0.261,0.178,0.073,0.147,0.074,0.102,0.414,0.312,0.068,0.23,0.162,0.105,0.171,0.066,0.149,0.211,0.062,0.097,0.295,0.198,0.06,0.148,0.088,0.086,0.34,0.254,0.074,0.104,0.03,0.147,0.227,0.08,0.125,0.38,0.255,0.086,0.336,0.25,0.081,0.32,0.239,0.084,0.434,0.35,0.11,0.149,0.039,0.083,0.181,0.098,0.102,0.222,0.12,0.079,0.233,0.154,0.081,0.202,0.121,0.078,0.367,0.289,0.073,0.125,0.052,0.144,0.062,-0.082,0.129,0.488,0.359,0.072
0.115,0.158,0.043,0.121,0.458,0.337,0.083,0.12,0.037,0.106,0.462,0.356,0.081,0.24,0.159,0.079,0.148,0.069,0.084,0.272,0.188,0.083,0.168,0.085,0.073,0.22,0.147,0.076,0.153,0.077,0.107,0.645,0.538,0.084,0.262,0.178,0.093,0.196,0.103,0.129,0.211,0.082,0.088,0.228,0.14,0.075,0.15,0.075,0.089,0.436,0.347,0.079,0.104,0.025,0.142,0.306,0.164,0.102,0.295,0.193,0.089,0.262,0.173,0.07,0.608,0.538,0.099,0.141,0.042,0.088,0.111,0.023,0.121,0.705,0.584,0.068,0.176,0.108,0.081,0.246,0.165,0.081,0.346,0.265,0.086,0.339,0.253,0.076,0.15,0.074,0.135,0.044,-0.091,0.132,0.784,0.652,0.084
0.112,0.163,0.051,0.126,0.203,0.077,0.078,0.109,0.031,0.139,0.389,0.25,0.093,0.225,0.132,0.081,0.163,0.082,0.089,0.269,0.18,0.079,0.161,0.082,0.073,0.289,0.216,0.073,0.155,0.082,0.108,0.352,0.244,0.079,0.264,0.185,0.102,0.197,0.095,0.139,0.208,0.069,0.097,0.207,0.11,0.076,0.148,0.072,0.094,0.277,0.183,0.078,0.132,0.054,0.146,0.288,0.142,0.115,0.313,0.198,0.097,0.256,0.159,0.081,0.342,0.261,0.091,0.196,0.105,0.11,0.144,0.034,0.088,0.385,0.297,0.08,0.168,0.088,0.081,0.264,0.183,0.07,0.243,0.173,0.078,0.462,0.384,0.07,0.171,0.101,0.139,0.078,-0.061,0.108,0.662,0.554,0.073
0.101,0.15,0.049,0.118,0.285,0.167,0.071,0.089,0.018,0.128,0.334,0.206,0.115,0.262,0.147,0.085,0.183,0.098,0.102,0.301,0.199,0.081,0.15,0.069,0.076,0.222,0.146,0.073,0.138,0.065,0.117,0.359,0.242,0.073,0.184,0.111,0.113,0.205,0.092,0.146,0.213,0.067,0.084,0.21,0.126,0.073,0.151,0.078,0.103,0.446,0.343,0.076,0.125,0.049,0.151,0.352,0.201,0.097,0.323,0.226,0.082,0.223,0.141,0.07,0.326,0.256,0.091,0.191,0.1,0.1,0.135,0.035,0.1,0.478,0.378,0.071,0.169,0.098,0.075,0.207,0.132,0.075,0.253,0.178,0.078,0.392,0.314,0.081,0.153,0.072,0.161,0.084,-0.077,0.124,0.307,0.183,0.065
0.112,0.184,0.072,0.115,0.146,0.031,0.078,0.124,0.046,0.126,0.399,0.273,0.096,0.248,0.152,0.081,0.218,0.137,0.094,0.23,0.136,0.086,0.176,0.09,0.068,0.207,0.139,0.084,0.169,0.085,0.114,0.382,0.268,0.079,0.179,0.1,0.099,0.194,0.095,0.157,0.291,0.134,0.099,0.146,0.047,0.081,0.156,0.075,0.112,0.537,0.425,0.088,0.127,0.039,0.139,0.373,0.234,0.091,0.341,0.25,0.078,0.241,0.163,0.067,0.222,0.155,0.081,0.704,0.623,0.099,0.123,0.024,0.104,0.694,0.59,0.091,0.189,0.098,0.084,0.223,0.139,0.078,0.274,0.196,0.078,0.323,0.245,0.078,0.166,0.088,0.144,0.078,-0.066,0.111,0.605,0.494,0.06
0.125,0.308,0.183,0.112,0.336,0.224,0.068,0.104,0.036,0.112,0.38,0.268,0.092,0.236,0.144,0.076,0.232,0.156,0.092,0.218,0.126,0.086,0.14,0.054,0.078,0.233,0.155,0.065,0.588,0.523,0.117,0.852,0.735,0.07,0.351,0.281,0.102,0.161,0.059,0.146,0.386,0.24,0.096,0.153,0.057,0.065,0.158,0.093,0.104,0.988,0.884,0.081,0.133,0.052,0.138,0.398,0.26,0.094,0.359,0.265,0.081,0.174,0.093,0.073,0.305,0.232,0.078,0.338,0.26,0.102,0.122,0.02,0.092,0.288,0.196,0.112,0.21,0.098,0.091,0.233,0.142,0.078,0.248,0.17,0.084,0.473,0.389,0.07,0.111,0.041,0.142,0.068,-0.074,0.113,0.554,0.441,0.07
0.109,0.155,0.046,0.123,0.27,0.147,0.076,0.13,0.054,0.13,0.367,0.237,0.089,0.246,0.157,0.081,0.228,0.147,0.101,0.261,0.16,0.087,0.166,0.079,0.076,0.233,0.157,0.073,0.163,0.09,0.115,0.623,0.508,0.065,0.206,0.141,0.118,0.203,0.085,0.141,0.216,0.075,0.083,0.196,0.113,0.068,0.151,0.083,0.091,0.305,0.214,0.067,0.134,0.067,0.136,0.239,0.103,0.11,0.349,0.239,0.084,0.181,0.097,0.066,0.527,0.461,0.092,0.241,0.149,0.112,0.13,0.018,0.092,0.233,0.141,0.094,0.22,0.126,0.081,0.194,0.113,0.079,0.248,0.169,0.084,0.46,0.376,0.078,0.163,0.085,0.127,0.055,-0.072,0.116,0.611,0.495,0.07
0.114,0.153,0.039,0.117,0.339,0.222,0.073,0.094,0.021,0.123,0.341,0.218,0.102,0.246,0.144,0.081,0.205,0.124,0.083,0.253,0.17,0.078,0.182,0.104,0.07,0.327,0.257,0.071,0.153,0.082,0.105,0.326,0.221,0.073,0.246,0.173,0.115,0.213,0.098,0.146,0.233,0.087,0.073,0.226,0.153,0.07,0.147,0.077,0.094,0.424,0.33,0.068,0.124,0.056,0.144,0.262,0.118,0.102,0.3,0.198,0.076,0.184,0.108,0.073,0.318,0.245,0.075,0.403,0.328,0.088,0.127,0.039,0.086,0.284,0.198,0.084,0.192,0.108,0.084,0.21,0.126,0.073,0.23,0.157,0.076,0.421,0.345,0.07,0.145,0.075,0.12,0.073,-0.047,0.102,0.295,0.193,0.076
0.106,0.175,0.069,0.107,0.2,0.093,0.068,0.104,0.036,0.112,0.31,0.198,0.084,0.241,0.157,0.076,0.215,0.139,0.083,0.261,0.178,0.081,0.179,0.098,0.063,0.222,0.159,0.076,0.171,0.095,0.115,0.311,0.196,0.078,0.181,0.103,0.104,0.192,0.088,0.165,0.218,0.053,0.094,0.208,0.114,0.073,0.155,0.082,0.105,0.264,0.159,0.068,0.151,0.083,0.162,0.401,0.239,0.105,0.321,0.216,0.081,0.189,0.108,0.065,0.245,0.18,0.079,0.426,0.347,0.102,0.141,0.039,0.086,0.147,0.061,0.081,0.185,0.104,0.075,0.217,0.142,0.073,0.196,0.123,0.079,0.393,0.314,0.076,0.135,0.059,0.128,0.073,-0.055,0.095,0.883,0.788,0.07
0.114,0.166,0.052,0.11,0.2,0.09,0.078,0.127,0.049,0.117,0.36,0.243,0.088,0.243,0.155,0.075,0.212,0.137,0.091,0.197,0.106,0.086,0.156,0.07,0.075,0.214,0.139,0.068,0.149,0.081,0.103,0.389,0.286,0.065,0.207,0.142,0.104,0.197,0.093,0.141,0.203,0.062,0.078,0.194,0.116,0.068,0.142,0.074,0.089,0.347,0.258,0.073,0.15,0.077,0.144,0.301,0.157,0.097,0.292,0.195,0.081,0.205,0.124,0.073,0.227,0.154,0.081,0.46,0.379,0.091,0.161,0.07,0.099,0.256,0.157,0.107,0.225,0.118,0.073,0.2,0.127,0.07,0.209,0.139,0.086,0.39,0.304,0.078,0.171,0.093,0.129,0.076,-0.053,0.092,0.458,0.366,0.06
0.114,0.158,0.044,0.118,0.298,0.18,0.073,0.137,0.064,0.134,0.587,0.453,0.102,0.295,0.193,0.075,0.655,0.58,0.086,0.225,0.139,0.092,0.133,0.041,0.083,0.241,0.158,0.075,0.15,0.075,0.11,0.277,0.167,0.078,0.238,0.16,0.117,0.949,0.832,0.113,0.252,0.139,0.078,0.266,0.188,0.052,0.135,0.083,0.099,0.32,0.221,0.076,0.14,0.064,0.136,0.332,0.196,0.081,0.287,0.206,0.081,0.199,0.118,0.076,0.333,0.257,0.087,0.205,0.118,0.097,0.114,0.017,0.102,0.275,0.173,0.099,0.215,0.116,0.083,0.186,0.103,0.076,0.225,0.149,0.084,0.419,0.335,0.086,0.15,0.064,0.119,0.05,-0.069,0.113,0.386,0.273,0.068
0.104,0.168,0.064,0.11,0.228,0.118,0.066,0.125,0.059,0.13,0.321,0.191,0.089,0.251,0.162,0.076,0.186,0.11,0.092,0.269,0.177,0.094,0.133,0.039,0.076,0.228,0.152,0.073,0.147,0.074,0.11,0.285,0.175,0.076,0.189,0.113,0.11,0.195,0.085,0.141,0.207,0.066,0.066,0.189,0.123,0.068,0.145,0.077,0.097,0.329,0.232,0.068,0.135,0.067,0.125,0.303,0.178,0.091,0.302,0.211,0.084,0.187,0.103,0.068,0.209,0.141,0.073,0.436,0.363,0.097,0.143,0.046,0.091,0.2,0.109,0.091,0.215,0.124,0.078,0.212,0.134,0.08,0.199,0.119,0.086,0.449,0.363,0.076,0.125,0.049,0.097,0.047,-0.05,0.095,0.331,0.236,0.068
0.104,0.161,0.057,0.107,0.189,0.082,0.078,0.125,0.047,0.115,0.457,0.342,0.089,0.236,0.147,0.075,0.294,0.219,0.081,0.21,0.129,0.118,0.122,0.004,0.087,0.21,0.123,0.079,0.156,0.077,0.11,0.318,0.208,0.071,0.22,0.149,0.097,0.197,0.1,0.141,0.221,0.08,0.073,0.222,0.149,0.076,0.158,0.082,0.097,0.231,0.134,0.07,0.132,0.062,0.133,0.21,0.077,0.123,0.277,0.154,0.092,0.226,0.134,0.078,0.204,0.126,0.081,0.308,0.227,0.105,0.151,0.046,0.088,0.256,0.168,0.083,0.186,0.103,0.081,0.187,0.106,0.065,0.176,0.111,0.073,0.531,0.458,0.071,0.117,0.046,0.139,0.086,-0.053,0.108,0.312,0.204,0.067
