0.062,0.111,0.049,0.091,0.348,0.257,0.076,0.541,0.465,0.07,0.224,0.154,0.081,0.323,0.242,0.078,0.14,0.062,0.091,1.238,1.147,0.128,0.184,0.056,0.081,1.66,1.579,0.075,0.314,0.239,0.076,1.526,1.45,0.079,0.148,0.069,0.123,0.809,0.686,0.07,0.425,0.355,0.071,0.51,0.439,0.097,0.122,0.025,0.086,1.274,1.188,0.076,0.168,0.092,0.073,2.295,2.222,0.102,0.117,0.015,0.089,0.387,0.298,0.09,0.094,0.004,0.065,0.101,0.036,0.083,0.732,0.649,0.075
0.088,0.386,0.298,0.11,0.535,0.425,0.085,0.432,0.347,0.065,0.207,0.142,0.08,0.201,0.121,0.104,0.233,0.129,0.136,1.185,1.049,0.099,0.454,0.355,0.08,0.384,0.304,0.101,0.263,0.162,0.079,0.315,0.236,0.076,0.145,0.069,0.135,0.464,0.329,0.089,0.205,0.116,0.081,0.664,0.583,0.094,0.2,0.106,0.127,0.67,0.543,0.104,0.186,0.082,0.094,0.475,0.381,0.089,0.438,0.349,0.081,0.258,0.177,0.115,0.223,0.108,0.102,0.085,-0.017,0.14,1.4,1.26,0.099
0.085,0.271,0.186,0.078,0.453,0.375,0.068,0.472,0.404,0.073,0.278,0.205,0.07,0.155,0.085,0.086,0.192,0.106,0.125,1.29,1.165,0.112,0.13,0.018,0.075,0.283,0.208,0.079,0.307,0.228,0.081,0.516,0.435,0.078,0.145,0.067,0.135,0.362,0.227,0.099,0.232,0.133,0.094,0.585,0.491,0.089,0.168,0.079,0.102,0.701,0.599,0.094,0.174,0.08,0.078,0.412,0.334,0.073,0.626,0.553,0.078,0.399,0.321,0.123,0.2,0.077,0.105,0.076,-0.029,0.128,0.684,0.556,0.065
0.093,0.667,0.574,0.107,0.418,0.311,0.073,0.412,0.339,0.073,0.191,0.118,0.078,0.202,0.124,0.096,0.217,0.121,0.133,1.622,1.489,0.107,1.704,1.597,0.107,0.451,0.344,0.097,0.282,0.185,0.086,0.443,0.357,0.094,0.122,0.028,0.162,1.16,0.998,0.094,0.137,0.043,0.084,0.781,0.697,0.088,0.106,0.018,0.123,0.773,0.65,0.115,0.159,0.044,0.109,0.513,0.404,0.089,0.451,0.362,0.102,0.241,0.139,0.136,0.212,0.076,0.108,0.058,-0.05,0.144,1.05,0.906,0.08
0.091,0.217,0.126,0.104,1.007,0.903,0.13,0.212,0.082,0.089,0.24,0.151,0.086,0.436,0.35,0.094,0.161,0.067,0.117,1.923,1.806,0.114,0.351,0.237,0.094,0.253,0.159,0.086,0.235,0.149,0.089,0.361,0.272,0.094,0.07,-0.024,0.137,0.427,0.29,0.107,0.207,0.1,0.1,0.424,0.324,0.099,0.137,0.038,0.131,0.889,0.758,0.105,0.184,0.079,0.097,0.402,0.305,0.081,0.549,0.468,0.099,0.434,0.335,0.117,0.166,0.049,0.117,0.086,-0.031,0.123,0.66,0.537,0.076
0.07,0.376,0.306,0.096,0.577,0.481,0.084,0.395,0.311,0.078,0.186,0.108,0.057,1.299,1.242,0.094,0.166,0.072,0.112,1.246,1.134,0.107,0.333,0.226,0.068,0.256,0.188,0.093,0.309,0.216,0.068,0.341,0.273,0.073,0.083,0.01,0.123,0.521,0.398,0.099,0.136,0.037,0.093,0.566,0.473,0.097,0.179,0.082,0.117,0.796,0.679,0.11,0.2,0.09,0.078,0.451,0.373,0.078,0.456,0.378,0.093,0.412,0.319,0.113,0.161,0.048,0.071,0.037,-0.034,0.136,0.807,0.671,0.073
0.067,0.227,0.16,0.093,0.479,0.386,0.078,0.459,0.381,0.073,0.199,0.126,0.081,0.181,0.1,0.094,0.15,0.056,0.11,0.925,0.815,0.13,0.403,0.273,0.078,0.443,0.365,0.102,0.12,0.018,0.073,0.358,0.285,0.078,0.096,0.018,0.131,0.545,0.414,0.093,0.129,0.036,0.084,0.539,0.455,0.094,0.192,0.098,0.112,0.785,0.673,0.094,0.189,0.095,0.081,0.526,0.445,0.078,0.397,0.319,0.091,0.333,0.242,0.112,0.197,0.085,0.047,0.015,-0.032,0.165,0.836,0.671,0.076
0.067,0.265,0.198,0.081,0.608,0.527,0.102,0.256,0.154,0.089,0.271,0.182,0.099,0.292,0.193,0.094,0.142,0.048,0.094,1.869,1.775,0.136,0.154,0.018,0.08,0.466,0.386,0.097,0.243,0.146,0.083,0.737,0.654,0.101,0.073,-0.028,0.141,0.354,0.213,0.113,0.164,0.051,0.096,0.534,0.438,0.106,0.189,0.083,0.138,0.675,0.537,0.107,0.177,0.07,0.109,1.032,0.923,0.092,0.256,0.164,0.081,0.348,0.267,0.12,0.2,0.08,0.084,0.036,-0.048,0.142,0.8,0.658,0.078
0.093,0.147,0.054,0.131,0.46,0.329,0.088,0.348,0.26,0.084,0.33,0.246,0.099,0.161,0.062,0.102,0.148,0.046,0.117,0.799,0.682,0.136,0.259,0.123,0.102,0.41,0.308,0.094,0.23,0.136,0.084,0.376,0.292,0.081,0.097,0.016,0.14,0.48,0.34,0.099,0.166,0.067,0.094,0.462,0.368,0.086,0.165,0.079,0.112,0.886,0.774,0.089,0.212,0.123,0.097,0.465,0.368,0.072,0.384,0.312,0.099,0.248,0.149,0.117,0.233,0.116,0.081,0.047,-0.034,0.142,0.833,0.691,0.068
0.083,0.312,0.229,0.094,0.5,0.406,0.088,0.296,0.208,0.084,0.249,0.165,0.096,0.253,0.157,0.086,0.155,0.069,0.123,2.17,2.047,0.123,0.516,0.393,0.096,0.526,0.43,0.091,0.145,0.054,0.094,0.42,0.326,0.086,0.107,0.021,0.143,0.537,0.394,0.102,0.215,0.113,0.107,0.497,0.39,0.097,0.184,0.087,0.128,1.079,0.951,0.102,0.218,0.116,0.089,0.32,0.231,0.086,1.94,1.854,0.118,0.357,0.239,0.112,0.191,0.079,0.087,0.026,-0.061,0.158,3.134,2.976,0.101
0.062,0.394,0.332,0.096,0.482,0.386,0.078,0.235,0.157,0.083,0.24,0.157,0.091,0.281,0.19,0.107,0.146,0.039,0.122,1.092,0.97,0.154,0.411,0.257,0.081,0.294,0.213,0.1,0.205,0.105,0.076,0.271,0.195,0.078,0.099,0.021,0.141,0.421,0.28,0.088,0.181,0.093,0.073,0.356,0.283,0.096,0.15,0.054,0.104,0.472,0.368,0.081,0.163,0.082,0.081,0.469,0.388,0.078,0.418,0.34,0.088,0.301,0.213,0.11,0.19,0.08,0.099,0.067,-0.032,0.113,0.635,0.522,0.073
0.072,0.466,0.394,0.083,0.436,0.353,0.075,0.265,0.19,0.068,0.263,0.195,0.081,0.14,0.059,0.092,0.168,0.076,0.107,0.539,0.432,0.105,1.201,1.096,0.078,0.443,0.365,0.088,0.219,0.131,0.071,0.259,0.188,0.08,0.129,0.049,0.146,0.341,0.195,0.113,0.192,0.079,0.084,0.508,0.424,0.097,0.14,0.043,0.115,0.341,0.226,0.102,0.241,0.139,0.083,0.276,0.193,0.091,0.472,0.381,0.109,0.235,0.126,0.128,0.2,0.072,0.102,0.057,-0.045,0.15,0.71,0.56,0.086
0.096,0.224,0.128,0.092,0.465,0.373,0.08,0.286,0.206,0.078,0.366,0.288,0.081,0.142,0.061,0.073,0.312,0.239,0.16,1.291,1.131,0.105,0.305,0.2,0.076,0.289,0.213,0.096,0.23,0.134,0.076,0.31,0.234,0.081,0.114,0.033,0.128,0.488,0.36,0.083,0.232,0.149,0.078,0.405,0.327,0.094,0.158,0.064,0.114,0.902,0.788,0.091,0.152,0.061,0.086,0.416,0.33,0.086,0.554,0.468,0.078,0.736,0.658,0.118,0.146,0.028,0.12,0.083,-0.037,0.134,0.815,0.681,0.078
0.073,0.453,0.38,0.081,0.498,0.417,0.078,0.342,0.264,0.081,0.351,0.27,0.078,1.074,0.996,0.104,0.387,0.283,0.156,1.023,0.867,0.112,0.693,0.581,0.063,0.225,0.162,0.081,0.253,0.172,0.073,0.302,0.229,0.08,0.103,0.023,0.131,0.308,0.177,0.099,0.243,0.144,0.081,0.536,0.455,0.102,0.15,0.048,0.084,1.416,1.332,0.112,0.274,0.162,0.079,0.266,0.187,0.081,0.619,0.538,0.104,0.415,0.311,0.112,0.171,0.059,0.079,0.034,-0.045,0.129,1.312,1.183,0.088
0.075,0.293,0.218,0.084,0.449,0.365,0.081,0.4,0.319,0.08,0.263,0.183,0.083,0.256,0.173,0.08,1.333,1.253,0.094,0.618,0.524,0.123,0.612,0.489,0.067,0.283,0.216,0.102,0.233,0.131,0.075,0.302,0.227,0.083,0.101,0.018,0.141,0.745,0.604,0.092,0.153,0.061,0.078,0.503,0.425,0.081,0.139,0.058,0.097,0.349,0.252,0.086,0.194,0.108,0.075,0.327,0.252,0.089,0.464,0.375,0.112,0.292,0.18,0.11,0.192,0.082,0.061,0.021,-0.04,0.149,1.23,1.081,0.096
0.054,0.373,0.319,0.086,0.451,0.365,0.078,0.315,0.237,0.073,0.26,0.187,0.089,0.207,0.118,0.086,0.199,0.113,0.112,1.162,1.05,0.12,0.518,0.398,0.086,0.169,0.083,0.091,0.225,0.134,0.072,0.327,0.255,0.083,0.104,0.021,0.128,0.362,0.234,0.109,0.225,0.116,0.083,0.392,0.309,0.112,0.163,0.051,0.11,0.91,0.8,0.083,0.165,0.082,0.076,0.464,0.388,0.076,0.387,0.311,0.117,0.338,0.221,0.112,0.189,0.077,0.071,0.037,-0.034,0.136,0.851,0.715,0.089
0.091,0.368,0.277,0.092,0.459,0.367,0.089,0.284,0.195,0.073,0.274,0.201,0.089,0.163,0.074,0.091,0.531,0.44,0.151,0.813,0.662,0.101,0.379,0.278,0.083,0.181,0.098,0.107,0.233,0.126,0.083,0.43,0.347,0.073,0.132,0.059,0.138,0.478,0.34,0.102,0.194,0.092,0.083,0.505,0.422,0.094,0.174,0.08,0.088,0.693,0.605,0.099,0.147,0.048,0.086,0.446,0.36,0.079,0.534,0.455,0.104,0.395,0.291,0.125,0.163,0.038,0.089,0.058,-0.031,0.126,0.691,0.565,0.073
0.067,0.332,0.265,0.091,0.487,0.396,0.081,0.235,0.154,0.081,0.233,0.152,0.078,0.466,0.388,0.084,0.675,0.591,0.107,1.2,1.093,0.133,0.555,0.422,0.084,0.166,0.082,0.099,0.25,0.151,0.081,0.29,0.209,0.077,0.095,0.018,0.123,0.347,0.224,0.101,0.186,0.085,0.089,0.531,0.442,0.107,0.164,0.057,0.107,0.636,0.529,0.092,0.14,0.048,0.097,0.287,0.19,0.083,0.721,0.638,0.094,0.349,0.255,0.107,0.16,0.053,0.1,0.053,-0.047,0.149,0.604,0.455,0.076
0.057,0.178,0.121,0.083,0.512,0.429,0.078,0.279,0.201,0.073,0.253,0.18,0.076,0.111,0.035,0.099,0.164,0.065,0.107,0.619,0.512,0.099,0.469,0.37,0.086,0.392,0.306,0.107,0.181,0.074,0.073,0.251,0.178,0.091,0.112,0.021,0.14,0.362,0.222,0.099,0.212,0.113,0.08,0.515,0.435,0.099,0.153,0.054,0.104,0.506,0.402,0.096,0.235,0.139,0.07,0.328,0.258,0.08,0.525,0.445,0.097,0.289,0.192,0.105,0.182,0.077,0.073,0.028,-0.045,0.142,0.697,0.555,0.092
0.104,0.353,0.249,0.091,0.426,0.335,0.07,0.42,0.35,0.081,0.304,0.223,0.073,0.127,0.054,0.068,0.178,0.11,0.089,0.719,0.63,0.12,0.488,0.368,0.078,0.248,0.17,0.096,0.281,0.185,0.068,0.341,0.273,0.086,0.132,0.046,0.128,0.359,0.231,0.107,0.207,0.1,0.076,0.665,0.589,0.086,0.199,0.113,0.099,0.552,0.453,0.093,0.157,0.064,0.089,0.467,0.378,0.078,0.539,0.461,0.13,3.646,3.516,0.149,0.123,-0.026,0.157,0.121,-0.036,0.141,1.01,0.869,0.11
0.093,0.327,0.234,0.107,0.454,0.347,0.079,0.225,0.146,0.076,0.266,0.19,0.083,0.284,0.201,0.086,0.176,0.09,0.125,1.12,0.995,0.094,0.418,0.324,0.084,0.161,0.077,0.101,0.235,0.134,0.078,0.287,0.209,0.078,0.106,0.028,0.12,0.398,0.278,0.096,0.194,0.098,0.078,0.361,0.283,0.094,0.142,0.048,0.11,0.598,0.488,0.1,0.159,0.059,0.088,0.423,0.335,0.073,0.787,0.714,0.11,0.565,0.455,0.107,0.159,0.052,0.104,0.07,-0.034,0.123,0.866,0.743,0.081
0.067,0.196,0.129,0.096,0.41,0.314,0.091,0.225,0.134,0.081,0.245,0.164,0.086,0.155,0.069,0.084,0.14,0.056,0.113,0.763,0.65,0.097,0.495,0.398,0.089,0.194,0.105,0.105,0.21,0.105,0.073,0.269,0.196,0.083,0.116,0.033,0.118,0.694,0.576,0.091,0.268,0.177,0.079,0.349,0.27,0.091,0.15,0.059,0.102,0.562,0.46,0.102,0.155,0.053,0.087,0.349,0.262,0.078,0.464,0.386,0.109,2.738,2.629,0.123,0.146,0.023,0.094,0.065,-0.029,0.149,0.682,0.533,0.078
0.054,0.162,0.108,0.086,0.446,0.36,0.078,0.202,0.124,0.078,0.25,0.172,0.078,0.209,0.131,0.081,0.14,0.059,0.099,0.637,0.538,0.094,0.335,0.241,0.086,0.284,0.198,0.099,0.179,0.08,0.073,0.351,0.278,0.075,0.111,0.036,0.125,0.393,0.268,0.086,0.214,0.128,0.078,0.341,0.263,0.101,0.194,0.093,0.12,0.902,0.782,0.099,0.15,0.051,0.076,0.418,0.342,0.076,0.42,0.344,0.133,2.904,2.771,0.112,0.217,0.105,0.118,0.086,-0.032,0.128,0.697,0.569,0.07
0.067,0.25,0.183,0.099,0.67,0.571,0.089,0.41,0.321,0.083,0.297,0.214,0.096,0.127,0.031,0.089,0.127,0.038,0.131,0.689,0.558,0.104,0.464,0.36,0.089,0.212,0.123,0.104,0.215,0.111,0.073,0.273,0.2,0.084,0.151,0.067,0.132,0.544,0.412,0.094,0.186,0.092,0.081,1.115,1.034,0.097,0.169,0.072,0.117,0.703,0.586,0.1,0.184,0.084,0.084,0.415,0.331,0.073,0.614,0.541,0.098,0.865,0.767,0.094,0.243,0.149,0.107,0.076,-0.031,0.107,0.691,0.584,0.06
0.078,0.242,0.164,0.081,0.477,0.396,0.081,0.25,0.169,0.068,0.256,0.188,0.086,0.258,0.172,0.094,0.171,0.077,0.104,1.02,0.916,0.105,0.642,0.537,0.081,0.428,0.347,0.097,0.163,0.066,0.079,0.59,0.511,0.081,0.12,0.039,0.12,1.012,0.892,0.084,0.137,0.053,0.081,0.529,0.448,0.101,0.155,0.054,0.092,1.72,1.628,0.115,0.176,0.061,0.086,0.783,0.697,0.086,0.518,0.432,0.084,1.522,1.438,0.088,0.206,0.118,0.037,0.018,-0.019,0.129,0.759,0.63,0.081
0.07,0.201,0.131,0.089,0.461,0.372,0.079,0.246,0.167,0.075,0.281,0.206,0.081,0.204,0.123,0.086,0.15,0.064,0.102,1.411,1.309,0.097,0.321,0.224,0.083,0.224,0.141,0.097,0.212,0.115,0.073,0.274,0.201,0.083,0.124,0.041,0.12,0.509,0.389,0.094,0.163,0.069,0.081,0.541,0.46,0.089,0.184,0.095,0.096,0.364,0.268,0.094,0.188,0.094,0.076,0.431,0.355,0.076,0.477,0.401,0.125,0.375,0.25,0.099,0.201,0.102,0.168,0.131,-0.037,0.126,0.673,0.547,0.066
0.07,0.324,0.254,0.084,0.462,0.378,0.078,0.225,0.147,0.073,0.289,0.216,0.075,0.127,0.052,0.067,0.152,0.085,0.105,1.131,1.026,0.107,0.433,0.326,0.084,0.292,0.208,0.102,0.199,0.097,0.071,0.305,0.234,0.078,0.137,0.059,0.128,0.344,0.216,0.094,0.194,0.1,0.073,0.412,0.339,0.112,0.176,0.064,0.126,0.64,0.514,0.104,0.176,0.072,0.092,0.446,0.354,0.076,0.58,0.504,0.11,0.326,0.216,0.109,0.191,0.082,0.097,0.058,-0.039,0.12,1.19,1.07,0.081
0.067,0.165,0.098,0.091,0.477,0.386,0.083,0.202,0.119,0.083,0.229,0.146,0.089,0.146,0.057,0.075,0.16,0.085,0.107,0.969,0.862,0.109,0.608,0.499,0.089,0.23,0.141,0.091,0.245,0.154,0.079,0.349,0.27,0.078,0.114,0.036,0.122,0.38,0.258,0.096,0.173,0.077,0.073,0.351,0.278,0.102,0.143,0.041,0.093,1.032,0.939,0.11,0.259,0.149,0.091,0.472,0.381,0.073,0.477,0.404,0.12,0.69,0.57,0.123,0.169,0.046,0.126,0.089,-0.037,0.121,0.65,0.529,0.073
0.099,0.487,0.388,0.081,0.389,0.308,0.076,0.248,0.172,0.071,0.279,0.208,0.073,0.181,0.108,0.088,0.173,0.085,0.102,1.002,0.9,0.102,0.369,0.267,0.081,0.215,0.134,0.094,0.217,0.123,0.076,0.302,0.226,0.081,0.114,0.033,0.131,0.372,0.241,0.097,0.197,0.1,0.081,0.374,0.293,0.094,0.15,0.056,0.094,0.765,0.671,0.097,0.156,0.059,0.078,0.446,0.368,0.062,0.417,0.355,0.11,0.318,0.208,0.112,0.189,0.077,0.066,0.034,-0.032,0.115,0.707,0.592,0.065
0.059,0.185,0.126,0.097,0.516,0.419,0.083,0.225,0.142,0.081,0.268,0.187,0.071,0.101,0.03,0.073,0.143,0.07,0.093,1.49,1.397,0.097,0.359,0.262,0.081,0.202,0.121,0.096,0.201,0.105,0.071,0.292,0.221,0.078,0.145,0.067,0.128,0.4,0.272,0.102,0.251,0.149,0.091,0.415,0.324,0.092,0.171,0.079,0.115,0.627,0.512,0.096,0.181,0.085,0.081,0.498,0.417,0.059,0.484,0.425,0.125,0.39,0.265,0.099,0.168,0.069,0.095,0.055,-0.04,0.102,0.655,0.553,0.068
0.057,2.416,2.359,0.099,0.68,0.581,0.083,0.194,0.111,0.084,0.222,0.138,0.086,0.192,0.106,0.078,0.15,0.072,0.107,1.364,1.257,0.118,0.859,0.741,0.078,0.219,0.141,0.089,0.31,0.221,0.078,0.348,0.27,0.084,0.122,0.038,0.141,0.342,0.201,0.104,0.202,0.098,0.078,0.407,0.329,0.091,0.153,0.062,0.094,1.923,1.829,0.104,0.227,0.123,0.086,0.444,0.358,0.078,0.503,0.425,0.101,0.322,0.221,0.105,0.192,0.087,0.105,0.057,-0.048,0.126,0.741,0.615,0.073
0.078,0.366,0.288,0.073,0.443,0.37,0.076,0.492,0.416,0.081,0.258,0.177,0.078,0.189,0.111,0.081,0.181,0.1,0.089,1.236,1.147,0.107,0.439,0.332,0.086,0.217,0.131,0.107,0.204,0.097,0.079,0.356,0.277,0.081,0.117,0.036,0.146,0.311,0.165,0.101,0.232,0.131,0.084,0.493,0.409,0.094,0.16,0.066,0.118,0.738,0.62,0.088,0.181,0.093,0.07,0.379,0.309,0.06,0.458,0.398,0.115,0.352,0.237,0.107,0.199,0.092,0.105,0.071,-0.034,0.104,0.621,0.517,0.078
0.083,0.278,0.195,0.079,0.454,0.375,0.078,0.243,0.165,0.073,0.296,0.223,0.076,0.153,0.077,0.068,0.132,0.064,0.097,0.693,0.596,0.11,0.593,0.483,0.081,0.168,0.087,0.071,0.207,0.136,0.073,0.307,0.234,0.078,0.117,0.039,0.138,0.305,0.167,0.096,0.21,0.114,0.078,0.371,0.293,0.096,0.155,0.059,0.105,0.521,0.416,0.084,0.194,0.11,0.058,0.482,0.424,0.065,0.435,0.37,0.113,1.103,0.99,0.083,0.184,0.101,0.11,0.078,-0.032,0.099,0.616,0.517,0.065
0.072,0.312,0.24,0.078,0.471,0.393,0.076,0.235,0.159,0.071,0.292,0.221,0.08,0.132,0.052,0.07,0.147,0.077,0.091,0.621,0.53,0.089,0.449,0.36,0.081,0.16,0.079,0.086,0.246,0.16,0.065,0.325,0.26,0.068,0.111,0.043,0.136,0.321,0.185,0.097,0.204,0.107,0.073,0.508,0.435,0.091,0.178,0.087,0.097,0.555,0.458,0.086,0.189,0.103,0.076,0.479,0.403,0.068,0.492,0.424,0.086,0.357,0.271,0.107,0.165,0.058,0.097,0.066,-0.031,0.102,0.557,0.455,0.068
0.062,0.798,0.736,0.091,0.317,0.226,0.078,0.235,0.157,0.068,0.279,0.211,0.07,0.132,0.062,0.078,0.158,0.08,0.101,1.002,0.901,0.101,0.595,0.494,0.084,0.143,0.059,0.065,0.163,0.098,0.062,0.399,0.337,0.073,0.117,0.044,0.125,0.31,0.185,0.091,0.261,0.17,0.078,0.528,0.45,0.076,0.166,0.09,0.091,0.603,0.512,0.083,0.189,0.106,0.067,0.371,0.304,0.062,0.556,0.494,0.123,0.29,0.167,0.039,1.196,1.157,0.147,0.094,-0.053,0.126,0.7,0.574,0.078
0.067,0.275,0.208,0.081,0.464,0.383,0.076,0.266,0.19,0.068,0.281,0.213,0.071,0.16,0.089,0.068,0.23,0.162,0.144,1.173,1.029,0.088,0.361,0.273,0.075,0.158,0.083,0.078,0.232,0.154,0.068,0.24,0.172,0.078,0.104,0.026,0.125,0.277,0.152,0.088,0.209,0.121,0.079,0.359,0.28,0.094,0.145,0.051,0.099,0.42,0.321,0.086,0.174,0.088,0.073,0.34,0.267,0.065,0.783,0.718,0.104,0.698,0.594,0.126,0.182,0.056,0.115,0.081,-0.034,0.102,0.617,0.515,0.078
0.091,0.227,0.136,0.099,0.416,0.317,0.085,0.222,0.137,0.067,0.263,0.196,0.083,0.16,0.077,0.079,0.12,0.041,0.112,0.464,0.352,0.12,0.565,0.445,0.091,1.468,1.377,0.073,0.091,0.018,0.072,0.34,0.268,0.062,0.106,0.044,0.141,0.256,0.115,0.1,0.228,0.128,0.081,0.418,0.337,0.094,0.158,0.064,0.099,0.945,0.846,0.094,0.156,0.062,0.073,0.471,0.398,0.065,0.5,0.435,0.133,0.331,0.198,0.102,0.199,0.097,0.105,0.071,-0.034,0.099,0.557,0.458,0.065
0.078,0.296,0.218,0.092,0.413,0.321,0.073,0.253,0.18,0.073,0.266,0.193,0.075,0.126,0.051,0.092,0.158,0.066,0.094,1.249,1.155,0.115,0.347,0.232,0.065,0.301,0.236,0.081,0.181,0.1,0.071,0.282,0.211,0.065,0.106,0.041,0.141,0.318,0.177,0.078,0.173,0.095,0.068,0.372,0.304,0.088,0.144,0.056,0.102,0.573,0.471,0.091,0.179,0.088,0.07,0.366,0.296,0.062,0.497,0.435,0.078,0.368,0.29,0.11,0.161,0.051,0.097,0.065,-0.032,0.09,0.594,0.504,0.062
0.065,0.335,0.27,0.067,0.535,0.468,0.078,0.261,0.183,0.07,0.24,0.17,0.086,0.176,0.09,0.071,0.165,0.094,0.11,0.936,0.826,0.104,0.449,0.345,0.083,0.219,0.136,0.092,0.225,0.133,0.073,0.256,0.183,0.075,0.111,0.036,0.139,0.252,0.113,0.096,0.202,0.106,0.072,0.412,0.34,0.081,0.214,0.133,0.125,0.499,0.374,0.088,0.178,0.09,0.078,0.289,0.211,0.071,0.528,0.457,0.084,0.279,0.195,0.099,0.166,0.067,0.087,0.047,-0.04,0.092,0.766,0.674,0.073
0.065,0.427,0.362,0.087,0.621,0.534,0.076,0.457,0.381,0.07,0.232,0.162,0.081,0.142,0.061,0.076,0.829,0.753,0.121,0.836,0.715,0.128,1.347,1.219,0.091,0.155,0.064,0.071,0.346,0.275,0.07,0.286,0.216,0.078,0.096,0.018,0.131,0.283,0.152,0.096,0.201,0.105,0.079,0.428,0.349,0.084,0.166,0.082,0.109,0.493,0.384,0.075,0.165,0.09,0.071,0.317,0.246,0.068,0.508,0.44,0.104,0.403,0.299,0.112,0.161,0.049,0.088,0.057,-0.031,0.094,0.735,0.641,0.067
0.078,0.289,0.211,0.078,0.51,0.432,0.07,0.196,0.126,0.065,0.24,0.175,0.076,0.271,0.195,0.078,0.243,0.165,0.122,0.722,0.6,0.107,0.776,0.669,0.075,0.157,0.082,0.079,0.223,0.144,0.065,0.293,0.228,0.079,0.107,0.028,0.138,0.256,0.118,0.094,0.171,0.077,0.081,0.367,0.286,0.08,0.145,0.065,0.109,0.528,0.419,0.097,0.171,0.074,0.079,0.436,0.357,0.07,0.634,0.564,0.117,0.305,0.188,0.088,0.232,0.144,0.147,0.107,-0.04,0.1,0.63,0.53,0.073
0.06,0.234,0.174,0.089,0.498,0.409,0.078,0.245,0.167,0.071,0.307,0.236,0.081,0.125,0.044,0.08,0.122,0.042,0.104,0.883,0.779,0.107,0.403,0.296,0.086,0.14,0.054,0.078,0.173,0.095,0.068,0.286,0.218,0.081,0.11,0.029,0.13,0.253,0.123,0.097,0.205,0.108,0.081,0.397,0.316,0.081,0.14,0.059,0.096,0.685,0.589,0.102,0.177,0.075,0.07,0.793,0.723,0.068,0.492,0.424,0.089,0.361,0.272,0.12,0.156,0.036,0.115,0.084,-0.031,0.081,2.052,1.971,0.088
0.088,0.371,0.283,0.094,0.413,0.319,0.094,0.214,0.12,0.063,1.19,1.127,0.12,0.101,-0.019,0.108,0.576,0.468,0.136,1.002,0.866,0.108,0.372,0.264,0.089,0.14,0.051,0.102,0.207,0.105,0.076,0.284,0.208,0.076,0.112,0.036,0.141,0.277,0.136,0.099,0.176,0.077,0.081,0.714,0.633,0.112,0.196,0.084,0.134,0.641,0.507,0.094,0.183,0.089,0.079,0.315,0.236,0.071,0.608,0.537,0.099,1.802,1.703,0.097,0.171,0.074,0.11,0.073,-0.037,0.126,0.741,0.615,0.076
0.104,0.122,0.018,0.08,0.315,0.235,0.096,0.227,0.131,0.081,0.284,0.203,0.091,0.109,0.018,0.081,0.163,0.082,0.133,1.131,0.998,0.105,0.403,0.298,0.086,0.23,0.144,0.089,0.168,0.079,0.079,0.331,0.252,0.083,0.116,0.033,0.133,0.38,0.247,0.071,0.153,0.082,0.073,0.657,0.584,0.078,0.168,0.09,0.117,0.784,0.667,0.093,0.176,0.083,0.086,0.356,0.27,0.067,0.561,0.494,0.076,0.366,0.29,0.092,0.11,0.018,0.078,0.106,0.028,0.079,0.665,0.586,0.086
0.067,0.219,0.152,0.083,0.508,0.425,0.081,0.209,0.128,0.076,0.212,0.136,0.081,0.253,0.172,0.083,0.189,0.106,0.115,0.933,0.818,0.08,0.301,0.221,0.081,0.248,0.167,0.073,0.14,0.067,0.07,0.315,0.245,0.081,0.122,0.041,0.135,0.344,0.209,0.091,0.26,0.169,0.079,0.524,0.445,0.091,0.186,0.095,0.099,0.531,0.432,0.081,0.171,0.09,0.065,0.469,0.404,0.063,0.551,0.488,0.086,0.413,0.327,0.107,0.153,0.046,0.11,0.081,-0.029,0.099,0.513,0.414,0.073
0.078,0.317,0.239,0.086,0.392,0.306,0.083,0.274,0.191,0.075,0.271,0.196,0.091,0.155,0.064,0.084,0.171,0.087,0.107,0.704,0.597,0.104,0.395,0.291,0.089,0.119,0.03,0.084,0.186,0.102,0.065,0.289,0.224,0.081,0.099,0.018,0.13,0.262,0.132,0.085,0.199,0.114,0.083,0.384,0.301,0.081,0.135,0.054,0.099,0.43,0.331,0.086,0.164,0.078,0.07,0.394,0.324,0.065,0.569,0.504,0.089,0.408,0.319,0.099,0.161,0.062,0.107,0.076,-0.031,0.088,0.644,0.556,0.063
0.062,0.211,0.149,0.089,0.434,0.345,0.078,0.26,0.182,0.078,0.253,0.175,0.081,0.199,0.118,0.073,0.137,0.064,0.107,0.537,0.43,0.104,0.982,0.878,0.083,0.147,0.064,0.047,0.289,0.242,0.078,0.353,0.275,0.089,0.135,0.046,0.149,0.313,0.164,0.091,0.153,0.062,0.076,0.4,0.324,0.08,0.14,0.06,0.088,0.68,0.592,0.086,0.176,0.09,0.075,0.379,0.304,0.068,0.495,0.427,0.096,0.364,0.268,0.096,0.158,0.062,0.091,0.057,-0.034,0.094,0.581,0.487,0.067
0.072,0.469,0.397,0.088,0.376,0.288,0.081,0.192,0.111,0.075,0.232,0.157,0.078,0.227,0.149,0.086,0.184,0.098,0.104,0.969,0.865,0.086,0.459,0.373,0.086,0.16,0.074,0.104,0.205,0.101,0.075,0.258,0.183,0.081,0.127,0.046,0.117,0.3,0.183,0.091,0.168,0.077,0.076,0.472,0.396,0.073,0.153,0.08,0.093,0.657,0.564,0.091,0.158,0.067,0.068,0.371,0.303,0.062,0.433,0.371,0.112,0.392,0.28,0.107,0.159,0.052,0.089,0.049,-0.04,0.105,0.576,0.471,0.078
0.086,0.461,0.375,0.083,0.493,0.41,0.08,0.199,0.119,0.08,0.217,0.137,0.078,0.227,0.149,0.083,0.15,0.067,0.097,0.789,0.692,0.088,0.397,0.309,0.091,0.153,0.062,0.083,0.166,0.083,0.078,0.471,0.393,0.089,0.107,0.018,0.12,0.236,0.116,0.099,0.191,0.092,0.078,0.341,0.263,0.078,0.176,0.098,0.085,1.323,1.238,0.089,0.173,0.084,0.071,0.503,0.432,0.068,0.405,0.337,0.083,1.148,1.065,0.112,0.156,0.044,0.105,0.07,-0.035,0.092,0.761,0.669,0.083
0.091,0.247,0.156,0.095,0.416,0.321,0.081,0.423,0.342,0.083,0.273,0.19,0.094,0.511,0.417,0.096,0.143,0.047,0.112,0.796,0.684,0.086,0.415,0.329,0.089,0.207,0.118,0.084,0.176,0.092,0.078,0.289,0.211,0.078,0.112,0.034,0.135,0.269,0.134,0.094,0.205,0.111,0.078,0.42,0.342,0.091,0.297,0.206,0.128,0.539,0.411,0.081,0.171,0.09,0.068,0.438,0.37,0.07,0.369,0.299,0.125,0.284,0.159,0.097,0.156,0.059,0.105,0.039,-0.066,0.129,0.582,0.453,0.07
0.059,0.365,0.306,0.081,0.343,0.262,0.071,0.21,0.139,0.07,0.227,0.157,0.083,0.217,0.134,0.081,0.302,0.221,0.123,0.904,0.781,0.084,0.339,0.255,0.085,0.183,0.098,0.076,0.155,0.079,0.068,0.289,0.221,0.076,0.148,0.072,0.128,0.369,0.241,0.081,0.189,0.108,0.076,0.729,0.653,0.094,0.217,0.123,0.097,1.466,1.369,0.08,0.183,0.103,0.071,0.395,0.324,0.06,0.425,0.365,0.101,0.315,0.214,0.083,0.147,0.064,0.095,0.052,-0.043,0.098,0.594,0.496,0.063
0.052,0.244,0.192,0.084,0.557,0.473,0.086,0.377,0.291,0.07,0.235,0.165,0.08,0.14,0.06,0.08,0.152,0.072,0.097,0.477,0.38,0.094,1.031,0.937,0.088,0.351,0.263,0.065,0.134,0.069,0.076,0.413,0.337,0.086,0.103,0.017,0.118,0.272,0.154,0.076,0.176,0.1,0.081,0.415,0.334,0.078,0.168,0.09,0.089,0.282,0.193,0.075,0.209,0.134,0.068,0.729,0.661,0.068,0.405,0.337,0.12,0.346,0.226,0.107,0.15,0.043,0.1,0.063,-0.037,0.099,0.591,0.492,0.06
0.059,0.484,0.425,0.096,0.464,0.368,0.084,0.189,0.105,0.075,0.227,0.152,0.086,0.644,0.558,0.089,0.225,0.136,0.118,0.83,0.712,0.094,0.351,0.257,0.094,0.161,0.067,0.073,0.147,0.074,0.076,0.32,0.244,0.086,0.117,0.031,0.141,0.282,0.141,0.084,0.156,0.072,0.083,0.706,0.623,0.078,0.32,0.242,0.14,0.961,0.821,0.112,0.13,0.018,0.097,0.249,0.152,0.078,0.533,0.455,0.089,0.482,0.393,0.118,0.161,0.043,0.095,0.063,-0.032,0.102,0.506,0.404,0.068
0.086,0.399,0.313,0.092,0.596,0.504,0.086,0.194,0.108,0.083,0.22,0.137,0.083,0.368,0.285,0.102,0.153,0.051,0.113,0.82,0.707,0.12,0.496,0.376,0.104,0.163,0.059,0.06,0.152,0.092,0.086,0.323,0.237,0.078,0.119,0.041,0.154,0.288,0.134,0.083,0.173,0.09,0.092,3.076,2.984,0.055,0.16,0.105,0.12,0.908,0.788,0.099,0.173,0.074,0.097,0.331,0.234,0.081,0.42,0.339,0.096,0.343,0.247,0.11,0.154,0.044,0.11,0.075,-0.035,0.089,0.547,0.458,0.073
0.075,0.322,0.247,0.099,0.544,0.445,0.084,0.186,0.102,0.084,0.212,0.128,0.097,0.21,0.113,0.094,0.215,0.121,0.117,1.161,1.044,0.141,0.635,0.494,0.091,0.143,0.052,0.073,0.132,0.059,0.073,0.389,0.316,0.076,0.091,0.015,0.133,0.251,0.118,0.097,0.156,0.059,0.091,0.565,0.474,0.088,0.147,0.059,0.11,0.699,0.589,0.099,0.171,0.072,0.073,0.291,0.218,0.082,0.493,0.411,0.11,0.292,0.182,0.094,0.176,0.082,0.145,0.086,-0.059,0.129,0.644,0.515,0.075
0.083,0.366,0.283,0.102,0.629,0.527,0.089,0.174,0.085,0.075,0.512,0.437,0.1,0.148,0.048,0.079,0.153,0.074,0.104,1.17,1.066,0.125,0.356,0.231,0.089,0.179,0.09,0.088,0.181,0.093,0.073,0.284,0.211,0.068,0.108,0.04,0.131,0.247,0.116,0.083,0.158,0.075,0.088,0.443,0.355,0.099,0.169,0.07,0.128,0.629,0.501,0.113,0.182,0.069,0.088,0.518,0.43,0.078,0.302,0.224,0.107,0.379,0.272,0.115,0.172,0.057,0.11,0.07,-0.04,0.121,0.736,0.615,0.081
0.078,0.281,0.203,0.094,0.392,0.298,0.083,0.248,0.165,0.084,0.268,0.184,0.094,0.169,0.075,0.078,0.147,0.069,0.105,0.624,0.519,0.089,0.367,0.278,0.094,0.209,0.115,0.11,0.177,0.067,0.07,0.271,0.201,0.088,0.129,0.041,0.121,0.344,0.223,0.086,0.212,0.126,0.086,0.405,0.319,0.079,0.15,0.071,0.097,0.609,0.512,0.088,0.171,0.083,0.081,0.407,0.326,0.073,0.387,0.314,0.112,0.421,0.309,0.096,0.171,0.075,0.107,0.057,-0.05,0.108,0.589,0.481,0.081
0.078,0.317,0.239,0.086,0.531,0.445,0.086,0.199,0.113,0.073,0.225,0.152,0.083,0.325,0.242,0.083,0.142,0.059,0.097,1.167,1.07,0.097,0.439,0.342,0.091,0.137,0.046,0.092,0.195,0.103,0.07,0.309,0.239,0.078,0.112,0.034,0.117,0.282,0.165,0.085,0.145,0.06,0.08,0.363,0.283,0.07,0.161,0.091,0.085,0.765,0.68,0.096,0.168,0.072,0.076,0.382,0.306,0.07,0.389,0.319,0.094,0.313,0.219,0.094,0.168,0.074,0.092,0.052,-0.04,0.108,0.586,0.478,0.081
0.067,0.136,0.069,0.089,0.539,0.45,0.097,0.308,0.211,0.08,0.278,0.198,0.089,0.212,0.123,0.079,0.138,0.059,0.123,1.501,1.378,0.076,0.364,0.288,0.089,0.158,0.069,0.081,0.171,0.09,0.06,0.32,0.26,0.075,0.124,0.049,0.109,0.287,0.178,0.083,0.176,0.093,0.078,0.356,0.278,0.078,0.158,0.08,0.096,0.953,0.857,0.083,0.204,0.121,0.078,0.243,0.165,0.081,0.51,0.429,0.102,0.354,0.252,0.091,0.184,0.093,0.099,0.065,-0.034,0.113,0.586,0.473,0.076
0.101,0.16,0.059,0.099,0.403,0.304,0.097,0.215,0.118,0.083,0.348,0.265,0.092,0.161,0.069,0.086,0.132,0.046,0.1,0.544,0.444,0.097,0.812,0.715,0.086,0.209,0.123,0.082,0.202,0.12,0.081,0.381,0.3,0.084,0.125,0.041,0.128,0.326,0.198,0.091,0.23,0.139,0.084,0.436,0.352,0.089,0.168,0.079,0.115,1.07,0.955,0.091,0.163,0.072,0.078,0.289,0.211,0.076,0.526,0.45,0.115,1.025,0.91,0.105,0.163,0.058,0.1,0.066,-0.034,0.118,1.317,1.199,0.078
0.057,0.216,0.159,0.097,0.457,0.36,0.073,0.209,0.136,0.078,0.286,0.208,0.079,0.243,0.164,0.086,0.179,0.093,0.101,1.285,1.184,0.107,0.431,0.324,0.092,0.125,0.033,0.099,0.171,0.072,0.06,0.227,0.167,0.081,0.142,0.061,0.131,0.252,0.121,0.104,0.222,0.118,0.079,0.372,0.293,0.086,0.155,0.069,0.099,0.3,0.201,0.083,0.178,0.095,0.076,0.382,0.306,0.07,0.598,0.528,0.136,0.328,0.192,0.1,0.166,0.066,0.079,0.029,-0.05,0.123,0.656,0.533,0.068
0.078,0.193,0.115,0.094,0.511,0.417,0.078,0.212,0.134,0.068,0.207,0.139,0.088,0.142,0.054,0.078,0.16,0.082,0.094,0.493,0.399,0.102,0.4,0.298,0.089,0.161,0.072,0.086,0.196,0.11,0.079,0.318,0.239,0.075,0.106,0.031,0.128,0.223,0.095,0.102,0.21,0.108,0.083,0.394,0.311,0.081,0.164,0.083,0.096,1.298,1.202,0.081,0.191,0.11,0.084,0.343,0.259,0.071,0.477,0.406,0.115,0.297,0.182,0.102,0.143,0.041,0.11,0.076,-0.034,0.099,0.565,0.466,0.063
0.091,0.448,0.357,0.087,0.377,0.29,0.083,0.215,0.132,0.07,0.245,0.175,0.086,0.15,0.064,0.091,0.148,0.057,0.117,1.059,0.942,0.138,0.318,0.18,0.086,0.148,0.062,0.099,0.397,0.298,0.079,0.238,0.159,0.078,0.979,0.901,0.143,0.483,0.34,0.089,0.181,0.092,0.073,0.346,0.273,0.075,0.134,0.059,0.094,0.563,0.469,0.083,0.165,0.082,0.081,0.403,0.322,0.062,0.445,0.383,0.118,0.344,0.226,0.102,0.171,0.069,0.113,0.068,-0.045,0.1,0.661,0.561,0.057
0.096,0.855,0.759,0.07,0.438,0.368,0.073,0.264,0.191,0.073,0.268,0.195,0.078,0.145,0.067,0.081,0.122,0.041,0.104,0.513,0.409,0.118,0.64,0.522,0.081,0.153,0.072,0.088,0.33,0.242,0.065,0.474,0.409,0.091,0.109,0.018,0.128,0.388,0.26,0.099,0.215,0.116,0.073,0.297,0.224,0.093,0.155,0.062,0.097,0.616,0.519,0.097,0.194,0.097,0.084,0.39,0.306,0.07,0.374,0.304,0.123,0.321,0.198,0.112,0.179,0.067,0.105,0.052,-0.053,0.113,0.584,0.471,0.065
0.065,0.425,0.36,0.086,0.405,0.319,0.083,0.209,0.126,0.073,0.202,0.129,0.078,0.142,0.064,0.081,0.158,0.077,0.107,0.786,0.679,0.112,0.429,0.317,0.088,0.176,0.088,0.101,0.217,0.116,0.076,0.364,0.288,0.083,0.122,0.039,0.143,0.328,0.185,0.105,0.308,0.203,0.081,0.433,0.352,0.094,0.156,0.062,0.104,0.647,0.543,0.096,0.196,0.1,0.084,0.717,0.633,0.073,0.312,0.239,0.118,0.277,0.159,0.104,0.279,0.175,0.165,0.128,-0.037,0.123,0.707,0.584,0.092
0.067,0.27,0.203,0.084,0.408,0.324,0.086,0.178,0.092,0.081,0.22,0.139,0.084,0.166,0.082,0.094,0.168,0.074,0.099,0.614,0.515,0.104,0.441,0.337,0.081,0.194,0.113,0.099,0.202,0.103,0.076,0.276,0.2,0.078,0.132,0.054,0.131,0.259,0.128,0.115,0.244,0.129,0.086,0.33,0.244,0.089,0.153,0.064,0.094,0.716,0.622,0.086,0.164,0.078,0.075,0.399,0.324,0.068,0.572,0.504,0.115,0.311,0.196,0.101,0.168,0.067,0.094,0.056,-0.038,0.112,0.536,0.424,0.071
0.062,0.276,0.214,0.086,0.4,0.314,0.075,0.219,0.144,0.073,0.227,0.154,0.094,0.153,0.059,0.079,0.15,0.071,0.102,0.74,0.638,0.086,0.362,0.276,0.086,0.196,0.11,0.097,0.179,0.082,0.073,0.332,0.259,0.079,0.13,0.051,0.128,0.249,0.121,0.104,0.215,0.111,0.081,0.356,0.275,0.088,0.137,0.049,0.099,1.478,1.379,0.097,0.323,0.226,0.079,0.426,0.347,0.065,0.387,0.322,0.107,0.302,0.195,0.115,0.179,0.064,0.102,0.065,-0.037,0.103,0.782,0.679,0.101
0.067,0.206,0.139,0.094,0.377,0.283,0.094,0.199,0.105,0.076,0.23,0.154,0.089,0.173,0.084,0.079,0.153,0.074,0.102,0.717,0.615,0.099,0.318,0.219,0.086,0.17,0.084,0.084,0.23,0.146,0.076,0.284,0.208,0.078,0.132,0.054,0.131,0.228,0.097,0.105,0.208,0.103,0.075,0.33,0.255,0.091,0.693,0.602,0.102,0.745,0.643,0.089,0.199,0.11,0.076,0.377,0.301,0.068,0.459,0.391,0.114,0.274,0.16,0.102,0.168,0.066,0.079,0.04,-0.039,0.104,0.529,0.425,0.062
0.083,0.397,0.314,0.088,0.387,0.299,0.086,0.22,0.134,0.07,0.345,0.275,0.078,0.127,0.049,0.097,0.207,0.11,0.107,0.807,0.7,0.094,0.338,0.244,0.081,0.158,0.077,0.107,0.22,0.113,0.076,0.297,0.221,0.081,0.122,0.041,0.128,0.231,0.103,0.104,0.307,0.203,0.078,0.446,0.368,0.091,0.166,0.075,0.104,0.92,0.816,0.097,0.194,0.097,0.083,0.39,0.307,0.055,0.386,0.331,0.102,0.303,0.201,0.107,0.168,0.061,0.079,0.044,-0.035,0.103,0.607,0.504,0.052
0.075,0.206,0.131,0.079,0.392,0.313,0.079,0.194,0.115,0.076,0.204,0.128,0.079,0.205,0.126,0.091,0.132,0.041,0.101,1.118,1.017,0.097,0.444,0.347,0.089,0.153,0.064,0.101,0.263,0.162,0.081,0.292,0.211,0.091,0.14,0.049,0.149,0.239,0.09,0.104,0.22,0.116,0.089,0.498,0.409,0.091,0.194,0.103,0.107,0.832,0.725,0.086,0.158,0.072,0.068,0.281,0.213,0.063,0.444,0.381,0.122,0.307,0.185,0.107,0.174,0.067,0.113,0.063,-0.05,0.094,0.614,0.52,0.068
0.083,0.43,0.347,0.078,0.392,0.314,0.086,0.207,0.121,0.081,0.232,0.151,0.089,0.153,0.064,0.071,0.148,0.077,0.11,0.819,0.709,0.089,0.547,0.458,0.084,0.202,0.118,0.089,0.225,0.136,0.083,0.291,0.208,0.084,0.166,0.082,0.149,0.383,0.234,0.109,0.279,0.17,0.092,0.413,0.321,0.099,0.171,0.072,0.099,0.552,0.453,0.089,0.181,0.092,0.076,0.572,0.496,0.073,0.423,0.35,0.102,0.295,0.193,0.106,0.15,0.044,0.102,0.068,-0.034,0.089,0.617,0.528,0.059
0.067,0.26,0.193,0.11,0.411,0.301,0.081,0.237,0.156,0.079,0.287,0.208,0.091,0.127,0.036,0.086,0.13,0.044,0.112,0.781,0.669,0.123,0.369,0.246,0.092,0.187,0.095,0.104,0.181,0.077,0.079,0.256,0.177,0.084,0.135,0.051,0.138,0.233,0.095,0.113,0.195,0.082,0.078,0.358,0.28,0.099,0.169,0.07,0.099,0.333,0.234,0.083,0.178,0.095,0.076,0.354,0.278,0.07,0.446,0.376,0.128,0.279,0.151,0.105,0.184,0.079,0.077,0.026,-0.051,0.105,0.486,0.381,0.065
0.067,0.211,0.144,0.081,0.39,0.309,0.083,0.191,0.108,0.078,0.222,0.144,0.089,0.163,0.074,0.084,0.145,0.061,0.102,0.47,0.368,0.131,0.367,0.236,0.086,0.189,0.103,0.091,0.171,0.08,0.078,0.451,0.373,0.078,0.117,0.039,0.13,0.267,0.137,0.106,0.214,0.108,0.076,0.344,0.268,0.096,0.163,0.067,0.096,0.505,0.409,0.094,0.212,0.118,0.074,0.341,0.267,0.06,0.423,0.363,0.138,0.287,0.149,0.099,0.176,0.077,0.095,0.055,-0.04,0.092,0.56,0.468,0.06
0.059,0.201,0.142,0.081,0.348,0.267,0.084,0.189,0.105,0.073,0.199,0.126,0.086,0.132,0.046,0.068,0.119,0.051,0.094,0.799,0.705,0.126,0.774,0.648,0.083,0.207,0.124,0.096,0.196,0.1,0.076,0.364,0.288,0.081,0.117,0.036,0.133,0.226,0.093,0.099,0.207,0.108,0.083,0.546,0.463,0.081,0.194,0.113,0.102,0.601,0.499,0.086,0.191,0.105,0.073,0.377,0.304,0.057,0.523,0.466,0.091,0.379,0.288,0.112,0.179,0.067,0.107,0.073,-0.034,0.092,0.583,0.491,0.057
0.057,0.386,0.329,0.089,0.58,0.491,0.076,0.263,0.187,0.063,0.235,0.172,0.071,0.135,0.064,0.081,0.186,0.105,0.112,1.219,1.107,0.117,0.67,0.553,0.086,0.212,0.126,0.094,0.271,0.177,0.079,0.256,0.177,0.086,0.117,0.031,0.136,0.256,0.12,0.102,0.202,0.1,0.079,0.781,0.702,0.086,0.178,0.092,0.094,0.972,0.878,0.088,0.165,0.077,0.084,0.3,0.216,0.073,0.441,0.368,0.117,1.836,1.719,0.117,0.148,0.031,0.126,0.089,-0.037,0.094,0.575,0.481,0.076
0.085,0.258,0.173,0.091,0.346,0.255,0.093,0.199,0.106,0.083,0.22,0.137,0.091,0.168,0.077,0.073,0.127,0.054,0.104,0.812,0.708,0.12,0.444,0.324,0.083,0.202,0.119,0.112,0.348,0.236,0.084,0.31,0.226,0.081,0.117,0.036,0.146,0.326,0.18,0.112,0.184,0.072,0.084,0.539,0.455,0.089,0.189,0.1,0.094,0.572,0.478,0.102,0.241,0.139,0.083,0.343,0.26,0.073,0.696,0.623,0.12,0.338,0.218,0.115,0.192,0.077,0.1,0.05,-0.05,0.105,0.609,0.504,0.073
0.094,0.351,0.257,0.081,0.348,0.267,0.094,0.194,0.1,0.084,0.246,0.162,0.088,0.129,0.041,0.089,0.141,0.052,0.096,0.724,0.628,0.102,0.392,0.29,0.086,0.202,0.116,0.11,0.246,0.136,0.078,0.292,0.214,0.083,0.119,0.036,0.138,0.239,0.101,0.112,0.186,0.074,0.076,0.413,0.337,0.073,0.171,0.098,0.093,0.526,0.433,0.078,0.204,0.126,0.073,0.443,0.37,0.076,0.413,0.337,0.13,0.274,0.144,0.107,0.166,0.059,0.11,0.076,-0.034,0.089,0.534,0.445,0.068
0.086,0.307,0.221,0.078,0.423,0.345,0.083,0.222,0.139,0.078,0.238,0.16,0.086,0.137,0.051,0.102,0.14,0.038,0.105,1.399,1.294,0.128,0.192,0.064,0.094,0.191,0.097,0.115,0.174,0.059,0.071,0.277,0.206,0.078,0.116,0.038,0.139,0.254,0.115,0.112,0.202,0.09,0.086,0.439,0.353,0.083,0.183,0.1,0.1,0.275,0.175,0.096,0.214,0.118,0.086,0.343,0.257,0.079,0.462,0.383,0.123,0.308,0.185,0.104,0.184,0.08,0.102,0.065,-0.037,0.079,0.56,0.481,0.078
0.059,0.448,0.389,0.078,0.394,0.316,0.079,0.184,0.105,0.073,0.191,0.118,0.073,0.143,0.07,0.086,0.137,0.051,0.094,0.5,0.406,0.105,0.383,0.278,0.086,0.134,0.048,0.102,0.205,0.103,0.073,0.286,0.213,0.079,0.109,0.03,0.147,0.28,0.133,0.118,0.267,0.149,0.081,0.323,0.242,0.096,0.181,0.085,0.097,0.441,0.344,0.091,0.204,0.113,0.071,0.387,0.316,0.068,1.205,1.137,0.115,0.974,0.859,0.118,0.159,0.041,0.126,0.081,-0.045,0.118,0.674,0.556,0.081
0.083,0.142,0.059,0.091,0.335,0.244,0.1,0.195,0.095,0.078,0.196,0.118,0.084,0.161,0.077,0.075,0.132,0.057,0.094,0.516,0.422,0.107,0.436,0.329,0.091,0.495,0.404,0.073,0.096,0.023,0.076,0.673,0.597,0.075,0.093,0.018,0.138,0.79,0.652,0.096,0.142,0.046,0.076,0.402,0.326,0.079,0.171,0.092,0.086,1.357,1.271,0.092,0.14,0.048,0.081,0.326,0.245,0.065,0.479,0.414,0.107,0.325,0.218,0.115,0.156,0.041,0.11,0.079,-0.031,0.075,0.51,0.435,0.073
0.099,0.227,0.128,0.084,0.431,0.347,0.086,0.204,0.118,0.078,0.225,0.147,0.081,0.135,0.054,0.086,0.145,0.059,0.099,0.423,0.324,0.102,0.289,0.187,0.089,0.164,0.075,0.101,0.184,0.083,0.075,0.335,0.26,0.083,0.101,0.018,0.139,0.26,0.121,0.117,0.217,0.1,0.089,0.377,0.288,0.091,0.161,0.07,0.099,0.595,0.496,0.094,0.184,0.09,0.081,0.281,0.2,0.079,0.431,0.352,0.102,0.267,0.165,0.117,0.15,0.033,0.105,0.068,-0.037,0.095,0.599,0.504,0.065
0.106,0.132,0.026,0.102,0.39,0.288,0.094,0.21,0.116,0.086,0.235,0.149,0.099,0.148,0.049,0.094,0.112,0.018,0.13,0.946,0.816,0.101,0.588,0.487,0.078,0.193,0.115,0.092,0.251,0.159,0.076,0.256,0.18,0.086,0.119,0.033,0.138,0.272,0.134,0.107,0.215,0.108,0.086,0.341,0.255,0.081,0.15,0.069,0.099,0.364,0.265,0.089,0.192,0.103,0.078,0.245,0.167,0.065,0.554,0.489,0.122,0.315,0.193,0.102,0.159,0.057,0.083,0.049,-0.034,0.084,0.449,0.365,0.071
0.08,0.222,0.142,0.096,0.595,0.499,0.086,0.655,0.569,0.089,0.217,0.128,0.094,0.171,0.077,0.081,0.153,0.072,0.109,0.66,0.551,0.091,0.305,0.214,0.083,0.155,0.072,0.094,0.161,0.067,0.055,0.268,0.213,0.083,0.124,0.041,0.123,0.252,0.129,0.099,0.15,0.051,0.094,0.382,0.288,0.07,0.147,0.077,0.097,0.272,0.175,0.097,0.207,0.11,0.073,0.474,0.401,0.078,0.403,0.325,0.088,0.225,0.137,0.096,0.158,0.062,0.097,0.054,-0.043,0.092,0.563,0.471,0.07
0.086,0.122,0.036,0.099,0.34,0.241,0.094,0.194,0.1,0.079,0.202,0.123,0.094,0.15,0.056,0.076,0.125,0.049,0.099,0.487,0.388,0.107,0.313,0.206,0.092,0.187,0.095,0.104,0.13,0.026,0.073,0.407,0.334,0.084,0.132,0.048,0.141,0.241,0.1,0.11,0.205,0.095,0.081,0.379,0.298,0.073,0.14,0.067,0.102,0.375,0.273,0.096,0.191,0.095,0.078,0.315,0.237,0.083,0.541,0.458,0.113,0.282,0.169,0.105,0.156,0.051,0.1,0.055,-0.045,0.089,0.588,0.499,0.076
0.07,0.193,0.123,0.092,0.393,0.301,0.086,0.191,0.105,0.047,0.165,0.118,0.089,0.197,0.108,0.075,0.888,0.813,0.107,1.08,0.973,0.104,0.362,0.258,0.08,0.129,0.049,0.097,0.171,0.074,0.057,0.299,0.242,0.07,0.114,0.044,0.128,0.228,0.1,0.107,0.202,0.095,0.092,0.413,0.321,0.081,0.565,0.484,0.109,0.511,0.402,0.093,0.163,0.07,0.065,0.335,0.27,0.068,0.498,0.43,0.112,0.233,0.121,0.091,0.147,0.056,0.095,0.052,-0.043,0.09,0.476,0.386,0.065
0.059,0.242,0.183,0.081,0.457,0.376,0.067,0.193,0.126,0.06,0.237,0.177,0.071,0.181,0.11,0.076,0.758,0.682,0.094,0.256,0.162,0.117,0.284,0.167,0.086,0.161,0.075,0.096,0.148,0.052,0.073,0.291,0.218,0.1,0.148,0.048,0.133,0.249,0.116,0.102,0.207,0.105,0.081,0.387,0.306,0.084,0.176,0.092,0.112,0.514,0.402,0.106,0.171,0.065,0.088,0.976,0.888,0.065,1.151,1.086,0.125,0.218,0.093,0.107,0.135,0.028,0.105,0.065,-0.04,0.1,0.681,0.581,0.089
0.075,0.451,0.376,0.102,0.356,0.254,0.079,0.161,0.082,0.086,0.196,0.11,0.078,0.171,0.093,0.094,0.166,0.072,0.114,0.603,0.489,0.107,0.318,0.211,0.086,0.127,0.041,0.097,0.171,0.074,0.076,0.341,0.265,0.091,0.145,0.054,0.139,0.352,0.213,0.109,0.21,0.101,0.091,0.397,0.306,0.081,0.179,0.098,0.102,0.773,0.671,0.115,0.161,0.046,0.078,0.317,0.239,0.071,0.446,0.375,0.102,0.269,0.167,0.099,0.153,0.054,0.118,0.079,-0.039,0.081,0.58,0.499,0.065
0.062,0.185,0.123,0.081,0.459,0.378,0.076,0.179,0.103,0.081,0.212,0.131,0.099,0.163,0.064,0.078,0.184,0.106,0.12,1.018,0.898,0.112,0.506,0.394,0.093,0.201,0.108,0.102,0.179,0.077,0.079,0.305,0.226,0.073,0.096,0.023,0.133,0.259,0.126,0.107,0.204,0.097,0.097,0.354,0.257,0.086,0.151,0.065,0.099,0.364,0.265,0.093,0.176,0.083,0.073,0.379,0.306,0.073,0.428,0.355,0.094,0.356,0.262,0.131,0.167,0.036,0.128,0.088,-0.04,0.082,1.129,1.047,0.07
0.07,0.209,0.139,0.107,0.397,0.29,0.094,0.197,0.103,0.081,0.433,0.352,0.134,0.175,0.041,0.097,0.281,0.184,0.168,1.024,0.856,0.118,0.455,0.337,0.088,0.194,0.106,0.11,0.225,0.115,0.097,0.333,0.236,0.11,0.153,0.043,0.157,0.404,0.247,0.107,0.158,0.051,0.115,0.465,0.35,0.081,0.253,0.172,0.139,1.191,1.052,0.115,0.166,0.051,0.094,0.393,0.299,0.078,0.5,0.422,0.149,0.259,0.11,0.107,0.148,0.041,0.115,0.068,-0.047,0.102,0.573,0.471,0.078
0.086,0.917,0.831,0.114,0.385,0.271,0.093,0.222,0.129,0.086,0.279,0.193,0.102,0.156,0.054,0.096,0.194,0.098,0.13,1.041,0.911,0.123,0.342,0.219,0.106,0.559,0.453,0.097,0.115,0.018,0.101,1.324,1.223,0.109,0.127,0.018,0.12,0.406,0.286,0.086,0.132,0.046,0.097,0.449,0.352,0.081,0.148,0.067,0.135,0.75,0.615,0.115,0.177,0.062,0.089,0.371,0.282,0.086,0.393,0.307,0.122,0.292,0.17,0.099,0.132,0.033,0.134,0.087,-0.047,0.083,0.632,0.549,0.078
0.08,0.445,0.365,0.097,0.39,0.293,0.081,0.333,0.252,0.071,0.297,0.226,0.081,0.217,0.136,0.091,0.204,0.113,0.118,1.603,1.485,0.13,0.15,0.02,0.094,0.197,0.103,0.107,0.146,0.039,0.078,0.33,0.252,0.086,0.135,0.049,0.151,0.329,0.178,0.112,0.228,0.116,0.112,0.374,0.262,0.083,0.163,0.08,0.139,0.921,0.782,0.115,0.199,0.084,0.086,0.382,0.296,0.079,0.511,0.432,0.117,0.302,0.185,0.102,0.143,0.041,0.123,0.076,-0.047,0.086,0.616,0.53,0.076
0.088,0.204,0.116,0.115,0.745,0.63,0.083,1.185,1.102,0.075,0.312,0.237,0.102,0.12,0.018,0.076,0.127,0.051,0.109,0.758,0.649,0.104,0.482,0.378,0.102,0.256,0.154,0.094,0.153,0.059,0.079,0.318,0.239,0.086,0.134,0.048,0.134,0.224,0.09,0.109,0.155,0.046,0.092,0.364,0.272,0.079,0.14,0.061,0.123,0.668,0.545,0.097,0.161,0.064,0.086,0.377,0.291,0.07,0.453,0.383,0.123,0.28,0.157,0.102,0.256,0.154,0.157,0.118,-0.039,0.104,0.567,0.463,0.076
0.078,0.314,0.236,0.089,0.544,0.455,0.084,0.182,0.098,0.08,0.224,0.144,0.092,0.158,0.066,0.094,0.14,0.046,0.11,0.774,0.664,0.096,0.49,0.394,0.091,0.238,0.147,0.083,0.166,0.083,0.07,0.301,0.231,0.076,0.117,0.041,0.136,0.257,0.121,0.101,0.166,0.065,0.099,0.376,0.277,0.081,0.135,0.054,0.125,0.357,0.232,0.086,0.176,0.09,0.086,0.341,0.255,0.062,0.662,0.6,0.112,0.305,0.193,0.096,0.143,0.047,0.133,0.083,-0.05,0.082,0.727,0.645,0.076
0.078,0.443,0.365,0.091,0.325,0.234,0.092,0.205,0.113,0.078,0.291,0.213,0.092,0.166,0.074,0.076,0.189,0.113,0.128,0.64,0.512,0.123,0.367,0.244,0.091,1.527,1.436,0.071,0.109,0.038,0.102,0.428,0.326,0.071,0.802,0.731,0.119,0.294,0.175,0.092,0.153,0.061,0.094,0.439,0.345,0.099,0.166,0.067,0.138,0.37,0.232,0.107,0.191,0.084,0.084,0.279,0.195,0.074,0.464,0.39,0.105,0.277,0.172,0.115,0.13,0.015,0.126,0.086,-0.04,0.097,0.494,0.397,0.099
0.08,0.219,0.139,0.112,0.462,0.35,0.086,0.202,0.116,0.076,0.222,0.146,0.11,0.166,0.056,0.081,0.143,0.062,0.117,0.928,0.811,0.107,0.235,0.128,0.107,0.308,0.201,0.107,0.135,0.028,0.089,0.333,0.244,0.081,0.119,0.038,0.126,0.277,0.151,0.094,0.153,0.059,0.099,0.418,0.319,0.086,0.14,0.054,0.126,0.491,0.365,0.125,0.218,0.093,0.107,0.621,0.514,0.076,1.147,1.071,0.101,0.33,0.229,0.133,0.159,0.026,0.144,0.102,-0.042,0.086,0.596,0.51,0.073
0.096,0.361,0.265,0.107,0.375,0.268,0.107,0.225,0.118,0.086,0.286,0.2,0.115,0.159,0.044,0.078,0.145,0.067,0.128,0.473,0.345,0.117,0.428,0.311,0.097,0.212,0.115,0.113,0.19,0.077,0.086,0.348,0.262,0.094,0.112,0.018,0.141,0.252,0.111,0.099,0.15,0.051,0.089,0.485,0.396,0.081,0.168,0.087,0.125,0.565,0.44,0.1,0.213,0.113,0.096,0.328,0.232,0.075,0.438,0.363,0.128,0.241,0.113,0.105,0.138,0.033,0.113,0.068,-0.045,0.097,0.614,0.517,0.089
0.067,0.211,0.144,0.094,0.393,0.299,0.088,0.32,0.232,0.073,0.245,0.172,0.086,0.142,0.056,0.066,0.143,0.077,0.112,1.386,1.274,0.125,0.323,0.198,0.091,0.248,0.157,0.092,0.174,0.082,0.091,0.351,0.26,0.083,0.116,0.033,0.134,0.25,0.116,0.096,0.181,0.085,0.096,0.425,0.329,0.076,0.156,0.08,0.122,0.745,0.623,0.118,0.148,0.03,0.079,0.341,0.262,0.07,0.392,0.322,0.099,0.279,0.18,0.107,0.127,0.02,0.124,0.084,-0.04,0.079,0.585,0.506,0.079
0.075,0.252,0.177,0.092,0.387,0.295,0.089,0.236,0.147,0.07,0.266,0.196,0.08,0.194,0.114,0.07,0.88,0.81,0.128,0.787,0.659,0.091,0.3,0.209,0.08,0.152,0.072,0.099,0.156,0.057,0.07,0.299,0.229,0.079,0.238,0.159,0.18,0.484,0.304,0.096,0.186,0.09,0.097,0.434,0.337,0.083,0.142,0.059,0.12,0.653,0.533,0.091,0.161,0.07,0.078,0.374,0.296,0.065,0.368,0.303,0.141,0.27,0.129,0.094,0.137,0.043,0.1,0.066,-0.034,0.089,0.588,0.499,0.067
0.083,0.657,0.574,0.078,0.335,0.257,0.073,0.23,0.157,0.081,0.222,0.141,0.102,0.231,0.129,0.073,0.554,0.481,0.148,0.784,0.636,0.094,0.308,0.214,0.075,0.165,0.09,0.094,0.189,0.095,0.06,0.31,0.25,0.075,0.124,0.049,0.123,0.254,0.131,0.094,0.215,0.121,0.101,0.554,0.453,0.078,0.179,0.101,0.117,0.65,0.533,0.096,0.145,0.049,0.097,0.292,0.195,0.068,0.479,0.411,0.105,0.274,0.169,0.11,0.138,0.028,0.121,0.081,-0.04,0.084,0.609,0.525,0.083
0.075,0.466,0.391,0.083,0.312,0.229,0.081,0.405,0.324,0.084,0.243,0.159,0.094,0.516,0.422,0.099,0.246,0.147,0.141,0.691,0.55,0.099,0.313,0.214,0.091,0.168,0.077,0.097,0.197,0.1,0.068,0.261,0.193,0.086,0.14,0.054,0.143,0.233,0.09,0.1,0.164,0.064,0.088,0.389,0.301,0.094,0.179,0.085,0.146,0.663,0.517,0.115,0.197,0.082,0.102,0.239,0.137,0.08,0.526,0.446,0.085,0.381,0.296,0.118,0.146,0.028,0.118,0.078,-0.04,0.079,0.501,0.422,0.078
0.083,0.309,0.226,0.107,0.4,0.293,0.089,0.189,0.1,0.076,0.202,0.126,0.084,0.168,0.084,0.094,0.784,0.69,0.146,0.635,0.489,0.117,0.292,0.175,0.091,0.187,0.096,0.096,0.178,0.082,0.087,0.364,0.277,0.084,0.13,0.046,0.125,0.238,0.113,0.099,0.169,0.07,0.102,0.392,0.29,0.076,0.155,0.079,0.113,0.28,0.167,0.109,0.212,0.103,0.105,0.3,0.195,0.102,0.671,0.569,0.119,0.266,0.147,0.17,0.265,0.095,0.11,0.049,-0.061,0.129,0.801,0.672,0.073
0.057,0.288,0.231,0.102,0.398,0.296,0.091,0.238,0.147,0.086,0.299,0.213,0.099,0.174,0.075,0.078,0.176,0.098,0.125,0.57,0.445,0.12,0.352,0.232,0.091,0.204,0.113,0.091,0.161,0.07,0.073,0.309,0.236,0.076,0.125,0.049,0.125,0.231,0.106,0.101,0.176,0.075,0.088,0.389,0.301,0.084,0.166,0.082,0.115,0.941,0.826,0.102,0.189,0.087,0.086,0.258,0.172,0.084,0.521,0.437,0.104,0.532,0.428,0.138,0.153,0.015,0.131,0.1,-0.031,0.091,0.575,0.484,0.078
0.07,0.306,0.236,0.097,0.339,0.242,0.081,0.207,0.126,0.075,0.247,0.172,0.105,0.197,0.092,0.076,0.199,0.123,0.152,1.739,1.587,0.102,0.257,0.155,0.083,0.276,0.193,0.102,0.145,0.043,0.058,0.384,0.326,0.097,0.143,0.046,0.144,0.306,0.162,0.096,0.279,0.183,0.093,0.317,0.224,0.084,0.148,0.064,0.133,0.666,0.533,0.104,0.166,0.062,0.075,0.428,0.353,0.068,1.689,1.621,0.12,0.573,0.453,0.13,0.145,0.015,0.116,0.079,-0.037,0.086,0.624,0.538,0.083
0.067,0.461,0.394,0.083,0.358,0.275,0.081,0.398,0.317,0.101,0.289,0.188,0.11,0.192,0.082,0.068,0.66,0.592,0.122,0.734,0.612,0.095,0.254,0.159,0.083,0.197,0.114,0.099,0.178,0.079,0.079,0.295,0.216,0.08,0.127,0.047,0.13,0.225,0.095,0.102,0.205,0.103,0.104,0.585,0.481,0.094,0.259,0.165,0.188,0.908,0.72,0.102,0.228,0.126,0.086,0.4,0.314,0.091,0.457,0.366,0.117,0.31,0.193,0.094,0.135,0.041,0.1,0.057,-0.043,0.095,0.589,0.494,0.075
0.091,0.387,0.296,0.109,0.41,0.301,0.115,0.367,0.252,0.102,0.364,0.262,0.128,0.161,0.033,0.081,0.187,0.106,0.148,2.133,1.985,0.122,0.14,0.018,0.089,0.431,0.342,0.089,0.13,0.041,0.096,2.057,1.961,0.105,0.122,0.017,0.115,0.267,0.152,0.104,0.181,0.077,0.076,0.405,0.329,0.079,0.137,0.058,0.142,0.61,0.468,0.099,0.194,0.095,0.089,0.325,0.236,0.086,0.498,0.412,0.13,0.339,0.209,0.099,0.158,0.059,0.097,0.044,-0.053,0.103,0.628,0.525,0.089
0.065,0.234,0.169,0.094,0.519,0.425,0.107,0.248,0.141,0.089,0.253,0.164,0.113,0.179,0.066,0.086,0.138,0.052,0.128,1.759,1.631,0.144,0.242,0.098,0.091,0.263,0.172,0.076,0.209,0.133,0.068,0.38,0.312,0.078,0.106,0.028,0.164,0.244,0.08,0.11,0.176,0.066,0.089,0.375,0.286,0.078,0.16,0.082,0.151,0.898,0.747,0.109,0.215,0.106,0.088,0.238,0.15,0.091,0.418,0.327,0.125,0.318,0.193,0.115,0.153,0.038,0.105,0.065,-0.04,0.092,0.519,0.427,0.089
0.08,0.26,0.18,0.076,0.441,0.365,0.091,0.364,0.273,0.081,0.276,0.195,0.094,0.174,0.08,0.094,0.415,0.321,0.149,1.441,1.292,0.102,0.374,0.272,0.097,0.323,0.226,0.118,0.172,0.054,0.081,0.381,0.3,0.087,0.138,0.051,0.138,0.586,0.448,0.102,0.153,0.051,0.099,0.367,0.268,0.091,0.135,0.044,0.136,0.524,0.388,0.11,0.202,0.092,0.112,0.362,0.25,0.075,0.487,0.412,0.162,0.221,0.059,0.105,0.163,0.058,0.095,0.045,-0.05,0.11,0.632,0.522,0.081
0.088,0.335,0.247,0.091,0.379,0.288,0.081,0.382,0.301,0.076,0.233,0.157,0.096,0.176,0.08,0.081,0.202,0.121,0.117,0.395,0.278,0.114,0.334,0.22,0.091,0.232,0.141,0.104,0.166,0.062,0.068,0.286,0.218,0.065,0.15,0.085,0.139,0.221,0.082,0.107,0.217,0.11,0.097,0.346,0.249,0.087,0.166,0.079,0.123,0.321,0.198,0.107,0.192,0.085,0.083,0.253,0.17,0.062,0.482,0.42,0.123,0.21,0.087,0.115,0.14,0.025,0.105,0.063,-0.042,0.097,0.599,0.502,0.075
0.075,0.309,0.234,0.089,0.338,0.249,0.081,0.197,0.116,0.078,0.222,0.144,0.089,0.194,0.105,0.089,0.14,0.051,0.149,0.846,0.697,0.099,0.475,0.376,0.086,0.24,0.154,0.094,0.182,0.088,0.086,0.274,0.188,0.086,0.147,0.061,0.123,0.27,0.147,0.086,0.181,0.095,0.075,0.312,0.237,0.073,0.139,0.066,0.126,0.576,0.45,0.105,0.159,0.054,0.086,0.327,0.241,0.071,0.446,0.375,0.097,0.287,0.19,0.126,0.143,0.017,0.121,0.087,-0.034,0.073,0.536,0.463,0.078
0.065,0.268,0.203,0.081,0.425,0.344,0.081,0.199,0.118,0.068,0.223,0.155,0.086,0.186,0.1,0.073,0.253,0.18,0.122,1.44,1.318,0.102,0.125,0.023,0.099,0.207,0.108,0.107,0.158,0.051,0.079,0.354,0.275,0.083,0.104,0.021,0.146,0.293,0.147,0.107,0.222,0.115,0.11,0.532,0.422,0.081,0.189,0.108,0.096,1.589,1.493,0.104,0.191,0.087,0.066,0.39,0.324,0.068,0.451,0.383,0.133,0.267,0.134,0.099,0.135,0.036,0.11,0.073,-0.037,0.079,0.627,0.548,0.07
0.085,0.469,0.384,0.099,0.472,0.373,0.084,0.359,0.275,0.078,0.225,0.147,0.112,0.163,0.051,0.084,0.137,0.053,0.131,1.017,0.886,0.109,0.292,0.183,0.104,0.222,0.118,0.099,0.145,0.046,0.074,0.32,0.246,0.086,0.14,0.054,0.128,0.249,0.121,0.099,0.176,0.077,0.102,0.37,0.268,0.073,0.139,0.066,0.115,0.815,0.7,0.107,0.189,0.082,0.081,0.305,0.224,0.078,0.449,0.371,0.133,0.292,0.159,0.107,0.125,0.018,0.131,0.086,-0.045,0.084,0.666,0.582,0.075
0.086,0.605,0.519,0.1,0.308,0.208,0.089,0.379,0.29,0.086,0.74,0.654,0.089,0.14,0.051,0.065,0.157,0.092,0.113,0.684,0.571,0.084,0.307,0.223,0.097,0.169,0.072,0.104,0.163,0.059,0.073,0.307,0.234,0.081,0.295,0.214,0.135,0.295,0.16,0.094,0.15,0.056,0.094,0.436,0.342,0.076,0.143,0.067,0.117,0.853,0.736,0.105,0.218,0.113,0.075,0.256,0.181,0.075,0.487,0.412,0.12,0.331,0.211,0.131,0.141,0.01,0.123,0.078,-0.045,0.079,0.485,0.406,0.076
0.065,0.144,0.079,0.084,0.372,0.288,0.073,0.286,0.213,0.068,0.243,0.175,0.081,0.678,0.597,0.081,0.706,0.625,0.117,1.021,0.904,0.115,0.434,0.319,0.086,0.253,0.167,0.096,0.171,0.075,0.07,0.317,0.247,0.076,0.611,0.535,0.128,0.802,0.674,0.105,0.169,0.064,0.081,0.66,0.579,0.086,0.183,0.097,0.126,1.003,0.877,0.089,0.205,0.116,0.07,0.309,0.239,0.068,0.454,0.386,0.11,0.282,0.172,0.109,0.143,0.034,0.123,0.078,-0.045,0.084,0.545,0.461,0.073
0.075,0.327,0.252,0.092,0.344,0.252,0.088,0.328,0.24,0.067,0.314,0.247,0.11,0.21,0.1,0.065,0.387,0.322,0.141,0.807,0.666,0.102,0.537,0.435,0.101,0.359,0.258,0.091,2.392,2.301,0.086,0.384,0.298,0.092,0.13,0.038,0.133,0.715,0.582,0.102,0.137,0.035,0.1,0.46,0.36,0.094,0.16,0.066,0.126,1.07,0.944,0.115,0.233,0.118,0.086,0.215,0.129,0.073,0.369,0.296,0.109,0.253,0.144,0.115,0.203,0.088,0.126,0.07,-0.056,0.108,0.625,0.517,0.078
0.078,0.397,0.319,0.096,0.351,0.255,0.094,0.271,0.177,0.084,0.236,0.152,0.093,0.173,0.08,0.094,0.13,0.036,0.17,0.8,0.63,0.115,0.377,0.262,0.089,0.164,0.075,0.099,0.178,0.079,0.087,0.287,0.2,0.084,0.119,0.035,0.118,0.246,0.128,0.11,0.192,0.082,0.086,0.431,0.345,0.084,0.148,0.064,0.128,1.072,0.944,0.099,0.23,0.131,0.081,0.364,0.283,0.094,0.524,0.43,0.122,2.091,1.969,0.157,0.146,-0.011,0.161,0.094,-0.067,0.116,0.757,0.641,0.091
0.099,0.397,0.298,0.094,0.315,0.221,0.094,0.243,0.149,0.089,0.31,0.221,0.102,0.161,0.059,0.081,0.137,0.056,0.152,1.58,1.428,0.115,0.385,0.27,0.086,0.179,0.093,0.104,0.166,0.062,0.088,0.299,0.211,0.089,0.127,0.038,0.113,0.259,0.146,0.102,0.146,0.044,0.101,0.366,0.265,0.076,0.143,0.067,0.12,1.044,0.924,0.099,0.197,0.098,0.094,0.381,0.287,0.066,0.457,0.391,0.083,0.31,0.227,0.199,0.154,-0.045,0.11,0.504,0.394,0.099,0.554,0.455,0.086
0.075,0.407,0.332,0.081,0.302,0.221,0.097,0.205,0.108,0.083,0.212,0.129,0.096,0.158,0.062,0.078,0.14,0.062,0.133,0.73,0.597,0.086,0.593,0.507,0.073,0.212,0.139,0.086,0.158,0.072,0.06,0.273,0.213,0.078,0.171,0.093,0.125,0.31,0.185,0.094,0.249,0.155,0.08,0.353,0.273,0.078,0.137,0.059,0.11,0.558,0.448,0.104,0.155,0.051,0.084,0.465,0.381,0.065,0.356,0.291,0.135,0.284,0.149,0.11,0.141,0.031,0.11,0.073,-0.037,0.089,0.544,0.455,0.066
0.086,0.312,0.226,0.096,0.372,0.276,0.088,0.204,0.116,0.076,0.207,0.131,0.089,0.165,0.076,0.079,0.128,0.049,0.122,0.794,0.672,0.083,0.32,0.237,0.083,0.145,0.062,0.099,0.202,0.103,0.065,0.25,0.185,0.079,0.122,0.043,0.115,0.236,0.121,0.099,0.192,0.093,0.073,0.312,0.239,0.078,0.155,0.077,0.107,0.527,0.42,0.091,0.168,0.077,0.081,0.312,0.231,0.066,0.387,0.321,0.11,0.338,0.228,0.105,0.113,0.008,0.133,0.099,-0.034,0.086,0.565,0.479,0.076
0.062,0.309,0.247,0.089,0.39,0.301,0.091,0.207,0.116,0.073,0.284,0.211,0.086,0.394,0.308,0.076,0.205,0.129,0.12,0.835,0.715,0.094,0.323,0.229,0.086,0.173,0.087,0.1,0.195,0.095,0.067,0.281,0.214,0.081,0.153,0.072,0.125,0.246,0.121,0.102,0.215,0.113,0.073,0.332,0.259,0.063,0.145,0.082,0.094,0.315,0.221,0.079,0.205,0.126,0.07,0.399,0.329,0.055,0.479,0.424,0.141,0.267,0.126,0.1,0.128,0.028,0.11,0.068,-0.042,0.094,0.531,0.437,0.063
0.091,0.199,0.108,0.091,0.315,0.224,0.091,0.238,0.147,0.075,0.448,0.373,0.089,0.22,0.131,0.071,0.181,0.11,0.102,0.511,0.409,0.112,0.511,0.399,0.094,0.148,0.054,0.099,0.204,0.105,0.087,0.32,0.233,0.079,0.104,0.025,0.144,0.267,0.123,0.107,0.205,0.098,0.078,0.374,0.296,0.084,0.148,0.064,0.107,0.856,0.749,0.094,0.178,0.084,0.092,0.287,0.195,0.073,0.397,0.324,0.134,0.29,0.156,0.107,0.13,0.023,0.121,0.076,-0.045,0.092,0.555,0.463,0.078
0.096,0.16,0.064,0.094,0.344,0.25,0.088,0.204,0.116,0.076,0.215,0.139,0.086,0.155,0.069,0.068,0.117,0.049,0.091,0.631,0.54,0.112,0.364,0.252,0.097,0.251,0.154,0.1,0.164,0.064,0.081,0.443,0.362,0.092,0.11,0.018,0.122,0.241,0.119,0.106,0.176,0.07,0.089,0.346,0.257,0.075,0.158,0.083,0.099,0.603,0.504,0.094,0.184,0.09,0.091,0.302,0.211,0.066,0.387,0.321,0.097,0.277,0.18,0.109,0.148,0.039,0.131,0.083,-0.048,0.087,0.488,0.401,0.078
0.083,0.371,0.288,0.097,0.354,0.257,0.089,0.194,0.105,0.073,0.238,0.165,0.081,0.219,0.138,0.102,0.14,0.038,0.113,0.697,0.584,0.099,0.39,0.291,0.089,0.176,0.087,0.112,0.171,0.059,0.076,0.264,0.188,0.086,0.147,0.061,0.139,0.301,0.162,0.096,0.274,0.178,0.078,0.312,0.234,0.073,0.158,0.085,0.107,0.359,0.252,0.081,0.194,0.113,0.07,0.26,0.19,0.071,0.47,0.399,0.12,0.259,0.139,0.117,0.125,0.008,0.11,0.078,-0.032,0.089,0.573,0.484,0.075
0.078,0.386,0.308,0.086,0.403,0.317,0.078,0.16,0.082,0.079,0.225,0.146,0.065,0.184,0.119,0.08,0.152,0.072,0.115,0.722,0.607,0.107,0.354,0.247,0.092,0.128,0.036,0.101,0.186,0.085,0.06,0.227,0.167,0.084,0.163,0.079,0.144,0.27,0.126,0.102,0.413,0.311,0.089,0.526,0.437,0.097,0.426,0.329,0.125,0.511,0.386,0.084,0.169,0.085,0.065,0.273,0.208,0.065,0.539,0.474,0.133,0.228,0.095,0.102,0.13,0.028,0.107,0.065,-0.042,0.089,0.542,0.453,0.06
0.08,0.304,0.224,0.094,0.446,0.352,0.074,0.652,0.578,0.084,0.199,0.115,0.061,0.189,0.128,0.078,0.907,0.829,0.107,0.532,0.425,0.099,0.327,0.228,0.081,0.619,0.538,0.089,0.102,0.013,0.076,0.84,0.764,0.089,0.104,0.015,0.123,0.552,0.429,0.089,0.246,0.157,0.07,0.368,0.298,0.081,0.2,0.119,0.109,1.247,1.138,0.096,0.235,0.139,0.078,0.238,0.16,0.075,0.387,0.312,0.117,0.289,0.172,0.105,0.133,0.028,0.115,0.065,-0.05,0.1,0.55,0.45,0.068
0.075,0.405,0.33,0.083,0.415,0.332,0.091,0.22,0.129,0.08,0.271,0.191,0.081,0.132,0.051,0.07,0.132,0.062,0.091,0.436,0.345,0.112,0.385,0.273,0.089,0.217,0.128,0.107,0.169,0.062,0.081,0.392,0.311,0.081,0.155,0.074,0.133,0.319,0.186,0.096,0.423,0.327,0.091,0.305,0.214,0.083,0.16,0.077,0.105,0.619,0.514,0.094,0.2,0.106,0.078,0.526,0.448,0.065,0.448,0.383,0.128,0.267,0.139,0.091,0.132,0.041,0.118,0.068,-0.05,0.084,0.596,0.512,0.06
0.088,0.307,0.219,0.112,0.526,0.414,0.097,0.707,0.61,0.086,0.299,0.213,0.086,0.192,0.106,0.091,0.147,0.056,0.115,0.926,0.811,0.104,0.302,0.198,0.087,0.166,0.079,0.099,0.189,0.09,0.086,0.308,0.222,0.086,0.122,0.036,0.114,0.235,0.121,0.099,0.184,0.085,0.081,0.385,0.304,0.07,0.162,0.092,0.1,1,0.9,0.108,0.159,0.051,0.088,0.292,0.204,0.07,0.399,0.329,0.12,0.282,0.162,0.102,0.123,0.021,0.136,0.088,-0.048,0.085,0.566,0.481,0.07
0.073,0.237,0.164,0.102,0.408,0.306,0.092,0.192,0.1,0.078,0.214,0.136,0.086,0.161,0.075,0.073,0.14,0.067,0.122,0.604,0.482,0.112,0.361,0.249,0.081,0.143,0.062,0.104,0.186,0.082,0.068,0.307,0.239,0.081,0.194,0.113,0.136,0.241,0.105,0.1,0.313,0.213,0.084,0.421,0.337,0.081,0.163,0.082,0.094,0.534,0.44,0.091,0.178,0.087,0.079,0.318,0.239,0.057,0.353,0.296,0.12,0.398,0.278,0.138,0.365,0.227,0.147,0.086,-0.061,0.129,0.592,0.463,0.07
0.067,0.188,0.121,0.081,0.446,0.365,0.089,0.207,0.118,0.073,0.212,0.139,0.076,0.145,0.069,0.068,0.13,0.062,0.104,0.485,0.381,0.075,0.356,0.281,0.078,0.132,0.054,0.099,0.174,0.075,0.075,0.304,0.229,0.07,0.16,0.09,0.121,0.301,0.18,0.094,0.232,0.138,0.076,0.356,0.28,0.073,0.158,0.085,0.092,0.686,0.594,0.07,0.145,0.075,0.073,0.299,0.226,0.063,0.41,0.347,0.107,0.282,0.175,0.099,0.127,0.028,0.105,0.065,-0.04,0.087,0.496,0.409,0.076
0.078,0.355,0.277,0.089,0.403,0.314,0.081,0.228,0.147,0.073,0.263,0.19,0.076,0.135,0.059,0.088,0.147,0.059,0.105,0.805,0.7,0.115,0.369,0.254,0.094,0.164,0.07,0.089,0.168,0.079,0.073,0.274,0.201,0.078,0.132,0.054,0.131,0.295,0.164,0.112,0.385,0.273,0.089,0.325,0.236,0.084,0.155,0.071,0.103,0.795,0.692,0.099,0.15,0.051,0.084,0.307,0.223,0.068,0.379,0.311,0.108,0.303,0.195,0.097,0.115,0.018,0.141,0.099,-0.042,0.073,0.485,0.412,0.078
0.08,0.317,0.237,0.089,0.382,0.293,0.078,0.199,0.121,0.073,0.227,0.154,0.081,0.171,0.09,0.065,0.14,0.075,0.096,1.015,0.919,0.115,0.308,0.193,0.091,0.132,0.041,0.094,0.164,0.07,0.07,0.258,0.188,0.081,0.13,0.049,0.148,0.287,0.139,0.105,0.264,0.159,0.089,0.356,0.267,0.076,0.171,0.095,0.104,0.629,0.525,0.094,0.166,0.072,0.084,0.346,0.262,0.07,0.304,0.234,0.144,0.252,0.108,0.105,0.194,0.089,0.186,0.75,0.564,0.109,0.691,0.582,0.083
0.086,0.299,0.213,0.094,0.385,0.291,0.088,0.202,0.114,0.078,0.209,0.131,0.089,0.153,0.064,0.102,0.141,0.039,0.114,0.899,0.785,0.11,0.758,0.648,0.086,0.279,0.193,0.102,0.202,0.1,0.086,0.32,0.234,0.084,0.13,0.046,0.141,0.326,0.185,0.105,0.249,0.144,0.094,0.32,0.226,0.073,0.15,0.077,0.102,0.66,0.558,0.097,0.182,0.085,0.094,0.454,0.36,0.078,0.351,0.273,0.114,0.282,0.168,0.112,0.13,0.018,0.142,0.086,-0.056,0.092,0.671,0.579,0.076
0.067,0.34,0.273,0.075,0.724,0.649,0.078,0.449,0.371,0.091,0.23,0.139,0.091,0.15,0.059,0.089,0.133,0.044,0.125,0.619,0.494,0.102,0.338,0.236,0.084,0.161,0.077,0.102,0.202,0.1,0.076,0.276,0.2,0.089,0.148,0.059,0.131,0.254,0.123,0.104,0.2,0.096,0.08,0.325,0.245,0.125,0.169,0.044,0.117,0.555,0.438,0.091,0.176,0.085,0.081,0.534,0.453,0.08,0.536,0.456,0.133,0.241,0.108,0.11,0.128,0.018,0.128,0.065,-0.063,0.108,0.558,0.45,0.081
0.059,0.258,0.199,0.091,0.436,0.345,0.099,0.209,0.11,0.081,0.228,0.147,0.078,0.163,0.085,0.078,0.157,0.079,0.103,0.458,0.355,0.12,0.377,0.257,0.081,0.135,0.054,0.08,0.158,0.078,0.07,1.923,1.853,0.081,0.104,0.023,0.131,0.347,0.216,0.096,0.225,0.129,0.091,0.366,0.275,0.081,0.127,0.046,0.094,0.681,0.587,0.11,0.133,0.023,0.083,0.356,0.273,0.073,0.67,0.597,0.117,0.233,0.116,0.091,0.125,0.034,0.104,0.057,-0.047,0.097,0.501,0.404,0.063
0.08,0.379,0.299,0.091,1.327,1.236,0.078,0.211,0.133,0.068,0.235,0.167,0.076,0.145,0.069,0.073,0.117,0.044,0.094,0.562,0.468,0.099,0.279,0.18,0.084,0.138,0.054,0.086,0.23,0.144,0.081,1.651,1.57,0.08,0.279,0.199,0.127,0.503,0.376,0.083,0.511,0.428,0.08,0.327,0.247,0.087,0.138,0.051,0.091,0.66,0.569,0.094,0.155,0.061,0.084,0.297,0.213,0.073,0.395,0.322,0.131,0.285,0.154,0.096,0.143,0.047,0.152,0.099,-0.053,0.084,0.483,0.399,0.078
0.086,0.284,0.198,0.096,0.366,0.27,0.079,0.179,0.1,0.07,0.204,0.134,0.078,0.137,0.059,0.073,0.117,0.044,0.104,1.067,0.963,0.102,0.346,0.244,0.094,0.119,0.025,0.089,0.156,0.067,0.073,0.292,0.219,0.08,0.127,0.047,0.133,0.223,0.09,0.102,0.212,0.11,0.081,0.289,0.208,0.071,0.127,0.056,0.112,0.63,0.518,0.096,0.135,0.039,0.094,0.333,0.239,0.075,0.402,0.327,0.125,0.236,0.111,0.107,0.125,0.018,0.121,0.07,-0.051,0.095,0.579,0.484,0.078
0.064,0.201,0.137,0.088,0.405,0.317,0.083,0.191,0.108,0.071,0.238,0.167,0.068,0.163,0.095,0.078,0.132,0.054,0.097,0.49,0.393,0.107,0.413,0.306,0.084,0.14,0.056,0.1,0.161,0.061,0.078,0.359,0.281,0.078,0.122,0.044,0.127,0.279,0.152,0.094,0.182,0.088,0.081,0.325,0.244,0.075,0.132,0.057,0.104,0.225,0.121,0.094,0.21,0.116,0.096,0.529,0.433,0.075,0.58,0.505,0.135,0.207,0.072,0.115,0.159,0.044,0.06,1.666,1.606,0.094,1.414,1.32,0.099
0.085,0.402,0.317,0.094,0.421,0.327,0.088,0.196,0.108,0.078,0.217,0.139,0.076,0.158,0.082,0.065,0.13,0.065,0.096,0.577,0.481,0.089,0.377,0.288,0.089,0.143,0.054,0.094,0.222,0.128,0.073,0.3,0.227,0.078,0.132,0.054,0.138,0.305,0.167,0.112,0.365,0.253,0.086,0.701,0.615,0.088,0.166,0.078,0.096,0.559,0.463,0.099,0.2,0.101,0.091,0.371,0.28,0.071,0.397,0.326,0.126,0.239,0.113,0.102,0.127,0.025,0.126,0.076,-0.05,0.1,0.599,0.499,0.081
0.08,0.304,0.224,0.097,0.439,0.342,0.081,0.181,0.1,0.073,0.227,0.154,0.076,0.163,0.087,0.102,0.12,0.018,0.091,0.82,0.729,0.093,0.466,0.373,0.089,0.223,0.134,0.091,0.145,0.054,0.081,0.374,0.293,0.084,0.117,0.033,0.128,0.259,0.131,0.115,0.267,0.152,0.091,0.284,0.193,0.086,0.143,0.057,0.106,0.624,0.518,0.104,0.15,0.046,0.099,0.354,0.255,0.078,0.382,0.304,0.13,0.231,0.101,0.096,0.127,0.031,0.116,0.06,-0.056,0.11,0.545,0.435,0.086
0.078,0.168,0.09,0.096,0.389,0.293,0.092,0.182,0.09,0.083,0.235,0.152,0.081,0.181,0.1,0.099,0.135,0.036,0.094,0.745,0.651,0.091,0.555,0.464,0.086,0.317,0.231,0.086,0.179,0.093,0.076,0.263,0.187,0.078,0.155,0.077,0.128,0.237,0.109,0.101,0.263,0.162,0.079,0.763,0.684,0.089,0.233,0.144,0.096,1.396,1.3,0.11,0.176,0.066,0.091,0.323,0.232,0.076,0.4,0.324,0.117,0.269,0.152,0.089,0.106,0.017,0.126,0.074,-0.052,0.107,0.807,0.7,0.079
0.07,0.232,0.162,0.107,0.434,0.327,0.086,0.178,0.092,0.084,0.233,0.149,0.083,0.402,0.319,0.084,0.161,0.077,0.096,1.425,1.329,0.114,0.16,0.046,0.087,0.161,0.074,0.115,0.169,0.054,0.084,0.256,0.172,0.083,0.101,0.018,0.136,0.259,0.123,0.102,0.272,0.17,0.091,0.711,0.62,0.092,0.169,0.077,0.138,1.137,0.999,0.096,0.158,0.062,0.088,0.549,0.461,0.078,0.39,0.312,0.117,0.323,0.206,0.117,0.182,0.065,0.099,0.044,-0.055,0.118,0.728,0.61,0.078
0.07,0.299,0.229,0.083,0.479,0.396,0.087,0.187,0.1,0.081,0.204,0.123,0.078,0.132,0.054,0.065,0.109,0.044,0.102,0.858,0.756,0.1,0.39,0.29,0.084,0.161,0.077,0.094,0.166,0.072,0.068,0.255,0.187,0.084,0.282,0.198,0.136,0.267,0.131,0.083,0.31,0.227,0.08,0.657,0.577,0.086,0.202,0.116,0.104,0.595,0.491,0.094,0.161,0.067,0.091,0.694,0.603,0.08,0.353,0.273,0.123,0.249,0.126,0.096,0.122,0.026,0.137,0.076,-0.061,0.1,0.748,0.648,0.078
0.08,0.379,0.299,0.086,0.374,0.288,0.092,0.212,0.12,0.086,0.251,0.165,0.086,0.158,0.072,0.094,0.112,0.018,0.096,0.553,0.457,0.103,0.404,0.301,0.084,0.12,0.036,0.101,0.181,0.08,0.076,0.258,0.182,0.084,0.148,0.064,0.125,0.241,0.116,0.104,0.23,0.126,0.079,0.434,0.355,0.072,0.157,0.085,0.102,0.347,0.245,0.091,0.176,0.085,0.081,0.572,0.491,0.075,0.392,0.317,0.11,0.305,0.195,0.099,0.117,0.018,0.123,0.073,-0.05,0.097,0.566,0.469,0.083
0.065,0.162,0.097,0.081,0.423,0.342,0.089,0.184,0.095,0.078,0.202,0.124,0.083,0.147,0.064,0.066,0.104,0.038,0.094,0.534,0.44,0.091,0.374,0.283,0.089,0.164,0.075,0.104,0.142,0.038,0.076,0.264,0.188,0.096,0.248,0.152,0.136,0.264,0.128,0.1,0.269,0.169,0.086,0.346,0.26,0.076,0.15,0.074,0.099,0.434,0.335,0.097,0.143,0.046,0.088,0.575,0.487,0.081,0.284,0.203,0.115,0.274,0.159,0.112,0.146,0.034,0.125,0.078,-0.047,0.097,0.57,0.473,0.073
0.086,1.236,1.15,0.159,0.26,0.101,0.122,0.161,0.039,0.086,0.256,0.17,0.086,0.163,0.077,0.117,0.776,0.659,0.136,0.689,0.553,0.128,0.321,0.193,0.091,0.12,0.029,0.099,0.194,0.095,0.073,0.273,0.2,0.079,0.12,0.041,0.125,0.248,0.123,0.084,0.205,0.121,0.081,0.322,0.241,0.076,0.138,0.062,0.093,0.238,0.145,0.096,0.214,0.118,0.087,0.321,0.234,0.083,0.423,0.34,0.125,0.228,0.103,0.078,0.096,0.018,0.113,0.076,-0.037,0.089,0.598,0.509,0.078
0.077,0.221,0.144,0.084,0.411,0.327,0.086,0.181,0.095,0.076,0.194,0.118,0.073,0.158,0.085,0.07,0.111,0.041,0.081,0.415,0.334,0.105,0.401,0.296,0.078,0.119,0.041,0.086,0.274,0.188,0.076,0.255,0.179,0.084,0.115,0.031,0.122,0.233,0.111,0.097,0.274,0.177,0.078,0.304,0.226,0.076,0.135,0.059,0.105,0.509,0.404,0.109,0.143,0.034,0.088,0.302,0.214,0.068,0.374,0.306,0.133,0.256,0.123,0.086,0.109,0.023,0.113,0.071,-0.042,0.094,0.521,0.427,0.065
0.078,0.196,0.118,0.094,0.359,0.265,0.089,0.176,0.087,0.076,0.217,0.141,0.076,0.173,0.097,0.076,0.133,0.057,0.096,1.159,1.063,0.102,0.377,0.275,0.081,0.163,0.082,0.084,0.207,0.123,0.068,0.263,0.195,0.074,0.125,0.051,0.12,0.238,0.118,0.089,0.184,0.095,0.083,0.382,0.299,0.094,0.158,0.064,0.102,0.871,0.769,0.136,0.156,0.02,0.092,0.429,0.337,0.078,0.384,0.306,0.118,0.334,0.216,0.102,0.122,0.02,0.126,0.084,-0.042,0.081,0.57,0.489,0.075
0.078,0.183,0.105,0.094,0.39,0.296,0.081,0.181,0.1,0.076,0.243,0.167,0.081,0.145,0.064,0.086,0.132,0.046,0.11,1.415,1.305,0.107,0.359,0.252,0.086,0.143,0.057,0.085,0.294,0.209,0.075,0.235,0.16,0.086,0.13,0.044,0.112,0.248,0.136,0.11,0.192,0.082,0.07,0.341,0.271,0.078,0.152,0.074,0.107,0.282,0.175,0.084,1.023,0.939,0.076,0.315,0.239,0.06,0.534,0.474,0.122,0.269,0.147,0.094,0.135,0.041,0.107,0.065,-0.042,0.084,0.503,0.419,0.074
0.078,0.299,0.221,0.091,0.372,0.281,0.083,0.186,0.103,0.073,0.248,0.175,0.083,0.15,0.067,0.094,0.128,0.034,0.096,0.881,0.785,0.107,0.349,0.242,0.081,0.119,0.038,0.086,0.179,0.093,0.073,0.279,0.206,0.075,0.124,0.049,0.117,0.364,0.247,0.102,0.236,0.134,0.073,0.299,0.226,0.073,0.14,0.067,0.099,0.524,0.425,0.096,0.153,0.057,0.075,0.235,0.16,0.062,0.374,0.312,0.12,0.261,0.141,0.097,0.143,0.046,0.131,0.073,-0.058,0.09,0.486,0.396,0.073
0.062,0.319,0.257,0.1,0.475,0.375,0.102,0.238,0.136,0.092,0.284,0.192,0.079,0.13,0.051,0.083,0.122,0.039,0.096,1.085,0.989,0.102,0.261,0.159,0.078,0.114,0.036,0.099,0.2,0.101,0.08,0.389,0.309,0.081,0.117,0.036,0.123,0.267,0.144,0.104,0.235,0.131,0.079,0.297,0.218,0.084,0.143,0.059,0.091,0.235,0.144,0.097,0.23,0.133,0.094,0.684,0.59,0.078,0.446,0.368,0.094,0.261,0.167,0.073,0.091,0.018,0.054,2.61,2.556,0.065,0.843,0.778,0.081
0.08,0.358,0.278,0.097,0.501,0.404,0.091,0.5,0.409,0.092,0.405,0.313,0.092,0.153,0.061,0.079,0.125,0.046,0.104,1.71,1.606,0.113,0.352,0.239,0.088,0.153,0.065,0.081,0.155,0.074,0.081,0.302,0.221,0.084,0.12,0.036,0.135,0.635,0.5,0.096,0.155,0.059,0.076,0.464,0.388,0.084,0.163,0.079,0.097,0.787,0.69,0.107,0.186,0.079,0.094,0.591,0.497,0.081,0.413,0.332,0.128,0.377,0.249,0.11,0.138,0.028,0.121,0.073,-0.048,0.102,0.954,0.852,0.084
0.091,0.248,0.157,0.088,0.595,0.507,0.092,0.313,0.221,0.081,0.251,0.17,0.088,0.15,0.062,0.094,0.117,0.023,0.104,1.319,1.215,0.105,0.295,0.19,0.088,0.137,0.049,0.102,0.205,0.103,0.083,0.287,0.204,0.091,0.294,0.203,0.154,0.437,0.283,0.089,0.313,0.224,0.086,0.376,0.29,0.094,0.138,0.044,0.112,0.89,0.778,0.099,0.168,0.069,0.086,0.642,0.556,0.078,0.722,0.644,0.122,0.323,0.201,0.099,0.117,0.018,0.131,0.079,-0.052,0.11,0.676,0.566,0.094
0.091,0.348,0.257,0.084,0.415,0.331,0.087,0.197,0.11,0.084,0.223,0.139,0.08,0.142,0.062,0.075,0.096,0.021,0.097,0.483,0.386,0.109,0.33,0.221,0.079,0.14,0.061,0.107,0.177,0.07,0.08,0.273,0.193,0.084,0.153,0.069,0.128,0.262,0.134,0.125,0.298,0.173,0.086,0.245,0.159,0.078,0.145,0.067,0.11,0.83,0.72,0.11,0.146,0.036,0.096,0.464,0.368,0.081,0.688,0.607,0.128,0.342,0.214,0.104,0.14,0.036,0.113,0.06,-0.053,0.105,0.664,0.559,0.081
0.114,0.158,0.044,0.104,0.359,0.255,0.097,0.189,0.092,0.079,0.22,0.141,0.083,0.163,0.08,0.1,0.104,0.004,0.094,1.971,1.877,0.107,0.366,0.259,0.087,0.13,0.043,0.1,0.354,0.254,0.078,0.23,0.152,0.086,0.132,0.046,0.126,0.313,0.187,0.113,0.18,0.067,0.078,0.33,0.252,0.076,0.15,0.074,0.102,0.647,0.545,0.097,0.195,0.098,0.088,0.392,0.304,0.063,0.345,0.282,0.11,0.264,0.154,0.094,0.122,0.028,0.108,0.066,-0.042,0.094,0.522,0.428,0.08
0.091,0.343,0.252,0.081,0.372,0.291,0.088,0.196,0.108,0.081,0.215,0.134,0.076,0.155,0.079,0.084,0.114,0.03,0.092,0.578,0.486,0.107,0.331,0.224,0.081,0.129,0.048,0.105,0.174,0.069,0.076,0.331,0.255,0.078,0.124,0.046,0.125,0.339,0.214,0.112,0.223,0.111,0.08,0.338,0.258,0.081,0.142,0.061,0.099,0.591,0.492,0.094,0.15,0.056,0.092,0.388,0.296,0.07,0.41,0.34,0.107,0.307,0.2,0.11,0.128,0.018,0.107,0.062,-0.045,0.105,0.509,0.404,0.086
0.07,0.319,0.249,0.092,0.349,0.257,0.086,0.207,0.121,0.068,0.217,0.149,0.075,0.132,0.057,0.06,0.106,0.046,0.091,0.663,0.572,0.104,0.382,0.278,0.089,0.117,0.028,0.099,0.158,0.059,0.068,0.274,0.206,0.078,0.139,0.061,0.12,0.262,0.142,0.099,0.241,0.142,0.078,0.557,0.479,0.088,0.17,0.082,0.102,0.601,0.499,0.097,0.164,0.067,0.089,0.408,0.319,0.073,0.384,0.311,0.136,0.37,0.234,0.107,0.125,0.018,0.126,0.081,-0.045,0.078,0.719,0.641,0.092
0.096,0.276,0.18,0.091,0.387,0.296,0.094,0.182,0.088,0.08,0.196,0.116,0.083,0.145,0.062,0.084,0.102,0.018,0.094,0.732,0.638,0.099,0.346,0.247,0.091,0.181,0.09,0.091,0.151,0.06,0.083,0.394,0.311,0.086,0.104,0.018,0.128,0.324,0.196,0.086,0.243,0.157,0.081,0.438,0.357,0.092,0.161,0.069,0.099,0.583,0.484,0.089,0.15,0.061,0.086,0.318,0.232,0.078,0.41,0.332,0.115,0.269,0.154,0.105,0.13,0.025,0.123,0.073,-0.05,0.097,0.468,0.371,0.076
0.091,0.693,0.602,0.089,0.377,0.288,0.099,0.194,0.095,0.084,0.217,0.133,0.079,0.161,0.082,0.065,0.111,0.046,0.099,0.81,0.711,0.094,0.274,0.18,0.083,0.166,0.083,0.096,0.297,0.201,0.088,0.25,0.162,0.094,0.143,0.049,0.107,0.483,0.376,0.078,0.135,0.057,0.078,0.85,0.772,0.075,0.122,0.047,0.117,2.411,2.294,0.117,0.222,0.105,0.1,0.282,0.182,0.089,0.738,0.649,0.13,0.308,0.178,0.114,0.132,0.018,0.121,0.068,-0.053,0.103,0.55,0.447,0.089
0.091,0.261,0.17,0.094,0.4,0.306,0.102,0.189,0.087,0.089,0.284,0.195,0.089,0.14,0.051,0.081,0.143,0.062,0.102,0.48,0.378,0.109,0.336,0.227,0.091,0.153,0.062,0.102,0.177,0.075,0.075,0.286,0.211,0.089,0.171,0.082,0.138,0.396,0.258,0.117,0.207,0.09,0.086,0.467,0.381,0.091,0.189,0.098,0.112,0.496,0.384,0.081,0.183,0.102,0.092,0.372,0.28,0.076,0.467,0.391,0.128,0.262,0.134,0.106,0.14,0.034,0.126,0.07,-0.056,0.095,0.53,0.435,0.06
0.075,0.379,0.304,0.083,0.48,0.397,0.088,0.201,0.113,0.081,0.292,0.211,0.078,0.277,0.199,0.08,0.155,0.075,0.094,1.337,1.243,0.115,0.349,0.234,0.081,0.14,0.059,0.099,0.207,0.108,0.083,0.356,0.273,0.084,0.107,0.023,0.13,0.31,0.18,0.094,0.192,0.098,0.073,0.366,0.293,0.07,0.137,0.067,0.097,0.55,0.453,0.099,0.15,0.051,0.094,0.383,0.289,0.072,0.389,0.317,0.133,0.272,0.139,0.089,0.119,0.03,0.121,0.06,-0.061,0.103,0.536,0.433,0.072
0.08,0.307,0.227,0.099,0.377,0.278,0.091,0.181,0.09,0.086,0.215,0.129,0.073,0.158,0.085,0.062,0.105,0.043,0.095,0.432,0.337,0.115,0.41,0.295,0.086,0.164,0.078,0.096,0.173,0.077,0.081,0.346,0.265,0.086,0.107,0.021,0.135,0.256,0.121,0.107,0.218,0.111,0.083,0.395,0.312,0.075,0.147,0.072,0.094,0.563,0.469,0.088,0.134,0.046,0.086,0.398,0.312,0.07,0.392,0.322,0.117,0.282,0.165,0.123,0.156,0.033,0.118,0.073,-0.045,0.087,0.635,0.548,0.091
